-- MySQL dump 10.13  Distrib 5.6.28, for debian-linux-gnu (x86_64)
--
-- Host: localhost    Database: spark
-- ------------------------------------------------------
-- Server version	5.6.28-1

/*!40101 SET @OLD_CHARACTER_SET_CLIENT=@@CHARACTER_SET_CLIENT */;
/*!40101 SET @OLD_CHARACTER_SET_RESULTS=@@CHARACTER_SET_RESULTS */;
/*!40101 SET @OLD_COLLATION_CONNECTION=@@COLLATION_CONNECTION */;
/*!40101 SET NAMES utf8 */;
/*!40103 SET @OLD_TIME_ZONE=@@TIME_ZONE */;
/*!40103 SET TIME_ZONE='+00:00' */;
/*!40014 SET @OLD_UNIQUE_CHECKS=@@UNIQUE_CHECKS, UNIQUE_CHECKS=0 */;
/*!40014 SET @OLD_FOREIGN_KEY_CHECKS=@@FOREIGN_KEY_CHECKS, FOREIGN_KEY_CHECKS=0 */;
/*!40101 SET @OLD_SQL_MODE=@@SQL_MODE, SQL_MODE='NO_AUTO_VALUE_ON_ZERO' */;
/*!40111 SET @OLD_SQL_NOTES=@@SQL_NOTES, SQL_NOTES=0 */;

--
-- Table structure for table `auditories`
--

DROP TABLE IF EXISTS `auditories`;
/*!40101 SET @saved_cs_client     = @@character_set_client */;
/*!40101 SET character_set_client = utf8 */;
CREATE TABLE `auditories` (
  `id` int(11) NOT NULL AUTO_INCREMENT,
  `number` int(10) unsigned NOT NULL,
  PRIMARY KEY (`id`)
) ENGINE=InnoDB AUTO_INCREMENT=23 DEFAULT CHARSET=utf8 COLLATE=utf8_unicode_ci;
/*!40101 SET character_set_client = @saved_cs_client */;

--
-- Dumping data for table `auditories`
--

LOCK TABLES `auditories` WRITE;
/*!40000 ALTER TABLE `auditories` DISABLE KEYS */;
INSERT INTO `auditories` VALUES (1,1),(2,2),(3,3),(4,12),(5,32),(6,15),(7,16),(8,22),(9,18),(10,9),(11,13),(12,11),(13,101),(14,43),(15,34),(16,5),(17,19),(18,23),(19,33),(20,8),(21,6),(22,14);
/*!40000 ALTER TABLE `auditories` ENABLE KEYS */;
UNLOCK TABLES;

--
-- Table structure for table `auth_group`
--

DROP TABLE IF EXISTS `auth_group`;
/*!40101 SET @saved_cs_client     = @@character_set_client */;
/*!40101 SET character_set_client = utf8 */;
CREATE TABLE `auth_group` (
  `id` int(11) NOT NULL AUTO_INCREMENT,
  `name` varchar(80) COLLATE utf8_unicode_ci NOT NULL,
  PRIMARY KEY (`id`),
  UNIQUE KEY `name` (`name`)
) ENGINE=InnoDB AUTO_INCREMENT=3 DEFAULT CHARSET=utf8 COLLATE=utf8_unicode_ci;
/*!40101 SET character_set_client = @saved_cs_client */;

--
-- Dumping data for table `auth_group`
--

LOCK TABLES `auth_group` WRITE;
/*!40000 ALTER TABLE `auth_group` DISABLE KEYS */;
INSERT INTO `auth_group` VALUES (1,'students'),(2,'tutors');
/*!40000 ALTER TABLE `auth_group` ENABLE KEYS */;
UNLOCK TABLES;

--
-- Table structure for table `auth_group_permissions`
--

DROP TABLE IF EXISTS `auth_group_permissions`;
/*!40101 SET @saved_cs_client     = @@character_set_client */;
/*!40101 SET character_set_client = utf8 */;
CREATE TABLE `auth_group_permissions` (
  `id` int(11) NOT NULL AUTO_INCREMENT,
  `group_id` int(11) NOT NULL,
  `permission_id` int(11) NOT NULL,
  PRIMARY KEY (`id`),
  UNIQUE KEY `group_id` (`group_id`,`permission_id`),
  KEY `auth_group__permission_id_45f1ced3212351a2_fk_auth_permission_id` (`permission_id`),
  CONSTRAINT `auth_group__permission_id_45f1ced3212351a2_fk_auth_permission_id` FOREIGN KEY (`permission_id`) REFERENCES `auth_permission` (`id`),
  CONSTRAINT `auth_group_permission_group_id_2773e581295474f2_fk_auth_group_id` FOREIGN KEY (`group_id`) REFERENCES `auth_group` (`id`)
) ENGINE=InnoDB DEFAULT CHARSET=utf8 COLLATE=utf8_unicode_ci;
/*!40101 SET character_set_client = @saved_cs_client */;

--
-- Dumping data for table `auth_group_permissions`
--

LOCK TABLES `auth_group_permissions` WRITE;
/*!40000 ALTER TABLE `auth_group_permissions` DISABLE KEYS */;
/*!40000 ALTER TABLE `auth_group_permissions` ENABLE KEYS */;
UNLOCK TABLES;

--
-- Table structure for table `auth_permission`
--

DROP TABLE IF EXISTS `auth_permission`;
/*!40101 SET @saved_cs_client     = @@character_set_client */;
/*!40101 SET character_set_client = utf8 */;
CREATE TABLE `auth_permission` (
  `id` int(11) NOT NULL AUTO_INCREMENT,
  `name` varchar(255) COLLATE utf8_unicode_ci NOT NULL,
  `content_type_id` int(11) NOT NULL,
  `codename` varchar(100) COLLATE utf8_unicode_ci NOT NULL,
  PRIMARY KEY (`id`),
  UNIQUE KEY `content_type_id` (`content_type_id`,`codename`),
  CONSTRAINT `auth__content_type_id_3c155ead69a12a4c_fk_django_content_type_id` FOREIGN KEY (`content_type_id`) REFERENCES `django_content_type` (`id`)
) ENGINE=InnoDB AUTO_INCREMENT=100 DEFAULT CHARSET=utf8 COLLATE=utf8_unicode_ci;
/*!40101 SET character_set_client = @saved_cs_client */;

--
-- Dumping data for table `auth_permission`
--

LOCK TABLES `auth_permission` WRITE;
/*!40000 ALTER TABLE `auth_permission` DISABLE KEYS */;
INSERT INTO `auth_permission` VALUES (1,'Can add permission',1,'add_permission'),(2,'Can change permission',1,'change_permission'),(3,'Can delete permission',1,'delete_permission'),(4,'Can add group',2,'add_group'),(5,'Can change group',2,'change_group'),(6,'Can delete group',2,'delete_group'),(7,'Can add user',3,'add_user'),(8,'Can change user',3,'change_user'),(9,'Can delete user',3,'delete_user'),(10,'Can add content type',4,'add_contenttype'),(11,'Can change content type',4,'change_contenttype'),(12,'Can delete content type',4,'delete_contenttype'),(13,'Can add session',5,'add_session'),(14,'Can change session',5,'change_session'),(15,'Can delete session',5,'delete_session'),(16,'Can add log entry',6,'add_logentry'),(17,'Can change log entry',6,'change_logentry'),(18,'Can delete log entry',6,'delete_logentry'),(19,'Can add Пользователь',7,'add_account'),(20,'Can change Пользователь',7,'change_account'),(21,'Can delete Пользователь',7,'delete_account'),(22,'Can add social user',8,'add_socialuser'),(23,'Can change social user',8,'change_socialuser'),(24,'Can delete social user',8,'delete_socialuser'),(25,'Can add auditory',9,'add_auditory'),(26,'Can change auditory',9,'change_auditory'),(27,'Can delete auditory',9,'delete_auditory'),(28,'Can add course',10,'add_course'),(29,'Can change course',10,'change_course'),(30,'Can delete course',10,'delete_course'),(31,'Can add speciality',11,'add_speciality'),(32,'Can change speciality',11,'change_speciality'),(33,'Can delete speciality',11,'delete_speciality'),(34,'Can add Дисциплины',12,'add_discipline'),(35,'Can change Дисциплины',12,'change_discipline'),(36,'Can delete Дисциплины',12,'delete_discipline'),(37,'Can add banned period discipline',13,'add_bannedperioddiscipline'),(38,'Can change banned period discipline',13,'change_bannedperioddiscipline'),(39,'Can delete banned period discipline',13,'delete_bannedperioddiscipline'),(61,'Can add lesson',21,'add_lesson'),(62,'Can change lesson',21,'change_lesson'),(63,'Can delete lesson',21,'delete_lesson'),(64,'Can add day',22,'add_day'),(65,'Can change day',22,'change_day'),(66,'Can delete day',22,'delete_day'),(70,'Can add pair',25,'add_pair'),(71,'Can change pair',25,'change_pair'),(72,'Can delete pair',25,'delete_pair'),(73,'Can add Студенческая группа',26,'add_studygroup'),(74,'Can change Студенческая группа',26,'change_studygroup'),(75,'Can delete Студенческая группа',26,'delete_studygroup'),(76,'Can add ignored day',27,'add_ignoredday'),(77,'Can change ignored day',27,'change_ignoredday'),(78,'Can delete ignored day',27,'delete_ignoredday'),(79,'Can add study day',28,'add_studyday'),(80,'Can change study day',28,'change_studyday'),(81,'Can delete study day',28,'delete_studyday'),(82,'Can add banned day',29,'add_bannedday'),(83,'Can change banned day',29,'change_bannedday'),(84,'Can delete banned day',29,'delete_bannedday'),(85,'Can add Расписание',30,'add_timetable'),(86,'Can change Расписание',30,'change_timetable'),(87,'Can delete Расписание',30,'delete_timetable'),(88,'Can add Преподователи',31,'add_tutor'),(89,'Can change Преподователи',31,'change_tutor'),(90,'Can delete Преподователи',31,'delete_tutor'),(91,'Can add token',24,'add_token'),(92,'Can change token',24,'change_token'),(93,'Can delete token',24,'delete_token'),(94,'Can add Студент',32,'add_student'),(95,'Can change Студент',32,'change_student'),(96,'Can delete Студент',32,'delete_student'),(97,'Can add study group',33,'add_studygroup'),(98,'Can change study group',33,'change_studygroup'),(99,'Can delete study group',33,'delete_studygroup');
/*!40000 ALTER TABLE `auth_permission` ENABLE KEYS */;
UNLOCK TABLES;

--
-- Table structure for table `auth_user`
--

DROP TABLE IF EXISTS `auth_user`;
/*!40101 SET @saved_cs_client     = @@character_set_client */;
/*!40101 SET character_set_client = utf8 */;
CREATE TABLE `auth_user` (
  `id` int(11) NOT NULL AUTO_INCREMENT,
  `password` varchar(128) COLLATE utf8_unicode_ci NOT NULL,
  `last_login` datetime(6) DEFAULT NULL,
  `is_superuser` tinyint(1) NOT NULL,
  `username` varchar(30) COLLATE utf8_unicode_ci NOT NULL,
  `first_name` varchar(30) COLLATE utf8_unicode_ci NOT NULL,
  `last_name` varchar(30) COLLATE utf8_unicode_ci NOT NULL,
  `email` varchar(254) COLLATE utf8_unicode_ci NOT NULL,
  `is_staff` tinyint(1) NOT NULL,
  `is_active` tinyint(1) NOT NULL,
  `date_joined` datetime(6) NOT NULL,
  PRIMARY KEY (`id`),
  UNIQUE KEY `username` (`username`)
) ENGINE=InnoDB AUTO_INCREMENT=281 DEFAULT CHARSET=utf8 COLLATE=utf8_unicode_ci;
/*!40101 SET character_set_client = @saved_cs_client */;

--
-- Dumping data for table `auth_user`
--

LOCK TABLES `auth_user` WRITE;
/*!40000 ALTER TABLE `auth_user` DISABLE KEYS */;
INSERT INTO `auth_user` VALUES (7,'pbkdf2_sha256$24000$a2D0ivA2jjVv$NrRt6S3AYAChNuCmBcNzV2oEeG0m1FxVBfh2BVfNhvA=','2016-06-14 18:45:14.930391',1,'user','','','',1,1,'2015-11-08 14:30:40.784633'),(186,'pbkdf2_sha256$20000$fenvISAxDQLr$ucOldTkkbI7TQHbdmv/BRaQF/iQvEa0z/i6I1Fo2FZs=',NULL,0,'schedule','','','',0,1,'2015-12-07 15:56:31.000000'),(203,'',NULL,0,'Олег Симов','Олег','Симов','',0,1,'2015-12-24 15:31:04.474636'),(209,'',NULL,0,'сячам ячмся','сячам','ячмся','',0,1,'2016-01-08 15:17:58.106206'),(217,'',NULL,0,'йцамва цавмаавмыxx','йцамва','цавмаавмыxx','',0,1,'2016-01-08 16:47:00.874807'),(223,'',NULL,0,'Олег Югайнов','Олег','Югайнов','',0,1,'2016-01-09 11:35:13.610315'),(224,'pbkdf2_sha256$24000$lIdnjz2DNNiG$/g2qk4+mvN22+18ZpuvefFRyj+PnSPa6r3cUcHNThz8=',NULL,0,'Кхмеров Олег','Олег','Кхмеров','',0,1,'2016-01-09 11:36:39.745396'),(227,'pbkdf2_sha256$24000$g21h1HHFaTBV$zb7P3U7HvvJjh25Ix1NUrwPSp6nS3SCTlXcrPdZhLHo=',NULL,0,'Петров Петр','Петр','Петров','',0,1,'2016-01-10 07:57:29.234002'),(228,'pbkdf2_sha256$24000$xgoLEiI65qt9$GH99jVniATueUcc7DzK/EuzjJaF7kXlaCEYzj+/IYiU=','2016-01-16 04:36:24.699872',0,'Сидоров Сидр','Сидр','Сидоров','xxx@xxx.xxx',0,1,'2016-01-10 09:57:40.417272'),(229,'',NULL,0,'йцуайайца уауауа','йцуайайца','уауауа','',0,1,'2016-02-12 10:19:58.272251'),(230,'pbkdf2_sha256$24000$CDKYHYQfPjVm$3oK9G1pxr358DT28Mclw1PJgKvart60XkUvnLtqLMAQ=',NULL,0,'Симонов  Олег','Олег','Симонов ','ss@sss.ru',0,1,'2016-02-12 10:31:43.253534'),(231,'',NULL,0,'Иван Кузьменко','Иван','Кузьменко','',0,1,'2016-02-22 09:41:31.747888'),(232,'',NULL,0,'Олег Ефросенко','Олег','Ефросенко','',0,1,'2016-02-22 09:42:15.691978'),(233,'',NULL,0,'Андрей Симонов','Андрей','Симонов','',0,1,'2016-02-22 09:42:38.999017'),(234,'',NULL,0,'Карл Алиготов','Карл','Алиготов','',0,1,'2016-02-22 09:43:33.711244'),(235,'',NULL,0,'Ольга Коновалова','Ольга','Коновалова','',0,1,'2016-02-22 09:44:18.288634'),(236,'pbkdf2_sha256$24000$0XKhFXOO7l6b$dFNuB7zZWGeJc4G4SSAiQAj0B2y6MKGGn5g0dWksRfc=','2016-06-14 18:10:43.651170',0,'Максим Костромин','Максим','Костромин','',0,1,'2016-02-22 09:44:49.239331'),(237,'',NULL,0,'Наталья Сычева','Наталья','Сычева','',0,1,'2016-02-22 09:45:33.036235'),(238,'',NULL,0,'Денис Симаков','Денис','Симаков','',0,1,'2016-02-22 09:46:19.017360'),(239,'',NULL,0,'Максим Шварц','Максим','Шварц','',0,1,'2016-02-22 09:47:20.436540'),(240,'',NULL,0,'Максим Петренко','Максим','Петренко','',0,1,'2016-03-06 05:20:56.142979'),(241,'',NULL,0,'Олег Сидоров','Олег','Сидоров','',0,1,'2016-03-06 05:22:31.068598'),(242,'',NULL,0,'Александр Рогачёв','Александр','Рогачёв','',0,1,'2016-03-06 05:22:56.646649'),(243,'',NULL,0,'Николай Валуев','Николай','Валуев','',0,1,'2016-03-06 05:24:55.281494'),(244,'',NULL,0,'Олег Симонов','Олег','Симонов','',0,1,'2016-03-06 05:25:15.545348'),(245,'',NULL,0,'Мария Коновалова','Мария','Коновалова','',0,1,'2016-03-06 05:25:52.768961'),(248,'',NULL,0,'Виктор Шварц','Виктор','Шварц','',0,1,'2016-03-06 05:29:52.640442'),(249,'',NULL,0,'Пётр Сухоруков','Пётр','Сухоруков','',0,1,'2016-03-06 05:30:28.687177'),(250,'',NULL,0,'Олег Маценко','Олег','Маценко','',0,1,'2016-03-06 05:32:45.066896'),(251,'',NULL,0,'Анатолий Симаков','Анатолий','Симаков','',0,1,'2016-03-06 05:33:26.088736'),(252,'',NULL,0,'Константин Озеров','Константин','Озеров','',0,1,'2016-03-06 05:33:54.685659'),(253,'',NULL,0,'Мария Сидорова','Мария','Сидорова','',0,1,'2016-03-06 05:34:20.230688'),(254,'',NULL,0,'Анатолий Кузьменко','Анатолий','Кузьменко','',0,1,'2016-03-06 05:34:37.458028'),(255,'',NULL,0,'Игорь Сухоруков','Игорь','Сухоруков','',0,1,'2016-03-06 05:35:00.084405'),(256,'',NULL,0,'Андрей Сидоров','Андрей','Сидоров','',0,1,'2016-03-06 05:35:22.344921'),(257,'',NULL,0,'Дмитрий Шварц','Дмитрий','Шварц','',0,1,'2016-03-06 05:36:10.436503'),(258,'',NULL,0,'Зоя Петренко','Зоя','Петренко','',0,1,'2016-03-06 05:36:29.998419'),(259,'',NULL,0,'Эльдар Насипов','Эльдар','Насипов','',0,1,'2016-03-06 05:36:54.559332'),(260,'',NULL,0,'Андрей Торосов','Андрей','Торосов','',0,1,'2016-03-06 05:37:30.608827'),(261,'',NULL,0,'Игорь Шварц','Игорь','Шварц','',0,1,'2016-03-06 05:37:57.217265'),(262,'',NULL,0,'Василий Клосс','Василий','Клосс','',0,1,'2016-03-06 05:38:58.458483'),(265,'',NULL,0,'Анастасия Коновалова','Анастасия','Коновалова','',0,1,'2016-03-06 05:39:56.050452'),(266,'pbkdf2_sha256$24000$Bn6HjqKPnsYn$1UAMjD1Kq13AhhYVX3T4Owqu8Uk+HBcXXWvCgDUq66M=','2016-06-14 18:40:42.310306',0,'Виталий','Виталий','Сотников','',0,1,'2016-05-08 07:49:21.000000'),(267,'pbkdf2_sha256$24000$EGzqkt35k0Eb$8zX9PeBNDIAHZThDOPmuVrLjY7+Bcrb6QhzUqbt9WME=',NULL,0,'Ivan_Ivanov','Иван','Иванов','',0,1,'2016-05-08 08:48:13.000000'),(268,'pbkdf2_sha256$24000$4DWnBgu5Pvk7$pumMlhXkYlnJcUQrbFsgDNOxzZs67n/f2Skba0IRHs0=',NULL,0,'Иванов Иван','Иван','Иванов','',0,1,'2016-05-08 08:49:29.538494'),(269,'pbkdf2_sha256$24000$bcTlk2oLJGOZ$PY+ZRgexv7+huBbDql3YMkXnuoJWH30Qc7M5Xy92jY4=','2016-05-08 09:13:53.655900',0,'Таранов Иван','Иван','Таранов','taranov@example.com',0,1,'2016-05-08 08:54:16.492152'),(270,'',NULL,0,'Олег Пименов','Олег','Пименов','',0,1,'2016-06-15 13:46:12.078010'),(273,'',NULL,0,'Олег Кузьменко','Олег','Кузьменко','',0,1,'2016-06-15 13:47:13.031165'),(274,'',NULL,0,'Ольга Коренко','Ольга','Коренко','',0,1,'2016-06-15 13:47:36.543559'),(275,'',NULL,0,'Карл Костромин','Карл','Костромин','',0,1,'2016-06-15 13:48:08.331320'),(276,'',NULL,0,'Максим Куклинов','Максим','Куклинов','',0,1,'2016-06-15 14:28:20.035648'),(277,'',NULL,0,'Дмитрий Русинов','Дмитрий','Русинов','',0,1,'2016-06-15 14:30:20.904239'),(278,'',NULL,0,'Фёдор Краснов','Фёдор','Краснов','',0,1,'2016-06-15 14:32:31.722304'),(279,'',NULL,0,'Ольга Куриленко','Ольга','Куриленко','',0,1,'2016-06-15 14:33:00.346394'),(280,'',NULL,0,'Зоя Коновалова','Зоя','Коновалова','',0,1,'2016-06-15 14:34:45.781534');
/*!40000 ALTER TABLE `auth_user` ENABLE KEYS */;
UNLOCK TABLES;

--
-- Table structure for table `auth_user_groups`
--

DROP TABLE IF EXISTS `auth_user_groups`;
/*!40101 SET @saved_cs_client     = @@character_set_client */;
/*!40101 SET character_set_client = utf8 */;
CREATE TABLE `auth_user_groups` (
  `id` int(11) NOT NULL AUTO_INCREMENT,
  `user_id` int(11) NOT NULL,
  `group_id` int(11) NOT NULL,
  PRIMARY KEY (`id`),
  UNIQUE KEY `user_id` (`user_id`,`group_id`),
  KEY `auth_user_groups_group_id_7b5800753ce08501_fk_auth_group_id` (`group_id`),
  CONSTRAINT `auth_user_groups_group_id_7b5800753ce08501_fk_auth_group_id` FOREIGN KEY (`group_id`) REFERENCES `auth_group` (`id`),
  CONSTRAINT `auth_user_groups_user_id_11eba963a6e2db22_fk_auth_user_id` FOREIGN KEY (`user_id`) REFERENCES `auth_user` (`id`)
) ENGINE=InnoDB AUTO_INCREMENT=90 DEFAULT CHARSET=utf8 COLLATE=utf8_unicode_ci;
/*!40101 SET character_set_client = @saved_cs_client */;

--
-- Dumping data for table `auth_user_groups`
--

LOCK TABLES `auth_user_groups` WRITE;
/*!40000 ALTER TABLE `auth_user_groups` DISABLE KEYS */;
INSERT INTO `auth_user_groups` VALUES (17,203,2),(22,209,1),(30,217,2),(38,223,2),(39,224,2),(42,227,2),(43,228,1),(44,229,2),(45,230,1),(46,231,2),(47,232,2),(48,233,2),(49,234,2),(50,235,2),(51,236,2),(52,237,2),(53,238,2),(54,239,2),(55,240,2),(56,241,2),(57,242,2),(58,243,2),(59,244,2),(60,245,2),(61,248,2),(62,249,2),(63,250,2),(64,251,2),(65,252,2),(66,253,2),(67,254,2),(68,255,2),(69,256,2),(70,257,2),(71,258,2),(72,259,2),(73,260,2),(74,261,2),(75,262,2),(76,265,2),(77,266,1),(80,267,2),(78,268,2),(79,269,2),(81,270,2),(82,273,2),(83,274,2),(84,275,2),(85,276,2),(86,277,2),(87,278,2),(88,279,2),(89,280,2);
/*!40000 ALTER TABLE `auth_user_groups` ENABLE KEYS */;
UNLOCK TABLES;

--
-- Table structure for table `auth_user_user_permissions`
--

DROP TABLE IF EXISTS `auth_user_user_permissions`;
/*!40101 SET @saved_cs_client     = @@character_set_client */;
/*!40101 SET character_set_client = utf8 */;
CREATE TABLE `auth_user_user_permissions` (
  `id` int(11) NOT NULL AUTO_INCREMENT,
  `user_id` int(11) NOT NULL,
  `permission_id` int(11) NOT NULL,
  PRIMARY KEY (`id`),
  UNIQUE KEY `user_id` (`user_id`,`permission_id`),
  KEY `auth_user_u_permission_id_550e0735cccf4a20_fk_auth_permission_id` (`permission_id`),
  CONSTRAINT `auth_user_u_permission_id_550e0735cccf4a20_fk_auth_permission_id` FOREIGN KEY (`permission_id`) REFERENCES `auth_permission` (`id`),
  CONSTRAINT `auth_user_user_permissi_user_id_119ca3bf21d32e01_fk_auth_user_id` FOREIGN KEY (`user_id`) REFERENCES `auth_user` (`id`)
) ENGINE=InnoDB AUTO_INCREMENT=3 DEFAULT CHARSET=utf8 COLLATE=utf8_unicode_ci;
/*!40101 SET character_set_client = @saved_cs_client */;

--
-- Dumping data for table `auth_user_user_permissions`
--

LOCK TABLES `auth_user_user_permissions` WRITE;
/*!40000 ALTER TABLE `auth_user_user_permissions` DISABLE KEYS */;
INSERT INTO `auth_user_user_permissions` VALUES (1,186,19),(2,186,88);
/*!40000 ALTER TABLE `auth_user_user_permissions` ENABLE KEYS */;
UNLOCK TABLES;

--
-- Table structure for table `authtoken_token`
--

DROP TABLE IF EXISTS `authtoken_token`;
/*!40101 SET @saved_cs_client     = @@character_set_client */;
/*!40101 SET character_set_client = utf8 */;
CREATE TABLE `authtoken_token` (
  `key` varchar(40) COLLATE utf8_unicode_ci NOT NULL,
  `created` datetime(6) NOT NULL,
  `user_id` int(11) NOT NULL,
  PRIMARY KEY (`key`),
  UNIQUE KEY `user_id` (`user_id`),
  CONSTRAINT `authtoken_token_user_id_33122e7bbc0230d6_fk_auth_user_id` FOREIGN KEY (`user_id`) REFERENCES `auth_user` (`id`)
) ENGINE=InnoDB DEFAULT CHARSET=utf8 COLLATE=utf8_unicode_ci;
/*!40101 SET character_set_client = @saved_cs_client */;

--
-- Dumping data for table `authtoken_token`
--

LOCK TABLES `authtoken_token` WRITE;
/*!40000 ALTER TABLE `authtoken_token` DISABLE KEYS */;
INSERT INTO `authtoken_token` VALUES ('2cb39149ad82f39253b54a4f561ec6ff27185510','2015-11-18 16:53:38.157436',186);
/*!40000 ALTER TABLE `authtoken_token` ENABLE KEYS */;
UNLOCK TABLES;

--
-- Table structure for table `banned_periods_discipline`
--

DROP TABLE IF EXISTS `banned_periods_discipline`;
/*!40101 SET @saved_cs_client     = @@character_set_client */;
/*!40101 SET character_set_client = utf8 */;
CREATE TABLE `banned_periods_discipline` (
  `id` int(11) NOT NULL AUTO_INCREMENT,
  `day_id` int(11) NOT NULL,
  `discipline_id` int(11) NOT NULL,
  `pair_id` int(11) NOT NULL,
  PRIMARY KEY (`id`),
  KEY `banned_periods_discipli_day_id_2f5bf40a2622272e_fk_study_days_id` (`day_id`),
  KEY `banned_periods__discipline_id_39dedfc16f343821_fk_disciplines_id` (`discipline_id`),
  KEY `banned_periods_discipline_pair_id_6e77c063776c91a4_fk_pairs_id` (`pair_id`),
  CONSTRAINT `banned_periods__discipline_id_39dedfc16f343821_fk_disciplines_id` FOREIGN KEY (`discipline_id`) REFERENCES `disciplines` (`id`),
  CONSTRAINT `banned_periods_discipli_day_id_2f5bf40a2622272e_fk_study_days_id` FOREIGN KEY (`day_id`) REFERENCES `study_days` (`id`),
  CONSTRAINT `banned_periods_discipline_pair_id_6e77c063776c91a4_fk_pairs_id` FOREIGN KEY (`pair_id`) REFERENCES `pairs` (`id`)
) ENGINE=InnoDB AUTO_INCREMENT=5 DEFAULT CHARSET=utf8 COLLATE=utf8_unicode_ci;
/*!40101 SET character_set_client = @saved_cs_client */;

--
-- Dumping data for table `banned_periods_discipline`
--

LOCK TABLES `banned_periods_discipline` WRITE;
/*!40000 ALTER TABLE `banned_periods_discipline` DISABLE KEYS */;
INSERT INTO `banned_periods_discipline` VALUES (1,2,30,8),(2,2,35,8),(3,5,28,12),(4,1,36,8);
/*!40000 ALTER TABLE `banned_periods_discipline` ENABLE KEYS */;
UNLOCK TABLES;

--
-- Table structure for table `courses`
--

DROP TABLE IF EXISTS `courses`;
/*!40101 SET @saved_cs_client     = @@character_set_client */;
/*!40101 SET character_set_client = utf8 */;
CREATE TABLE `courses` (
  `id` int(11) NOT NULL AUTO_INCREMENT,
  `title` varchar(20) COLLATE utf8_unicode_ci DEFAULT NULL,
  PRIMARY KEY (`id`)
) ENGINE=InnoDB AUTO_INCREMENT=20 DEFAULT CHARSET=utf8 COLLATE=utf8_unicode_ci;
/*!40101 SET character_set_client = @saved_cs_client */;

--
-- Dumping data for table `courses`
--

LOCK TABLES `courses` WRITE;
/*!40000 ALTER TABLE `courses` DISABLE KEYS */;
INSERT INTO `courses` VALUES (1,'Первый курс'),(2,'Второй курс'),(3,'Первый курс'),(4,'Второй курс'),(5,'Первый курс'),(6,'Второй курс'),(7,'Третий курс'),(8,'Первый курс'),(9,'Первый курс'),(10,'Первый курс'),(11,'Первый курс'),(12,'Первый курс'),(13,'Первый курс'),(14,'Второй курс'),(15,'Второй курс'),(16,'Второй курс'),(17,'Второй курс'),(18,'Второй курс'),(19,'Второй курс');
/*!40000 ALTER TABLE `courses` ENABLE KEYS */;
UNLOCK TABLES;

--
-- Table structure for table `courses_groups`
--

DROP TABLE IF EXISTS `courses_groups`;
/*!40101 SET @saved_cs_client     = @@character_set_client */;
/*!40101 SET character_set_client = utf8 */;
CREATE TABLE `courses_groups` (
  `id` int(11) NOT NULL AUTO_INCREMENT,
  `course_id` int(11) NOT NULL,
  `studygroup_id` int(11) NOT NULL,
  PRIMARY KEY (`id`),
  UNIQUE KEY `course_id` (`course_id`,`studygroup_id`),
  KEY `courses_groups_studygroup_id_16dd96c6b0c3b117_fk_study_groups_id` (`studygroup_id`),
  CONSTRAINT `courses_groups_course_id_39bf5ec6a61d4141_fk_courses_id` FOREIGN KEY (`course_id`) REFERENCES `courses` (`id`),
  CONSTRAINT `courses_groups_studygroup_id_16dd96c6b0c3b117_fk_study_groups_id` FOREIGN KEY (`studygroup_id`) REFERENCES `study_groups` (`id`)
) ENGINE=InnoDB AUTO_INCREMENT=23 DEFAULT CHARSET=utf8 COLLATE=utf8_unicode_ci;
/*!40101 SET character_set_client = @saved_cs_client */;

--
-- Dumping data for table `courses_groups`
--

LOCK TABLES `courses_groups` WRITE;
/*!40000 ALTER TABLE `courses_groups` DISABLE KEYS */;
INSERT INTO `courses_groups` VALUES (1,1,1),(2,1,2),(3,2,3),(10,2,41),(4,3,4),(11,3,42),(5,4,5),(12,4,43),(6,5,6),(13,5,44),(7,6,7),(14,6,45),(9,7,38),(8,7,40),(15,8,1),(16,8,2),(19,9,6),(20,9,7),(17,14,3),(18,14,4),(22,15,40),(21,15,45);
/*!40000 ALTER TABLE `courses_groups` ENABLE KEYS */;
UNLOCK TABLES;

--
-- Table structure for table `days`
--

DROP TABLE IF EXISTS `days`;
/*!40101 SET @saved_cs_client     = @@character_set_client */;
/*!40101 SET character_set_client = utf8 */;
CREATE TABLE `days` (
  `id` int(11) NOT NULL AUTO_INCREMENT,
  `date` date NOT NULL,
  PRIMARY KEY (`id`)
) ENGINE=InnoDB AUTO_INCREMENT=721 DEFAULT CHARSET=utf8 COLLATE=utf8_unicode_ci;
/*!40101 SET character_set_client = @saved_cs_client */;

--
-- Dumping data for table `days`
--

LOCK TABLES `days` WRITE;
/*!40000 ALTER TABLE `days` DISABLE KEYS */;
INSERT INTO `days` VALUES (526,'2016-06-01'),(668,'2016-06-01'),(720,'2016-06-01');
/*!40000 ALTER TABLE `days` ENABLE KEYS */;
UNLOCK TABLES;

--
-- Table structure for table `days_lessons`
--

DROP TABLE IF EXISTS `days_lessons`;
/*!40101 SET @saved_cs_client     = @@character_set_client */;
/*!40101 SET character_set_client = utf8 */;
CREATE TABLE `days_lessons` (
  `id` int(11) NOT NULL AUTO_INCREMENT,
  `day_id` int(11) NOT NULL,
  `lesson_id` int(11) NOT NULL,
  PRIMARY KEY (`id`),
  UNIQUE KEY `day_id` (`day_id`,`lesson_id`),
  KEY `schedule_day_les_lesson_id_bba1f2ce9c3098e_fk_schedule_lesson_id` (`lesson_id`),
  CONSTRAINT `schedule_day_les_lesson_id_bba1f2ce9c3098e_fk_schedule_lesson_id` FOREIGN KEY (`lesson_id`) REFERENCES `lessons` (`id`),
  CONSTRAINT `schedule_day_lessons_day_id_263b5849ded8941a_fk_schedule_day_id` FOREIGN KEY (`day_id`) REFERENCES `days` (`id`)
) ENGINE=InnoDB AUTO_INCREMENT=26342 DEFAULT CHARSET=utf8 COLLATE=utf8_unicode_ci;
/*!40101 SET character_set_client = @saved_cs_client */;

--
-- Dumping data for table `days_lessons`
--

LOCK TABLES `days_lessons` WRITE;
/*!40000 ALTER TABLE `days_lessons` DISABLE KEYS */;
INSERT INTO `days_lessons` VALUES (26003,668,25990),(26004,668,25991),(26005,668,25992),(26006,668,25993),(26007,668,25994),(26008,668,25995),(26009,668,25996),(26010,668,25997),(26011,668,25998),(26012,668,25999),(26013,668,26000),(26014,668,26001),(26015,668,26002),(26016,668,26003),(26017,668,26004),(26018,668,26005),(26019,668,26006),(26020,668,26007),(26021,668,26008),(26022,668,26009),(26023,668,26010),(26024,668,26011),(26025,668,26012),(26026,668,26013),(26027,668,26014),(26028,668,26015),(26029,668,26016),(26030,668,26017),(26031,668,26018),(26032,668,26019),(26033,668,26020),(26034,668,26021),(26035,668,26022),(26036,668,26023),(26037,668,26024),(26038,668,26025),(26039,668,26026),(26040,668,26027),(26041,668,26028),(26042,668,26029),(26043,668,26030),(26044,668,26031),(26045,668,26032),(26046,668,26033),(26047,668,26034),(26048,668,26035),(26049,668,26036),(26050,668,26037),(26051,668,26038),(26052,668,26039),(26053,668,26040),(26054,668,26041),(26055,668,26042),(26056,668,26043),(26057,668,26044),(26058,668,26045),(26059,668,26046),(26060,668,26047),(26061,668,26048),(26062,668,26049),(26063,668,26050),(26064,668,26051),(26065,668,26052),(26066,668,26053),(26067,668,26054),(26068,668,26055),(26069,668,26056),(26070,668,26057),(26299,720,26285),(26300,720,26286),(26301,720,26287),(26302,720,26288),(26303,720,26289),(26304,720,26290),(26305,720,26291),(26306,720,26292),(26307,720,26293),(26308,720,26294),(26309,720,26295),(26310,720,26296),(26311,720,26297),(26312,720,26298),(26313,720,26299),(26314,720,26300),(26315,720,26301),(26316,720,26302),(26317,720,26303),(26318,720,26304),(26319,720,26305),(26320,720,26306),(26321,720,26307),(26322,720,26308),(26323,720,26309),(26324,720,26310),(26325,720,26311),(26326,720,26312),(26327,720,26313),(26328,720,26314),(26329,720,26315),(26330,720,26316),(26331,720,26317),(26332,720,26318),(26333,720,26319),(26334,720,26320),(26335,720,26321),(26336,720,26322),(26337,720,26323),(26338,720,26324),(26339,720,26325),(26340,720,26326),(26341,720,26327);
/*!40000 ALTER TABLE `days_lessons` ENABLE KEYS */;
UNLOCK TABLES;

--
-- Table structure for table `disciplines`
--

DROP TABLE IF EXISTS `disciplines`;
/*!40101 SET @saved_cs_client     = @@character_set_client */;
/*!40101 SET character_set_client = utf8 */;
CREATE TABLE `disciplines` (
  `id` int(11) NOT NULL AUTO_INCREMENT,
  `title` varchar(30) COLLATE utf8_unicode_ci DEFAULT NULL,
  `tutors` text COLLATE utf8_unicode_ci,
  PRIMARY KEY (`id`)
) ENGINE=InnoDB AUTO_INCREMENT=54 DEFAULT CHARSET=utf8 COLLATE=utf8_unicode_ci;
/*!40101 SET character_set_client = @saved_cs_client */;

--
-- Dumping data for table `disciplines`
--

LOCK TABLES `disciplines` WRITE;
/*!40000 ALTER TABLE `disciplines` DISABLE KEYS */;
INSERT INTO `disciplines` VALUES (28,'Основы социологии и политологи','[231, 234, 240, 241, 242, 243]'),(29,'Русский язык','[232, 233, 244, 245]'),(30,'Литература','[235, 249, 250]'),(31,'Математика','[236, 248, 250]'),(32,'Информатика','[237, 251, 252]'),(33,'История','[238, 265]'),(34,'Обществознание','[239, 262]'),(35,'Физика','[253, 254, 255]'),(36,'Физическая культура','[256, 257]'),(37,'Экономика','[258, 259]'),(38,'География','[260, 261]'),(39,'Химия','[270, 276]'),(40,'Физика','[273]'),(41,'Литература','[274]'),(42,'Философия','[275]'),(43,'Астрономия','[275]'),(44,'Биология','[274]'),(45,'Информатика','[276, 277]'),(46,'Политология','[279]'),(47,'Экономика',''),(48,'Русский язык','[280]'),(49,'Английский язык','[279]'),(50,'Французкий язык','[280]'),(51,'Физкультура','[278]'),(52,'Право','[270, 273]'),(53,'Математика','');
/*!40000 ALTER TABLE `disciplines` ENABLE KEYS */;
UNLOCK TABLES;

--
-- Table structure for table `disciplines_auditories`
--

DROP TABLE IF EXISTS `disciplines_auditories`;
/*!40101 SET @saved_cs_client     = @@character_set_client */;
/*!40101 SET character_set_client = utf8 */;
CREATE TABLE `disciplines_auditories` (
  `id` int(11) NOT NULL AUTO_INCREMENT,
  `discipline_id` int(11) NOT NULL,
  `auditory_id` int(11) NOT NULL,
  PRIMARY KEY (`id`),
  UNIQUE KEY `discipline_id` (`discipline_id`,`auditory_id`),
  KEY `discipline_auditory_id_453fcbb70f42bb22_fk_timetable_auditory_id` (`auditory_id`),
  CONSTRAINT `discipline_auditory_id_453fcbb70f42bb22_fk_timetable_auditory_id` FOREIGN KEY (`auditory_id`) REFERENCES `auditories` (`id`),
  CONSTRAINT `disciplines_audi_discipline_id_d332473ebaaf166_fk_disciplines_id` FOREIGN KEY (`discipline_id`) REFERENCES `disciplines` (`id`)
) ENGINE=InnoDB AUTO_INCREMENT=54 DEFAULT CHARSET=utf8 COLLATE=utf8_unicode_ci;
/*!40101 SET character_set_client = @saved_cs_client */;

--
-- Dumping data for table `disciplines_auditories`
--

LOCK TABLES `disciplines_auditories` WRITE;
/*!40000 ALTER TABLE `disciplines_auditories` DISABLE KEYS */;
INSERT INTO `disciplines_auditories` VALUES (3,28,2),(26,28,8),(18,28,14),(4,29,3),(5,29,4),(25,29,15),(24,30,1),(6,30,5),(17,30,12),(7,31,6),(23,31,11),(16,31,13),(8,32,7),(22,32,11),(14,32,12),(9,33,8),(21,33,13),(20,34,8),(10,34,9),(12,34,11),(15,35,5),(11,35,10),(19,35,12),(27,36,1),(28,36,3),(29,36,16),(31,37,6),(30,37,17),(32,37,18),(34,38,8),(33,38,12),(35,38,19),(36,39,11),(37,40,1),(38,41,2),(40,42,2),(39,42,3),(41,43,20),(42,44,21),(44,45,10),(43,45,16),(46,46,12),(45,46,22),(47,47,1),(48,48,4),(49,49,22),(50,50,22),(51,51,8),(52,52,2),(53,52,16);
/*!40000 ALTER TABLE `disciplines_auditories` ENABLE KEYS */;
UNLOCK TABLES;

--
-- Table structure for table `disciplines_course`
--

DROP TABLE IF EXISTS `disciplines_course`;
/*!40101 SET @saved_cs_client     = @@character_set_client */;
/*!40101 SET character_set_client = utf8 */;
CREATE TABLE `disciplines_course` (
  `id` int(11) NOT NULL AUTO_INCREMENT,
  `duration` int(10) unsigned NOT NULL,
  `course_id` int(11) NOT NULL,
  `depend_id` int(11) DEFAULT NULL,
  `discipline_id` int(11) NOT NULL,
  PRIMARY KEY (`id`),
  KEY `disciplines_course_course_id_20590b0714836273_fk_courses_id` (`course_id`),
  KEY `disciplines_cou_discipline_id_3d338ce677e81431_fk_disciplines_id` (`discipline_id`),
  KEY `disciplines_course_depend_id_464e22cc2e0c59bf_fk_disciplines_id` (`depend_id`),
  CONSTRAINT `disciplines_cou_discipline_id_3d338ce677e81431_fk_disciplines_id` FOREIGN KEY (`discipline_id`) REFERENCES `disciplines` (`id`),
  CONSTRAINT `disciplines_course_course_id_20590b0714836273_fk_courses_id` FOREIGN KEY (`course_id`) REFERENCES `courses` (`id`),
  CONSTRAINT `disciplines_course_depend_id_464e22cc2e0c59bf_fk_disciplines_id` FOREIGN KEY (`depend_id`) REFERENCES `disciplines` (`id`)
) ENGINE=InnoDB DEFAULT CHARSET=utf8 COLLATE=utf8_unicode_ci;
/*!40101 SET character_set_client = @saved_cs_client */;

--
-- Dumping data for table `disciplines_course`
--

LOCK TABLES `disciplines_course` WRITE;
/*!40000 ALTER TABLE `disciplines_course` DISABLE KEYS */;
/*!40000 ALTER TABLE `disciplines_course` ENABLE KEYS */;
UNLOCK TABLES;

--
-- Table structure for table `django_admin_log`
--

DROP TABLE IF EXISTS `django_admin_log`;
/*!40101 SET @saved_cs_client     = @@character_set_client */;
/*!40101 SET character_set_client = utf8 */;
CREATE TABLE `django_admin_log` (
  `id` int(11) NOT NULL AUTO_INCREMENT,
  `action_time` datetime(6) NOT NULL,
  `object_id` longtext COLLATE utf8_unicode_ci,
  `object_repr` varchar(200) COLLATE utf8_unicode_ci NOT NULL,
  `action_flag` smallint(5) unsigned NOT NULL,
  `change_message` longtext COLLATE utf8_unicode_ci NOT NULL,
  `content_type_id` int(11) DEFAULT NULL,
  `user_id` int(11) NOT NULL,
  PRIMARY KEY (`id`),
  KEY `djang_content_type_id_188980ca75629997_fk_django_content_type_id` (`content_type_id`),
  KEY `django_admin_log_user_id_23a1528057a5de30_fk_auth_user_id` (`user_id`),
  CONSTRAINT `djang_content_type_id_188980ca75629997_fk_django_content_type_id` FOREIGN KEY (`content_type_id`) REFERENCES `django_content_type` (`id`),
  CONSTRAINT `django_admin_log_user_id_23a1528057a5de30_fk_auth_user_id` FOREIGN KEY (`user_id`) REFERENCES `auth_user` (`id`)
) ENGINE=InnoDB AUTO_INCREMENT=61 DEFAULT CHARSET=utf8 COLLATE=utf8_unicode_ci;
/*!40101 SET character_set_client = @saved_cs_client */;

--
-- Dumping data for table `django_admin_log`
--

LOCK TABLES `django_admin_log` WRITE;
/*!40000 ALTER TABLE `django_admin_log` DISABLE KEYS */;
INSERT INTO `django_admin_log` VALUES (1,'2015-11-10 17:31:54.470998','1','students',1,'',2,7),(2,'2015-11-10 17:32:32.512597','2','tutors',1,'',2,7),(3,'2015-11-10 19:01:48.239006','185','TestUser',2,'Изменен is_staff.',3,7),(4,'2015-12-07 15:56:31.258894','186','schedule',1,'',3,7),(5,'2015-12-07 15:57:40.030382','186','schedule',2,'Изменен user_permissions.',3,7),(6,'2015-12-07 15:57:55.490366','2cb39149ad82f39253b54a4f561ec6ff27185510','2cb39149ad82f39253b54a4f561ec6ff27185510',2,'Изменен user.',24,7),(7,'2016-01-09 11:32:02.254757','186','schedule',2,'Изменен user_permissions.',3,7),(8,'2016-05-07 15:02:00.858240','6','vk274309154',2,'Изменен is_superuser.',3,7),(9,'2016-05-07 15:45:30.070366','6','vk274309154',2,'Изменен is_superuser.',3,7),(10,'2016-05-08 06:57:17.364677','6','vk274309154',3,'',3,7),(11,'2016-05-08 06:58:24.559135','225','1 2',3,'',3,7),(12,'2016-05-08 06:58:24.572082','216','asdыфвxcx фыамвсмч',3,'',3,7),(13,'2016-05-08 06:58:24.589107','221','bcdevsdzv fqdsfvdfsadaf',3,'',3,7),(14,'2016-05-08 06:58:24.602989','222','dafsdsvcbxvxzd fqwfevvsdf',3,'',3,7),(15,'2016-05-08 06:58:24.615488','219','dasdsad asdafsas',3,'',3,7),(16,'2016-05-08 06:58:24.630798','197','dbvnshgfdvbfdn hrefgsbtefvdbgf',3,'',3,7),(17,'2016-05-08 06:58:24.645152','204','dfvsf sasfdsvfaf',3,'',3,7),(18,'2016-05-08 06:58:24.661729','211','dqwdas dsadfawr',3,'',3,7),(19,'2016-05-08 06:58:24.677120','212','dvdsfdgs sdfadgsbfs',3,'',3,7),(20,'2016-05-08 06:58:24.693249','215','dwqdq dqwdw',3,'',3,7),(21,'2016-05-08 06:58:24.708620','200','edfvbdgfsdasad qw',3,'',3,7),(22,'2016-05-08 06:58:24.731614','190','erewrgfbgd egwrberw',3,'',3,7),(23,'2016-05-08 06:58:24.747362','220','fagsdsasfds фамымвафыа',3,'',3,7),(24,'2016-05-08 06:58:24.763349','226','fefwfe efwe',3,'',3,7),(25,'2016-05-08 06:58:24.782306','198','fngshdfcvbfng thegbdnfhgd',3,'',3,7),(26,'2016-05-08 06:58:24.799789','193','fqwfe fqwfqw',3,'',3,7),(27,'2016-05-08 06:58:24.814087','214','fwef efdsaw',3,'',3,7),(28,'2016-05-08 06:58:24.830147','205','fwefwe',3,'',3,7),(29,'2016-05-08 06:58:24.850469','188','gewrbergwe gqewrfrg',3,'',3,7),(30,'2016-05-08 06:58:24.866530','191','hnethrgr ewqrteqhr',3,'',3,7),(31,'2016-05-08 06:58:24.880779','195','hrengfd hqrgeh',3,'',3,7),(32,'2016-05-08 06:58:24.894116','185','jvbiv biuv',3,'',3,7),(33,'2016-05-08 06:58:24.912826','192','qthergdhrhqef hqren',3,'',3,7),(34,'2016-05-08 06:58:24.925641','213','qwdqwf qfqwfsvdfvsfd',3,'',3,7),(35,'2016-05-08 06:58:24.941350','206','qwefewf wefwef',3,'',3,7),(36,'2016-05-08 06:58:24.955399','208','qwefewfваыа wefwefячачя',3,'',3,7),(37,'2016-05-08 06:58:24.970847','201','qwfqwfwefvwef qwfqwfwefvf',3,'',3,7),(38,'2016-05-08 06:58:24.985694','194','rewegrebntrg wge',3,'',3,7),(39,'2016-05-08 06:58:24.999038','189','rhgesgnr rwegwrhen',3,'',3,7),(40,'2016-05-08 06:58:25.012784','199','tgbfv  thgnfb ',3,'',3,7),(41,'2016-05-08 06:58:25.025288','187','wqegrwqeg ewqegwre',3,'',3,7),(42,'2016-05-08 06:58:25.037950','196','wthfbdvsns hterhfngfd',3,'',3,7),(43,'2016-05-08 06:58:25.049982','218','xxxxxa xxxxa',3,'',3,7),(44,'2016-05-08 06:58:36.549784','202','',3,'',3,7),(45,'2016-05-08 06:59:03.884503','210','ачвм яамяаяы',3,'',3,7),(46,'2016-05-08 08:48:13.127456','267','Ivan_Ivanov',1,'Добавлено.',3,7),(47,'2016-05-21 13:47:20.353076','266','Сотников Виталий',2,'Изменен password.',3,7),(48,'2016-05-21 13:48:19.359900','266','SV',2,'Изменен username.',3,7),(49,'2016-05-21 13:48:45.164290','267','Ivan_Ivanov',2,'Изменен password.',3,7),(50,'2016-05-21 13:51:04.901634','267','Ivan_Ivanov',2,'Изменен password.',3,7),(51,'2016-05-21 14:01:06.962107','266','Виталий',2,'Изменен username.',3,7),(52,'2016-05-21 14:04:03.485821','266','Виталий',2,'Изменен password.',3,7),(53,'2016-06-06 15:22:35.563711','266','Виталий',2,'Изменен password.',3,7),(54,'2016-06-07 16:06:49.694045','267','Ivan_Ivanov',2,'Изменен groups.',3,7),(55,'2016-06-07 16:07:06.568874','267','Ivan_Ivanov',2,'Изменен password.',3,7),(56,'2016-06-07 16:12:43.143484','267','Ivan_Ivanov',2,'Изменен first_name и last_name.',3,7),(57,'2016-06-07 16:25:41.470957','236','Максим Костромин',2,'Изменен password.',3,7),(58,'2016-06-07 17:01:56.838596','266','Сотников Виталий',2,'Изменен password.',3,7),(59,'2016-06-07 17:04:58.137248','266','Виталий',2,'Изменен username.',3,7),(60,'2016-06-07 17:06:43.751893','266','Виталий',2,'Изменен password.',3,7);
/*!40000 ALTER TABLE `django_admin_log` ENABLE KEYS */;
UNLOCK TABLES;

--
-- Table structure for table `django_content_type`
--

DROP TABLE IF EXISTS `django_content_type`;
/*!40101 SET @saved_cs_client     = @@character_set_client */;
/*!40101 SET character_set_client = utf8 */;
CREATE TABLE `django_content_type` (
  `id` int(11) NOT NULL AUTO_INCREMENT,
  `app_label` varchar(100) COLLATE utf8_unicode_ci NOT NULL,
  `model` varchar(100) COLLATE utf8_unicode_ci NOT NULL,
  PRIMARY KEY (`id`),
  UNIQUE KEY `django_content_type_app_label_6aeeaabbe33cc07d_uniq` (`app_label`,`model`)
) ENGINE=InnoDB AUTO_INCREMENT=34 DEFAULT CHARSET=utf8 COLLATE=utf8_unicode_ci;
/*!40101 SET character_set_client = @saved_cs_client */;

--
-- Dumping data for table `django_content_type`
--

LOCK TABLES `django_content_type` WRITE;
/*!40000 ALTER TABLE `django_content_type` DISABLE KEYS */;
INSERT INTO `django_content_type` VALUES (7,'accounts','account'),(8,'accounts','socialuser'),(6,'admin','logentry'),(9,'auditories','auditory'),(2,'auth','group'),(1,'auth','permission'),(3,'auth','user'),(24,'authtoken','token'),(13,'banned_days','bannedperioddiscipline'),(4,'contenttypes','contenttype'),(10,'courses','course'),(29,'days','bannedday'),(27,'days','ignoredday'),(28,'days','studyday'),(12,'disciplines','discipline'),(25,'pairs','pair'),(5,'sessions','session'),(11,'specialities','speciality'),(32,'students','student'),(33,'students','studygroup'),(26,'study_groups','studygroup'),(22,'timetable','day'),(21,'timetable','lesson'),(30,'timetable','timetable'),(31,'tutors','tutor');
/*!40000 ALTER TABLE `django_content_type` ENABLE KEYS */;
UNLOCK TABLES;

--
-- Table structure for table `django_migrations`
--

DROP TABLE IF EXISTS `django_migrations`;
/*!40101 SET @saved_cs_client     = @@character_set_client */;
/*!40101 SET character_set_client = utf8 */;
CREATE TABLE `django_migrations` (
  `id` int(11) NOT NULL AUTO_INCREMENT,
  `app` varchar(255) COLLATE utf8_unicode_ci NOT NULL,
  `name` varchar(255) COLLATE utf8_unicode_ci NOT NULL,
  `applied` datetime(6) NOT NULL,
  PRIMARY KEY (`id`)
) ENGINE=InnoDB AUTO_INCREMENT=35 DEFAULT CHARSET=utf8 COLLATE=utf8_unicode_ci;
/*!40101 SET character_set_client = @saved_cs_client */;

--
-- Dumping data for table `django_migrations`
--

LOCK TABLES `django_migrations` WRITE;
/*!40000 ALTER TABLE `django_migrations` DISABLE KEYS */;
INSERT INTO `django_migrations` VALUES (1,'contenttypes','0001_initial','2015-11-08 13:56:54.204195'),(2,'contenttypes','0002_remove_content_type_name','2015-11-08 13:56:54.453609'),(3,'auth','0001_initial','2015-11-08 13:56:55.574207'),(4,'auth','0002_alter_permission_name_max_length','2015-11-08 13:56:55.686891'),(5,'auth','0003_alter_user_email_max_length','2015-11-08 13:56:55.787810'),(6,'auth','0004_alter_user_username_opts','2015-11-08 13:56:55.818798'),(7,'auth','0005_alter_user_last_login_null','2015-11-08 13:56:55.962406'),(8,'auth','0006_require_contenttypes_0002','2015-11-08 13:56:55.970588'),(9,'accounts','0001_initial','2015-11-08 13:56:56.276090'),(10,'admin','0001_initial','2015-11-08 13:56:56.579117'),(11,'sessions','0001_initial','2015-11-08 13:56:56.711813'),(12,'timetable','0001_initial','2015-12-07 15:19:57.259088'),(13,'timetable','0002_auto_20151207_2021','2015-12-07 15:22:35.632670'),(14,'timetable','0003_auto_20151207_2030','2015-12-07 15:30:16.152312'),(15,'schedule','0001_initial','2015-12-07 15:30:17.418576'),(16,'days','0001_initial','2015-12-14 18:06:01.167383'),(17,'days','0002_auto_20151214_2309','2015-12-14 18:11:11.790121'),(18,'days','0003_bannedday','2015-12-14 18:11:59.181881'),(19,'timetable','0002_timetable_days','2015-12-27 07:02:21.846803'),(20,'timetable','0003_auto_20151227_1210','2015-12-27 07:10:41.154143'),(21,'accounts','0002_auto_20160104_1855','2016-01-04 13:55:36.452956'),(22,'authtoken','0001_initial','2016-01-04 13:56:50.240845'),(23,'accounts','0002_auto_20160104_1856','2016-01-04 13:57:34.707202'),(24,'tutors','0001_initial','2016-01-04 13:59:01.587567'),(25,'admin','0002_logentry_remove_auto_add','2016-01-08 13:33:02.317313'),(26,'auth','0007_alter_validators_add_error_messages','2016-01-08 13:33:02.349065'),(27,'students','0001_initial','2016-01-08 13:33:02.573528'),(28,'students','0002_studygroup','2016-01-08 13:34:00.499421'),(29,'students','0003_student_group','2016-01-08 13:38:52.580728'),(30,'students','0004_auto_20160108_1834','2016-01-08 13:38:52.689836'),(31,'accounts','0002_auto_20160216_2054','2016-02-16 15:54:52.936757'),(32,'timetable','0004_auto_20160221_1732','2016-02-21 12:32:18.078834'),(33,'accounts','0002_auto_20160509_1323','2016-05-21 13:41:45.416396'),(34,'tutors','0002_auto_20160508_1713','2016-05-21 13:41:45.576139');
/*!40000 ALTER TABLE `django_migrations` ENABLE KEYS */;
UNLOCK TABLES;

--
-- Table structure for table `django_session`
--

DROP TABLE IF EXISTS `django_session`;
/*!40101 SET @saved_cs_client     = @@character_set_client */;
/*!40101 SET character_set_client = utf8 */;
CREATE TABLE `django_session` (
  `session_key` varchar(40) COLLATE utf8_unicode_ci NOT NULL,
  `session_data` longtext COLLATE utf8_unicode_ci NOT NULL,
  `expire_date` datetime(6) NOT NULL,
  PRIMARY KEY (`session_key`),
  KEY `django_session_de54fa62` (`expire_date`)
) ENGINE=InnoDB DEFAULT CHARSET=utf8 COLLATE=utf8_unicode_ci;
/*!40101 SET character_set_client = @saved_cs_client */;

--
-- Dumping data for table `django_session`
--

LOCK TABLES `django_session` WRITE;
/*!40000 ALTER TABLE `django_session` DISABLE KEYS */;
INSERT INTO `django_session` VALUES ('0clo5xhlk6jyoyyfrc32mrkb9jkldfqy','YWY5MjllZjIzMDg0MmFjNjhjNDEwNDlkODU4YjhkMjc0YWQ5NDliODp7Il9hdXRoX3VzZXJfaGFzaCI6IjUyOGFkMGRkZDIxNmJiNGI5NGU5NjEyODFiM2FhYTdmZjc0NDQ2MjYiLCJfYXV0aF91c2VyX2JhY2tlbmQiOiJkamFuZ28uY29udHJpYi5hdXRoLmJhY2tlbmRzLk1vZGVsQmFja2VuZCIsIl9hdXRoX3VzZXJfaWQiOiI3In0=','2015-11-24 14:56:02.972945'),('2iy2qqtohxj41folngc6uz4zgodg84hz','YTg4ZmVjY2NjZDBjNzUyNDMzZjcxMzE1NTE3N2E0OGUyNjEzNjU2Yjp7Il9hdXRoX3VzZXJfaWQiOiIyNjYiLCJfYXV0aF91c2VyX2hhc2giOiJlZmNlN2I3NjY5YTVjNTIzM2Q0ZWMwZGEwMGQ2Nzg4Yzk3ZjE2Y2ViIiwiX2F1dGhfdXNlcl9iYWNrZW5kIjoiZGphbmdvLmNvbnRyaWIuYXV0aC5iYWNrZW5kcy5Nb2RlbEJhY2tlbmQifQ==','2016-06-04 16:10:40.177212'),('2ncx86d13cirbg7buntet0gvlsm47bvd','OTEyMTE1ZWU1NGU4OGY4ZGI5NWU5ODRmYjhjMWVkMzc4MTY3NTU4NTp7Il9hdXRoX3VzZXJfaWQiOiI2IiwiX2F1dGhfdXNlcl9iYWNrZW5kIjoiZGphbmdvLmNvbnRyaWIuYXV0aC5iYWNrZW5kcy5Nb2RlbEJhY2tlbmQiLCJfYXV0aF91c2VyX2hhc2giOiI5YmE5ZmJhNmJjZDgxODhhNzA4ZjQzNjYyNWYwZmYyNDMwOWUzNDc5In0=','2016-01-24 05:30:08.158207'),('2o5ojt7l5a7ov3oyggej60rh8oqq2p4r','NmEwYWIzYzAwODg5ZDIxNzdkNzBmNDhhMTgzMjBiNjYwNTcyZWQwNjp7fQ==','2016-01-24 03:46:11.785826'),('2tctpucz4hq04u5966e7tkl8hn1pu9zq','ZTNmZDE0MWNmN2VhOGE0YWYxYzJmMjNlZDI0MTA5NWYyMjgwNjc4ZTp7Il9hdXRoX3VzZXJfYmFja2VuZCI6ImRqYW5nby5jb250cmliLmF1dGguYmFja2VuZHMuTW9kZWxCYWNrZW5kIiwiX2F1dGhfdXNlcl9pZCI6IjciLCJfYXV0aF91c2VyX2hhc2giOiI1MjhhZDBkZGQyMTZiYjRiOTRlOTYxMjgxYjNhYWE3ZmY3NDQ0NjI2In0=','2015-11-24 14:43:13.794420'),('36ldlkeroxeybadnur79phlw492fejjc','NjNhOGU3NTVjNDYzOWYzMGQxNWRlMTI0NjcxNmNhYzExNmFmM2RkNjp7Il9hdXRoX3VzZXJfaWQiOiI3IiwiX2F1dGhfdXNlcl9oYXNoIjoiNTI4YWQwZGRkMjE2YmI0Yjk0ZTk2MTI4MWIzYWFhN2ZmNzQ0NDYyNiIsIl9hdXRoX3VzZXJfYmFja2VuZCI6ImRqYW5nby5jb250cmliLmF1dGguYmFja2VuZHMuTW9kZWxCYWNrZW5kIn0=','2015-11-24 14:33:33.899688'),('3thxska2ses5jmiafxazzllpoof4gp78','NmEwYWIzYzAwODg5ZDIxNzdkNzBmNDhhMTgzMjBiNjYwNTcyZWQwNjp7fQ==','2016-06-04 15:53:36.284284'),('477ajx8a7d0wofe8l62k8swjfp6w7mav','OGY4M2E5NmQ3NGQyYTEwYmYwZTE5YjAxMTlmMDMwNzhmNDkxNjgxMjp7Il9hdXRoX3VzZXJfaGFzaCI6IjcwNjNiNTFiZDYyMDc1MzJlMzM2YTBiNTkyM2Y1YTI4ODA0Mzg2MTAiLCJfYXV0aF91c2VyX2lkIjoiNyIsIl9hdXRoX3VzZXJfYmFja2VuZCI6ImRqYW5nby5jb250cmliLmF1dGguYmFja2VuZHMuTW9kZWxCYWNrZW5kIn0=','2016-01-30 04:29:21.161383'),('4n41s2e8846p807i7en2o08oql7mk3ik','MGM2NTdjNzFmYjZjMmUyYTBlYTllMDk1MTE0ZmUwOTVmMDE3MDgwNTp7Il9hdXRoX3VzZXJfaGFzaCI6IjUyOGFkMGRkZDIxNmJiNGI5NGU5NjEyODFiM2FhYTdmZjc0NDQ2MjYiLCJfYXV0aF91c2VyX2lkIjoiNyIsIl9hdXRoX3VzZXJfYmFja2VuZCI6ImRqYW5nby5jb250cmliLmF1dGguYmFja2VuZHMuTW9kZWxCYWNrZW5kIn0=','2015-11-24 14:44:01.468470'),('5d13ilmmeqh6v5dqtrpmk1r15c00iam2','OGY4M2E5NmQ3NGQyYTEwYmYwZTE5YjAxMTlmMDMwNzhmNDkxNjgxMjp7Il9hdXRoX3VzZXJfaGFzaCI6IjcwNjNiNTFiZDYyMDc1MzJlMzM2YTBiNTkyM2Y1YTI4ODA0Mzg2MTAiLCJfYXV0aF91c2VyX2lkIjoiNyIsIl9hdXRoX3VzZXJfYmFja2VuZCI6ImRqYW5nby5jb250cmliLmF1dGguYmFja2VuZHMuTW9kZWxCYWNrZW5kIn0=','2016-01-30 04:36:58.759594'),('5y9mhoje7qf9pg7aus50vvqp8hn32fez','MGIyODAyNGY3ZWQyMDQyNDk5ZGE3YzUyYzRkMTZjOWY3ZWJmMTAxZjp7Il9hdXRoX3VzZXJfaWQiOiI3IiwiX2F1dGhfdXNlcl9iYWNrZW5kIjoiZGphbmdvLmNvbnRyaWIuYXV0aC5iYWNrZW5kcy5Nb2RlbEJhY2tlbmQiLCJfYXV0aF91c2VyX2hhc2giOiI1MjhhZDBkZGQyMTZiYjRiOTRlOTYxMjgxYjNhYWE3ZmY3NDQ0NjI2In0=','2015-11-24 14:48:46.104099'),('65dmgc9umd1ffwed3q4lcjpvwylm66gh','ODIxOWIwNGJlNjE1YTI4ZDY0OTEwY2U1M2JlNTM3MzBmMjdjYTE4YTp7Il9hdXRoX3VzZXJfYmFja2VuZCI6ImRqYW5nby5jb250cmliLmF1dGguYmFja2VuZHMuTW9kZWxCYWNrZW5kIiwiX2F1dGhfdXNlcl9oYXNoIjoiNTI4YWQwZGRkMjE2YmI0Yjk0ZTk2MTI4MWIzYWFhN2ZmNzQ0NDYyNiIsIl9hdXRoX3VzZXJfaWQiOiI3In0=','2015-11-24 14:19:15.574475'),('6bhc2io5loxyhfwzmiqb3m2mqfk23zci','NTg1ZDRhYzE2NjMxY2IyYTc2MDExNjc5YmRlZDI5ZjJhNWYyMjM1Yjp7Il9hdXRoX3VzZXJfYmFja2VuZCI6ImRqYW5nby5jb250cmliLmF1dGguYmFja2VuZHMuTW9kZWxCYWNrZW5kIiwiX2F1dGhfdXNlcl9pZCI6IjYiLCJfYXV0aF91c2VyX2hhc2giOiI5YmE5ZmJhNmJjZDgxODhhNzA4ZjQzNjYyNWYwZmYyNDMwOWUzNDc5In0=','2016-03-01 15:58:04.636659'),('6nny3am8gnfbrmeqi64trsh2d7gnqvkg','YWY5MjllZjIzMDg0MmFjNjhjNDEwNDlkODU4YjhkMjc0YWQ5NDliODp7Il9hdXRoX3VzZXJfaGFzaCI6IjUyOGFkMGRkZDIxNmJiNGI5NGU5NjEyODFiM2FhYTdmZjc0NDQ2MjYiLCJfYXV0aF91c2VyX2JhY2tlbmQiOiJkamFuZ28uY29udHJpYi5hdXRoLmJhY2tlbmRzLk1vZGVsQmFja2VuZCIsIl9hdXRoX3VzZXJfaWQiOiI3In0=','2015-12-21 15:55:53.150635'),('742kquq854pk4h5mc0vthb4f7egkpyih','ODIxOWIwNGJlNjE1YTI4ZDY0OTEwY2U1M2JlNTM3MzBmMjdjYTE4YTp7Il9hdXRoX3VzZXJfYmFja2VuZCI6ImRqYW5nby5jb250cmliLmF1dGguYmFja2VuZHMuTW9kZWxCYWNrZW5kIiwiX2F1dGhfdXNlcl9oYXNoIjoiNTI4YWQwZGRkMjE2YmI0Yjk0ZTk2MTI4MWIzYWFhN2ZmNzQ0NDYyNiIsIl9hdXRoX3VzZXJfaWQiOiI3In0=','2015-11-24 14:52:58.114763'),('7ckv47d86cnlhf8w6m15grwn5gppjqes','MGM2NTdjNzFmYjZjMmUyYTBlYTllMDk1MTE0ZmUwOTVmMDE3MDgwNTp7Il9hdXRoX3VzZXJfaGFzaCI6IjUyOGFkMGRkZDIxNmJiNGI5NGU5NjEyODFiM2FhYTdmZjc0NDQ2MjYiLCJfYXV0aF91c2VyX2lkIjoiNyIsIl9hdXRoX3VzZXJfYmFja2VuZCI6ImRqYW5nby5jb250cmliLmF1dGguYmFja2VuZHMuTW9kZWxCYWNrZW5kIn0=','2015-11-24 14:44:01.787881'),('8a8g759ds1342s7liwz9k06rkuvx4pjk','NjNhOGU3NTVjNDYzOWYzMGQxNWRlMTI0NjcxNmNhYzExNmFmM2RkNjp7Il9hdXRoX3VzZXJfaWQiOiI3IiwiX2F1dGhfdXNlcl9oYXNoIjoiNTI4YWQwZGRkMjE2YmI0Yjk0ZTk2MTI4MWIzYWFhN2ZmNzQ0NDYyNiIsIl9hdXRoX3VzZXJfYmFja2VuZCI6ImRqYW5nby5jb250cmliLmF1dGguYmFja2VuZHMuTW9kZWxCYWNrZW5kIn0=','2015-11-24 14:54:11.428458'),('8zsyj93494889i7il06ekpwobaivzif9','Y2QwODQxZTUzNjVmN2FkYzg4OGU4ZDRmZmE1YTE0ZWZkZDBjZDBlZjp7Il9hdXRoX3VzZXJfaGFzaCI6IjliYTlmYmE2YmNkODE4OGE3MDhmNDM2NjI1ZjBmZjI0MzA5ZTM0NzkiLCJfYXV0aF91c2VyX2JhY2tlbmQiOiJkamFuZ28uY29udHJpYi5hdXRoLmJhY2tlbmRzLk1vZGVsQmFja2VuZCIsIl9hdXRoX3VzZXJfaWQiOiI2In0=','2016-01-24 06:23:01.453739'),('a0vmqgj4v46pqwxz6iwhe9cs8tst27dg','YzNmN2FjNzE0NGZmZTczYWZjMjFkMzdhZjU0MjgwODRhNDVhNmUxZDp7Il9hdXRoX3VzZXJfaGFzaCI6IjU5MjZhMTdkNDQ5MmI0MTJlMjFhMTQ0OTU1NjYyYjU2NWUxYWFlNDciLCJfYXV0aF91c2VyX2lkIjoiMTg1IiwiX2F1dGhfdXNlcl9iYWNrZW5kIjoiYWNjb3VudHMuYXV0aF9iYWNrZW5kcy5DdXN0b21Vc2VyTW9kZWxCYWNrZW5kIn0=','2015-11-24 19:01:53.093420'),('a2cqmdbyc4d8treoqxq7zm154r3z5tc9','MGM2NTdjNzFmYjZjMmUyYTBlYTllMDk1MTE0ZmUwOTVmMDE3MDgwNTp7Il9hdXRoX3VzZXJfaGFzaCI6IjUyOGFkMGRkZDIxNmJiNGI5NGU5NjEyODFiM2FhYTdmZjc0NDQ2MjYiLCJfYXV0aF91c2VyX2lkIjoiNyIsIl9hdXRoX3VzZXJfYmFja2VuZCI6ImRqYW5nby5jb250cmliLmF1dGguYmFja2VuZHMuTW9kZWxCYWNrZW5kIn0=','2015-11-24 14:44:02.146135'),('apmyb19on2je2u43n66jqeie427edlaq','MGM2NTdjNzFmYjZjMmUyYTBlYTllMDk1MTE0ZmUwOTVmMDE3MDgwNTp7Il9hdXRoX3VzZXJfaGFzaCI6IjUyOGFkMGRkZDIxNmJiNGI5NGU5NjEyODFiM2FhYTdmZjc0NDQ2MjYiLCJfYXV0aF91c2VyX2lkIjoiNyIsIl9hdXRoX3VzZXJfYmFja2VuZCI6ImRqYW5nby5jb250cmliLmF1dGguYmFja2VuZHMuTW9kZWxCYWNrZW5kIn0=','2015-11-24 14:07:52.151929'),('bzsqvomw0df77v137fg8dyo64v98grhq','ZTNmZDE0MWNmN2VhOGE0YWYxYzJmMjNlZDI0MTA5NWYyMjgwNjc4ZTp7Il9hdXRoX3VzZXJfYmFja2VuZCI6ImRqYW5nby5jb250cmliLmF1dGguYmFja2VuZHMuTW9kZWxCYWNrZW5kIiwiX2F1dGhfdXNlcl9pZCI6IjciLCJfYXV0aF91c2VyX2hhc2giOiI1MjhhZDBkZGQyMTZiYjRiOTRlOTYxMjgxYjNhYWE3ZmY3NDQ0NjI2In0=','2015-11-24 14:43:14.094912'),('bzus4tp1ydznfv9yvdakqezkq75sy4ta','MGIyODAyNGY3ZWQyMDQyNDk5ZGE3YzUyYzRkMTZjOWY3ZWJmMTAxZjp7Il9hdXRoX3VzZXJfaWQiOiI3IiwiX2F1dGhfdXNlcl9iYWNrZW5kIjoiZGphbmdvLmNvbnRyaWIuYXV0aC5iYWNrZW5kcy5Nb2RlbEJhY2tlbmQiLCJfYXV0aF91c2VyX2hhc2giOiI1MjhhZDBkZGQyMTZiYjRiOTRlOTYxMjgxYjNhYWE3ZmY3NDQ0NjI2In0=','2015-11-24 14:48:46.755284'),('e1npwdbej4ly8z7aome6bltwtma1q6y7','ODIxOWIwNGJlNjE1YTI4ZDY0OTEwY2U1M2JlNTM3MzBmMjdjYTE4YTp7Il9hdXRoX3VzZXJfYmFja2VuZCI6ImRqYW5nby5jb250cmliLmF1dGguYmFja2VuZHMuTW9kZWxCYWNrZW5kIiwiX2F1dGhfdXNlcl9oYXNoIjoiNTI4YWQwZGRkMjE2YmI0Yjk0ZTk2MTI4MWIzYWFhN2ZmNzQ0NDYyNiIsIl9hdXRoX3VzZXJfaWQiOiI3In0=','2015-11-24 14:49:11.184947'),('f39l2ss7xu0yibt595uisvorjcwpdfrv','NmEwYWIzYzAwODg5ZDIxNzdkNzBmNDhhMTgzMjBiNjYwNTcyZWQwNjp7fQ==','2016-06-04 15:50:25.249917'),('fapok590wr8x2m40mjnb0l41h8vesjhy','ODVmMmM5YWY3NjY4MWJmMWY5ZTgyZWUwNzlmZDJlMDI2NGJjMzU5YTp7Il9hdXRoX3VzZXJfaGFzaCI6IjNlYTAwNGE5NDNmNWMxNjAxOTA2MTUxMDkwNDFiNWEwNTZkNmI3MjMiLCJfYXV0aF91c2VyX2JhY2tlbmQiOiJkamFuZ28uY29udHJpYi5hdXRoLmJhY2tlbmRzLk1vZGVsQmFja2VuZCIsIl9hdXRoX3VzZXJfaWQiOiIyNjYifQ==','2016-06-21 17:07:34.135151'),('fw9xhrltl0fec81sn1ejatz4mij02zko','YWY5MjllZjIzMDg0MmFjNjhjNDEwNDlkODU4YjhkMjc0YWQ5NDliODp7Il9hdXRoX3VzZXJfaGFzaCI6IjUyOGFkMGRkZDIxNmJiNGI5NGU5NjEyODFiM2FhYTdmZjc0NDQ2MjYiLCJfYXV0aF91c2VyX2JhY2tlbmQiOiJkamFuZ28uY29udHJpYi5hdXRoLmJhY2tlbmRzLk1vZGVsQmFja2VuZCIsIl9hdXRoX3VzZXJfaWQiOiI3In0=','2015-11-24 14:56:03.287272'),('gpq2k20zswrj8gurqyaalbylthywyt55','YWY5MjllZjIzMDg0MmFjNjhjNDEwNDlkODU4YjhkMjc0YWQ5NDliODp7Il9hdXRoX3VzZXJfaGFzaCI6IjUyOGFkMGRkZDIxNmJiNGI5NGU5NjEyODFiM2FhYTdmZjc0NDQ2MjYiLCJfYXV0aF91c2VyX2JhY2tlbmQiOiJkamFuZ28uY29udHJpYi5hdXRoLmJhY2tlbmRzLk1vZGVsQmFja2VuZCIsIl9hdXRoX3VzZXJfaWQiOiI3In0=','2015-11-24 14:45:19.295402'),('hmp7sucwjey323j8x3lbqhc84mpn5unq','YWE3ZWE0NjFiZTAzY2VhNzhjNDJmNDQ4OWViODJmNjk0ZTViMGNiMzp7Il9hdXRoX3VzZXJfaGFzaCI6IjM3NGMzYzE3M2ZmNDc1OWFjZGZmYTE1MTIwZWM4NTEyOWFkNGQ1ODkiLCJfYXV0aF91c2VyX2JhY2tlbmQiOiJkamFuZ28uY29udHJpYi5hdXRoLmJhY2tlbmRzLk1vZGVsQmFja2VuZCIsIl9hdXRoX3VzZXJfaWQiOiI3In0=','2016-06-28 18:45:14.937286'),('ieqg8ck9t5oflu6rg2mgt6i4wn2b6idi','YWY5MjllZjIzMDg0MmFjNjhjNDEwNDlkODU4YjhkMjc0YWQ5NDliODp7Il9hdXRoX3VzZXJfaGFzaCI6IjUyOGFkMGRkZDIxNmJiNGI5NGU5NjEyODFiM2FhYTdmZjc0NDQ2MjYiLCJfYXV0aF91c2VyX2JhY2tlbmQiOiJkamFuZ28uY29udHJpYi5hdXRoLmJhY2tlbmRzLk1vZGVsQmFja2VuZCIsIl9hdXRoX3VzZXJfaWQiOiI3In0=','2015-11-24 14:45:19.654562'),('ijgv3acc78hap0e4h47s0jvjat26gy65','NmEwYWIzYzAwODg5ZDIxNzdkNzBmNDhhMTgzMjBiNjYwNTcyZWQwNjp7fQ==','2016-06-04 15:50:48.509908'),('iyewyl3z2a2lav6a8obx77yh11h97rph','ODIxOWIwNGJlNjE1YTI4ZDY0OTEwY2U1M2JlNTM3MzBmMjdjYTE4YTp7Il9hdXRoX3VzZXJfYmFja2VuZCI6ImRqYW5nby5jb250cmliLmF1dGguYmFja2VuZHMuTW9kZWxCYWNrZW5kIiwiX2F1dGhfdXNlcl9oYXNoIjoiNTI4YWQwZGRkMjE2YmI0Yjk0ZTk2MTI4MWIzYWFhN2ZmNzQ0NDYyNiIsIl9hdXRoX3VzZXJfaWQiOiI3In0=','2015-11-24 14:49:11.599244'),('j9mx4o4q3dnbzl6hofe12czwgyenvft1','NjNhOGU3NTVjNDYzOWYzMGQxNWRlMTI0NjcxNmNhYzExNmFmM2RkNjp7Il9hdXRoX3VzZXJfaWQiOiI3IiwiX2F1dGhfdXNlcl9oYXNoIjoiNTI4YWQwZGRkMjE2YmI0Yjk0ZTk2MTI4MWIzYWFhN2ZmNzQ0NDYyNiIsIl9hdXRoX3VzZXJfYmFja2VuZCI6ImRqYW5nby5jb250cmliLmF1dGguYmFja2VuZHMuTW9kZWxCYWNrZW5kIn0=','2015-11-24 14:54:12.345663'),('jx4jcgf4725u01051e15q93tthn71odh','ODIxOWIwNGJlNjE1YTI4ZDY0OTEwY2U1M2JlNTM3MzBmMjdjYTE4YTp7Il9hdXRoX3VzZXJfYmFja2VuZCI6ImRqYW5nby5jb250cmliLmF1dGguYmFja2VuZHMuTW9kZWxCYWNrZW5kIiwiX2F1dGhfdXNlcl9oYXNoIjoiNTI4YWQwZGRkMjE2YmI0Yjk0ZTk2MTI4MWIzYWFhN2ZmNzQ0NDYyNiIsIl9hdXRoX3VzZXJfaWQiOiI3In0=','2015-11-24 14:52:57.382759'),('k7qj3nq446ruzuar0foyp7qfzmjtq8kd','MTI5ODM0Yzc5YWE0NmI3MjA5NzEwMWE2OWIyMjg0YWJhZWFkMjkyYjp7Il9hdXRoX3VzZXJfaWQiOiI2IiwiX2F1dGhfdXNlcl9oYXNoIjoiOWJhOWZiYTZiY2Q4MTg4YTcwOGY0MzY2MjVmMGZmMjQzMDllMzQ3OSIsIl9hdXRoX3VzZXJfYmFja2VuZCI6ImRqYW5nby5jb250cmliLmF1dGguYmFja2VuZHMuTW9kZWxCYWNrZW5kIn0=','2016-01-24 06:08:38.235640'),('kl3lwhvejbvbda3wfpvuxdb59d3pay1j','NmEwYWIzYzAwODg5ZDIxNzdkNzBmNDhhMTgzMjBiNjYwNTcyZWQwNjp7fQ==','2016-06-04 15:55:21.106755'),('kzkk58glnuulxsfjeqamhebppchk81y5','NjNhOGU3NTVjNDYzOWYzMGQxNWRlMTI0NjcxNmNhYzExNmFmM2RkNjp7Il9hdXRoX3VzZXJfaWQiOiI3IiwiX2F1dGhfdXNlcl9oYXNoIjoiNTI4YWQwZGRkMjE2YmI0Yjk0ZTk2MTI4MWIzYWFhN2ZmNzQ0NDYyNiIsIl9hdXRoX3VzZXJfYmFja2VuZCI6ImRqYW5nby5jb250cmliLmF1dGguYmFja2VuZHMuTW9kZWxCYWNrZW5kIn0=','2015-11-24 14:34:07.369685'),('m8ewdgefrjflx0ypzr9qkmi45jff2s6n','YWY5MjllZjIzMDg0MmFjNjhjNDEwNDlkODU4YjhkMjc0YWQ5NDliODp7Il9hdXRoX3VzZXJfaGFzaCI6IjUyOGFkMGRkZDIxNmJiNGI5NGU5NjEyODFiM2FhYTdmZjc0NDQ2MjYiLCJfYXV0aF91c2VyX2JhY2tlbmQiOiJkamFuZ28uY29udHJpYi5hdXRoLmJhY2tlbmRzLk1vZGVsQmFja2VuZCIsIl9hdXRoX3VzZXJfaWQiOiI3In0=','2015-11-24 14:56:02.558225'),('mc5pd6wnqhlh5t2cjfazj223lnnwyfcr','ZDBkNGU0YzYxZjYyZTVhNzcyNjMwYTk1YzQxZDk4ZmFiODAzZDA1Njp7Il9hdXRoX3VzZXJfYmFja2VuZCI6ImRqYW5nby5jb250cmliLmF1dGguYmFja2VuZHMuTW9kZWxCYWNrZW5kIiwiX2F1dGhfdXNlcl9pZCI6IjciLCJfYXV0aF91c2VyX2hhc2giOiI3MDYzYjUxYmQ2MjA3NTMyZTMzNmEwYjU5MjNmNWEyODgwNDM4NjEwIn0=','2016-03-19 13:09:03.617594'),('mfw209y0ow2qio59u5ilsfu0msq1kz8b','MGIyODAyNGY3ZWQyMDQyNDk5ZGE3YzUyYzRkMTZjOWY3ZWJmMTAxZjp7Il9hdXRoX3VzZXJfaWQiOiI3IiwiX2F1dGhfdXNlcl9iYWNrZW5kIjoiZGphbmdvLmNvbnRyaWIuYXV0aC5iYWNrZW5kcy5Nb2RlbEJhY2tlbmQiLCJfYXV0aF91c2VyX2hhc2giOiI1MjhhZDBkZGQyMTZiYjRiOTRlOTYxMjgxYjNhYWE3ZmY3NDQ0NjI2In0=','2015-11-24 14:52:30.833036'),('n8udklx911gwi41fb8walc23fx9wq0p4','OTNkYjAyZDI2OGFkNWExMTdjOGE0ZTE4ZGNmZGRmN2NhYWY4YWFkOTp7Il9hdXRoX3VzZXJfaWQiOiI3IiwiX2F1dGhfdXNlcl9oYXNoIjoiNzA2M2I1MWJkNjIwNzUzMmUzMzZhMGI1OTIzZjVhMjg4MDQzODYxMCIsIl9hdXRoX3VzZXJfYmFja2VuZCI6ImRqYW5nby5jb250cmliLmF1dGguYmFja2VuZHMuTW9kZWxCYWNrZW5kIn0=','2016-06-04 16:02:36.055868'),('njyvac2iyko0p0dq267txxpqm50s9afn','ODIxOWIwNGJlNjE1YTI4ZDY0OTEwY2U1M2JlNTM3MzBmMjdjYTE4YTp7Il9hdXRoX3VzZXJfYmFja2VuZCI6ImRqYW5nby5jb250cmliLmF1dGguYmFja2VuZHMuTW9kZWxCYWNrZW5kIiwiX2F1dGhfdXNlcl9oYXNoIjoiNTI4YWQwZGRkMjE2YmI0Yjk0ZTk2MTI4MWIzYWFhN2ZmNzQ0NDYyNiIsIl9hdXRoX3VzZXJfaWQiOiI3In0=','2015-11-24 14:49:12.202348'),('oa79yv0yb0ajbugvsr4zs4zj7t0ze28s','NmEwYWIzYzAwODg5ZDIxNzdkNzBmNDhhMTgzMjBiNjYwNTcyZWQwNjp7fQ==','2016-01-24 03:00:02.623793'),('qh3auevgu3ji4y175hxjjt9h7djsvgsd','MGIyODAyNGY3ZWQyMDQyNDk5ZGE3YzUyYzRkMTZjOWY3ZWJmMTAxZjp7Il9hdXRoX3VzZXJfaWQiOiI3IiwiX2F1dGhfdXNlcl9iYWNrZW5kIjoiZGphbmdvLmNvbnRyaWIuYXV0aC5iYWNrZW5kcy5Nb2RlbEJhY2tlbmQiLCJfYXV0aF91c2VyX2hhc2giOiI1MjhhZDBkZGQyMTZiYjRiOTRlOTYxMjgxYjNhYWE3ZmY3NDQ0NjI2In0=','2015-11-24 14:37:01.926064'),('qpnc6z4b8cgqxyxfsw3ikoxz0qdunxhh','ZjNjZGVmYjgxNWE2MTZhOTA2NDA3MzhhODZiYjE5YzJlMTdiMGQwMjp7Il9hdXRoX3VzZXJfYmFja2VuZCI6ImRqYW5nby5jb250cmliLmF1dGguYmFja2VuZHMuTW9kZWxCYWNrZW5kIiwiX2F1dGhfdXNlcl9pZCI6IjciLCJfYXV0aF91c2VyX2hhc2giOiIxMmY3MWFiNTU3Njg5NGY1N2U4YThkMzFlMmE1ZDU0MDk5NDMzOWNjIn0=','2016-05-21 16:17:57.168699'),('qqesg5kh24msmxlcg5ftpgunllrfjtcv','NDI1Njg5YTdkNzEzZTZlNGUwNDcyMWI2YTRkMzliZGZjODJiMzcwNjp7Il9hdXRoX3VzZXJfaWQiOiI3IiwiX2F1dGhfdXNlcl9iYWNrZW5kIjoiZGphbmdvLmNvbnRyaWIuYXV0aC5iYWNrZW5kcy5Nb2RlbEJhY2tlbmQiLCJfYXV0aF91c2VyX2hhc2giOiIzNzRjM2MxNzNmZjQ3NTlhY2RmZmExNTEyMGVjODUxMjlhZDRkNTg5In0=','2016-06-21 02:34:31.574126'),('qy5c6mlbef91tskgf7hqe6txa3mmh8wx','ODIxOWIwNGJlNjE1YTI4ZDY0OTEwY2U1M2JlNTM3MzBmMjdjYTE4YTp7Il9hdXRoX3VzZXJfYmFja2VuZCI6ImRqYW5nby5jb250cmliLmF1dGguYmFja2VuZHMuTW9kZWxCYWNrZW5kIiwiX2F1dGhfdXNlcl9oYXNoIjoiNTI4YWQwZGRkMjE2YmI0Yjk0ZTk2MTI4MWIzYWFhN2ZmNzQ0NDYyNiIsIl9hdXRoX3VzZXJfaWQiOiI3In0=','2015-11-24 14:52:57.804467'),('rh414l15ehr0ejsn6iik4adv19j3yjkt','YWY5MjllZjIzMDg0MmFjNjhjNDEwNDlkODU4YjhkMjc0YWQ5NDliODp7Il9hdXRoX3VzZXJfaGFzaCI6IjUyOGFkMGRkZDIxNmJiNGI5NGU5NjEyODFiM2FhYTdmZjc0NDQ2MjYiLCJfYXV0aF91c2VyX2JhY2tlbmQiOiJkamFuZ28uY29udHJpYi5hdXRoLmJhY2tlbmRzLk1vZGVsQmFja2VuZCIsIl9hdXRoX3VzZXJfaWQiOiI3In0=','2015-11-24 14:45:18.895687'),('s2e0aew957fwr8e2yqhizapmhl74ylry','MjdkZDlmODg5OGY0ODkzZmQwYzAxNjViNTMyN2FlNDAxZWIxZjlkYTp7Il9hdXRoX3VzZXJfYmFja2VuZCI6ImRqYW5nby5jb250cmliLmF1dGguYmFja2VuZHMuTW9kZWxCYWNrZW5kIiwiX2F1dGhfdXNlcl9oYXNoIjoiNzA2M2I1MWJkNjIwNzUzMmUzMzZhMGI1OTIzZjVhMjg4MDQzODYxMCIsIl9hdXRoX3VzZXJfaWQiOiI3In0=','2016-03-06 11:12:57.661383'),('tbxzbenvx8ieqjcqrkrfu676elik1abm','MGIyODAyNGY3ZWQyMDQyNDk5ZGE3YzUyYzRkMTZjOWY3ZWJmMTAxZjp7Il9hdXRoX3VzZXJfaWQiOiI3IiwiX2F1dGhfdXNlcl9iYWNrZW5kIjoiZGphbmdvLmNvbnRyaWIuYXV0aC5iYWNrZW5kcy5Nb2RlbEJhY2tlbmQiLCJfYXV0aF91c2VyX2hhc2giOiI1MjhhZDBkZGQyMTZiYjRiOTRlOTYxMjgxYjNhYWE3ZmY3NDQ0NjI2In0=','2015-11-24 14:48:46.411152'),('ufockjbj0uzeseadhwlkhh56kenj3nrb','YzQ3NGEyZWEwNGQwNDEyOTFiMWEwNTcxYWRhYTMzYjU4NDI2Y2Y4Nzp7Il9hdXRoX3VzZXJfaGFzaCI6IjcwNjNiNTFiZDYyMDc1MzJlMzM2YTBiNTkyM2Y1YTI4ODA0Mzg2MTAiLCJfYXV0aF91c2VyX2JhY2tlbmQiOiJkamFuZ28uY29udHJpYi5hdXRoLmJhY2tlbmRzLk1vZGVsQmFja2VuZCIsIl9hdXRoX3VzZXJfaWQiOiI3In0=','2016-03-03 12:58:26.349990'),('usckedb7wm7785cnf26onh1nnbb8rft7','YjViOWE5NzQxYWMzNmMyNDFlYjZhODEyNjA5NGI3OTAyOWRmMDJjMzp7Il9hdXRoX3VzZXJfaWQiOiI2IiwiX2F1dGhfdXNlcl9oYXNoIjoiZTljMWQ0MDlkYmQzNGYyN2Y0MGFjZmNmZTA3Nzg4ZjQ2MDgyZDRiMSIsIl9hdXRoX3VzZXJfYmFja2VuZCI6ImRqYW5nby5jb250cmliLmF1dGguYmFja2VuZHMuTW9kZWxCYWNrZW5kIn0=','2016-01-24 06:16:46.275041'),('uugfsbtdlgpckclaxuetw96xihtp0bkg','MGIyODAyNGY3ZWQyMDQyNDk5ZGE3YzUyYzRkMTZjOWY3ZWJmMTAxZjp7Il9hdXRoX3VzZXJfaWQiOiI3IiwiX2F1dGhfdXNlcl9iYWNrZW5kIjoiZGphbmdvLmNvbnRyaWIuYXV0aC5iYWNrZW5kcy5Nb2RlbEJhY2tlbmQiLCJfYXV0aF91c2VyX2hhc2giOiI1MjhhZDBkZGQyMTZiYjRiOTRlOTYxMjgxYjNhYWE3ZmY3NDQ0NjI2In0=','2015-11-24 14:52:30.042367'),('v2bpnok5nhlx6eeql8jp18zmf23zeapb','MGIyODAyNGY3ZWQyMDQyNDk5ZGE3YzUyYzRkMTZjOWY3ZWJmMTAxZjp7Il9hdXRoX3VzZXJfaWQiOiI3IiwiX2F1dGhfdXNlcl9iYWNrZW5kIjoiZGphbmdvLmNvbnRyaWIuYXV0aC5iYWNrZW5kcy5Nb2RlbEJhY2tlbmQiLCJfYXV0aF91c2VyX2hhc2giOiI1MjhhZDBkZGQyMTZiYjRiOTRlOTYxMjgxYjNhYWE3ZmY3NDQ0NjI2In0=','2015-11-24 17:30:18.663527'),('vqe34o3y1qh5arznxsum1h1v3pvnrclt','ZTNmZDE0MWNmN2VhOGE0YWYxYzJmMjNlZDI0MTA5NWYyMjgwNjc4ZTp7Il9hdXRoX3VzZXJfYmFja2VuZCI6ImRqYW5nby5jb250cmliLmF1dGguYmFja2VuZHMuTW9kZWxCYWNrZW5kIiwiX2F1dGhfdXNlcl9pZCI6IjciLCJfYXV0aF91c2VyX2hhc2giOiI1MjhhZDBkZGQyMTZiYjRiOTRlOTYxMjgxYjNhYWE3ZmY3NDQ0NjI2In0=','2015-11-24 14:43:13.466124'),('vzqruokmjcp5r9l93rvymjs2g8ls1kld','MDU5YzE1ZjJlY2ZjNGY1YjIxYzYzNzBkYjM2OThlYTdlMzRhNWQwNzp7Il9hdXRoX3VzZXJfYmFja2VuZCI6ImRqYW5nby5jb250cmliLmF1dGguYmFja2VuZHMuTW9kZWxCYWNrZW5kIiwiX2F1dGhfdXNlcl9pZCI6IjIzNiIsIl9hdXRoX3VzZXJfaGFzaCI6ImQxMzIwMTRjMGJmYTExY2Y2MDkyOGIxODRlZmU4Y2UzYmM0ZDMzYzIifQ==','2016-06-22 15:45:17.008301'),('w3bknt0nms4myv4vsq6zeuqxb5twchyg','YWY5MjllZjIzMDg0MmFjNjhjNDEwNDlkODU4YjhkMjc0YWQ5NDliODp7Il9hdXRoX3VzZXJfaGFzaCI6IjUyOGFkMGRkZDIxNmJiNGI5NGU5NjEyODFiM2FhYTdmZjc0NDQ2MjYiLCJfYXV0aF91c2VyX2JhY2tlbmQiOiJkamFuZ28uY29udHJpYi5hdXRoLmJhY2tlbmRzLk1vZGVsQmFja2VuZCIsIl9hdXRoX3VzZXJfaWQiOiI3In0=','2015-11-24 14:56:03.647913'),('wcmmc1m7czm5q649hxtqv5nswc0tcf80','NjNhOGU3NTVjNDYzOWYzMGQxNWRlMTI0NjcxNmNhYzExNmFmM2RkNjp7Il9hdXRoX3VzZXJfaWQiOiI3IiwiX2F1dGhfdXNlcl9oYXNoIjoiNTI4YWQwZGRkMjE2YmI0Yjk0ZTk2MTI4MWIzYWFhN2ZmNzQ0NDYyNiIsIl9hdXRoX3VzZXJfYmFja2VuZCI6ImRqYW5nby5jb250cmliLmF1dGguYmFja2VuZHMuTW9kZWxCYWNrZW5kIn0=','2015-11-24 14:54:11.741642'),('wu8ajoynfzxaperzwh745fq1io0awywx','ODIxOWIwNGJlNjE1YTI4ZDY0OTEwY2U1M2JlNTM3MzBmMjdjYTE4YTp7Il9hdXRoX3VzZXJfYmFja2VuZCI6ImRqYW5nby5jb250cmliLmF1dGguYmFja2VuZHMuTW9kZWxCYWNrZW5kIiwiX2F1dGhfdXNlcl9oYXNoIjoiNTI4YWQwZGRkMjE2YmI0Yjk0ZTk2MTI4MWIzYWFhN2ZmNzQ0NDYyNiIsIl9hdXRoX3VzZXJfaWQiOiI3In0=','2015-11-24 14:49:11.899480'),('xd7hjyj9r9jifygpyye4i566sccavf7u','MGIyODAyNGY3ZWQyMDQyNDk5ZGE3YzUyYzRkMTZjOWY3ZWJmMTAxZjp7Il9hdXRoX3VzZXJfaWQiOiI3IiwiX2F1dGhfdXNlcl9iYWNrZW5kIjoiZGphbmdvLmNvbnRyaWIuYXV0aC5iYWNrZW5kcy5Nb2RlbEJhY2tlbmQiLCJfYXV0aF91c2VyX2hhc2giOiI1MjhhZDBkZGQyMTZiYjRiOTRlOTYxMjgxYjNhYWE3ZmY3NDQ0NjI2In0=','2015-11-24 14:52:30.486756'),('xg1c445dhcjy2tbwpddk8w2wd7u2jl9w','OGFmY2YwNzcyMDM3ODQ5ZmQ1MDk3Y2YwZTc5YzJjYTQ4OTViODdkYjp7Il9hdXRoX3VzZXJfYmFja2VuZCI6ImRqYW5nby5jb250cmliLmF1dGguYmFja2VuZHMuTW9kZWxCYWNrZW5kIiwiX2F1dGhfdXNlcl9pZCI6IjciLCJfYXV0aF91c2VyX2hhc2giOiIzNzRjM2MxNzNmZjQ3NTlhY2RmZmExNTEyMGVjODUxMjlhZDRkNTg5In0=','2016-06-20 16:21:01.622716'),('xlk91mok95hdr2kjac4mflbzff9t8b7f','OTEyMTE1ZWU1NGU4OGY4ZGI5NWU5ODRmYjhjMWVkMzc4MTY3NTU4NTp7Il9hdXRoX3VzZXJfaWQiOiI2IiwiX2F1dGhfdXNlcl9iYWNrZW5kIjoiZGphbmdvLmNvbnRyaWIuYXV0aC5iYWNrZW5kcy5Nb2RlbEJhY2tlbmQiLCJfYXV0aF91c2VyX2hhc2giOiI5YmE5ZmJhNmJjZDgxODhhNzA4ZjQzNjYyNWYwZmYyNDMwOWUzNDc5In0=','2016-05-22 06:27:33.405231'),('xoksxw3dtura2a5y6bfhu72elveormyk','NjNhOGU3NTVjNDYzOWYzMGQxNWRlMTI0NjcxNmNhYzExNmFmM2RkNjp7Il9hdXRoX3VzZXJfaWQiOiI3IiwiX2F1dGhfdXNlcl9oYXNoIjoiNTI4YWQwZGRkMjE2YmI0Yjk0ZTk2MTI4MWIzYWFhN2ZmNzQ0NDYyNiIsIl9hdXRoX3VzZXJfYmFja2VuZCI6ImRqYW5nby5jb250cmliLmF1dGguYmFja2VuZHMuTW9kZWxCYWNrZW5kIn0=','2015-11-24 14:54:12.039160'),('xryosizb8l2yvschgemmmnasffclp98c','MGIyODAyNGY3ZWQyMDQyNDk5ZGE3YzUyYzRkMTZjOWY3ZWJmMTAxZjp7Il9hdXRoX3VzZXJfaWQiOiI3IiwiX2F1dGhfdXNlcl9iYWNrZW5kIjoiZGphbmdvLmNvbnRyaWIuYXV0aC5iYWNrZW5kcy5Nb2RlbEJhY2tlbmQiLCJfYXV0aF91c2VyX2hhc2giOiI1MjhhZDBkZGQyMTZiYjRiOTRlOTYxMjgxYjNhYWE3ZmY3NDQ0NjI2In0=','2015-11-24 14:52:31.125836'),('xs0893fir828wtlshkbvawcup5vfqyo5','ODIxOWIwNGJlNjE1YTI4ZDY0OTEwY2U1M2JlNTM3MzBmMjdjYTE4YTp7Il9hdXRoX3VzZXJfYmFja2VuZCI6ImRqYW5nby5jb250cmliLmF1dGguYmFja2VuZHMuTW9kZWxCYWNrZW5kIiwiX2F1dGhfdXNlcl9oYXNoIjoiNTI4YWQwZGRkMjE2YmI0Yjk0ZTk2MTI4MWIzYWFhN2ZmNzQ0NDYyNiIsIl9hdXRoX3VzZXJfaWQiOiI3In0=','2015-11-24 14:52:58.402941'),('y23kwwa43iufnwnvpko67j1tpahqilyc','NmEwYWIzYzAwODg5ZDIxNzdkNzBmNDhhMTgzMjBiNjYwNTcyZWQwNjp7fQ==','2016-06-04 15:51:48.371333'),('ym1p1ybkzocelfdk2u8yhpty82cvs3cz','MGIyODAyNGY3ZWQyMDQyNDk5ZGE3YzUyYzRkMTZjOWY3ZWJmMTAxZjp7Il9hdXRoX3VzZXJfaWQiOiI3IiwiX2F1dGhfdXNlcl9iYWNrZW5kIjoiZGphbmdvLmNvbnRyaWIuYXV0aC5iYWNrZW5kcy5Nb2RlbEJhY2tlbmQiLCJfYXV0aF91c2VyX2hhc2giOiI1MjhhZDBkZGQyMTZiYjRiOTRlOTYxMjgxYjNhYWE3ZmY3NDQ0NjI2In0=','2015-11-24 14:48:45.704892'),('ymea5qogyaj16w4hw6g2ltlp5c4948it','ZTNmZDE0MWNmN2VhOGE0YWYxYzJmMjNlZDI0MTA5NWYyMjgwNjc4ZTp7Il9hdXRoX3VzZXJfYmFja2VuZCI6ImRqYW5nby5jb250cmliLmF1dGguYmFja2VuZHMuTW9kZWxCYWNrZW5kIiwiX2F1dGhfdXNlcl9pZCI6IjciLCJfYXV0aF91c2VyX2hhc2giOiI1MjhhZDBkZGQyMTZiYjRiOTRlOTYxMjgxYjNhYWE3ZmY3NDQ0NjI2In0=','2015-11-24 14:43:14.391399'),('z39eq3yhgiak2tted7pk361frowfi8fg','NmEwYWIzYzAwODg5ZDIxNzdkNzBmNDhhMTgzMjBiNjYwNTcyZWQwNjp7fQ==','2016-06-04 15:52:24.955132'),('z4a5w09589c70ema16u6vgpgpajymak3','YWY5MjllZjIzMDg0MmFjNjhjNDEwNDlkODU4YjhkMjc0YWQ5NDliODp7Il9hdXRoX3VzZXJfaGFzaCI6IjUyOGFkMGRkZDIxNmJiNGI5NGU5NjEyODFiM2FhYTdmZjc0NDQ2MjYiLCJfYXV0aF91c2VyX2JhY2tlbmQiOiJkamFuZ28uY29udHJpYi5hdXRoLmJhY2tlbmRzLk1vZGVsQmFja2VuZCIsIl9hdXRoX3VzZXJfaWQiOiI3In0=','2015-11-24 14:45:19.950530'),('z8p3q993pdl1rm7ph4pvcu28u79gd7v6','MGM2NTdjNzFmYjZjMmUyYTBlYTllMDk1MTE0ZmUwOTVmMDE3MDgwNTp7Il9hdXRoX3VzZXJfaGFzaCI6IjUyOGFkMGRkZDIxNmJiNGI5NGU5NjEyODFiM2FhYTdmZjc0NDQ2MjYiLCJfYXV0aF91c2VyX2lkIjoiNyIsIl9hdXRoX3VzZXJfYmFja2VuZCI6ImRqYW5nby5jb250cmliLmF1dGguYmFja2VuZHMuTW9kZWxCYWNrZW5kIn0=','2015-11-24 14:44:01.126581');
/*!40000 ALTER TABLE `django_session` ENABLE KEYS */;
UNLOCK TABLES;

--
-- Table structure for table `ignored_days`
--

DROP TABLE IF EXISTS `ignored_days`;
/*!40101 SET @saved_cs_client     = @@character_set_client */;
/*!40101 SET character_set_client = utf8 */;
CREATE TABLE `ignored_days` (
  `id` int(11) NOT NULL AUTO_INCREMENT,
  `beginning_of_period` date NOT NULL,
  `end_of_period` date NOT NULL,
  PRIMARY KEY (`id`)
) ENGINE=InnoDB AUTO_INCREMENT=4 DEFAULT CHARSET=utf8 COLLATE=utf8_unicode_ci;
/*!40101 SET character_set_client = @saved_cs_client */;

--
-- Dumping data for table `ignored_days`
--

LOCK TABLES `ignored_days` WRITE;
/*!40000 ALTER TABLE `ignored_days` DISABLE KEYS */;
INSERT INTO `ignored_days` VALUES (1,'2016-01-01','2016-01-10'),(2,'2016-03-07','2016-03-08'),(3,'2015-12-12','2015-12-12');
/*!40000 ALTER TABLE `ignored_days` ENABLE KEYS */;
UNLOCK TABLES;

--
-- Table structure for table `learning_discipline`
--

DROP TABLE IF EXISTS `learning_discipline`;
/*!40101 SET @saved_cs_client     = @@character_set_client */;
/*!40101 SET character_set_client = utf8 */;
CREATE TABLE `learning_discipline` (
  `id` int(11) NOT NULL AUTO_INCREMENT,
  `duration` int(10) unsigned NOT NULL,
  `course_id` int(11) NOT NULL,
  `depend_id` int(11) DEFAULT NULL,
  `discipline_id` int(11) NOT NULL,
  PRIMARY KEY (`id`),
  KEY `disciplines_course_course_id_20590b0714836273_fk_courses_id` (`course_id`),
  KEY `disciplines_cou_discipline_id_3d338ce677e81431_fk_disciplines_id` (`discipline_id`),
  KEY `disciplines_course_depend_id_464e22cc2e0c59bf_fk_disciplines_id` (`depend_id`),
  CONSTRAINT `disciplines_cou_discipline_id_179a4ac5d3e0e3fd_fk_disciplines_id` FOREIGN KEY (`discipline_id`) REFERENCES `disciplines` (`id`),
  CONSTRAINT `disciplines_course_course_id_20562699aecd4bec_fk_courses_id` FOREIGN KEY (`course_id`) REFERENCES `courses` (`id`),
  CONSTRAINT `disciplines_course_depend_id_5ec0ab2c93b97769_fk_disciplines_id` FOREIGN KEY (`depend_id`) REFERENCES `disciplines` (`id`)
) ENGINE=InnoDB AUTO_INCREMENT=60 DEFAULT CHARSET=utf8 COLLATE=utf8_unicode_ci;
/*!40101 SET character_set_client = @saved_cs_client */;

--
-- Dumping data for table `learning_discipline`
--

LOCK TABLES `learning_discipline` WRITE;
/*!40000 ALTER TABLE `learning_discipline` DISABLE KEYS */;
INSERT INTO `learning_discipline` VALUES (1,40,1,NULL,29),(2,30,1,29,30),(3,20,1,NULL,31),(4,40,1,31,35),(5,30,2,NULL,31),(6,20,2,31,32),(7,30,2,NULL,28),(8,20,3,NULL,31),(9,50,3,31,35),(10,20,3,NULL,29),(11,30,3,29,30),(12,40,4,NULL,28),(13,40,4,NULL,34),(14,20,4,NULL,31),(15,30,4,NULL,33),(17,20,2,NULL,35),(18,20,5,NULL,31),(19,80,5,31,35),(20,20,5,NULL,29),(21,30,5,29,30),(22,40,6,NULL,33),(23,40,6,NULL,28),(24,100,6,NULL,35),(25,30,7,NULL,34),(26,30,7,NULL,32),(27,40,7,NULL,35),(28,80,1,NULL,37),(29,61,1,30,28),(30,40,1,NULL,36),(31,40,1,NULL,38),(32,33,2,NULL,36),(33,45,2,NULL,29),(34,30,3,31,37),(35,12,7,NULL,37),(36,40,7,NULL,36),(37,40,6,NULL,30),(38,34,6,NULL,38),(39,45,5,30,28),(40,15,4,NULL,38),(41,40,4,31,35),(42,30,4,31,32),(43,40,3,NULL,38),(44,50,8,NULL,41),(45,50,8,NULL,53),(46,50,8,NULL,48),(47,50,8,NULL,51),(48,50,14,48,49),(49,50,14,41,42),(50,50,14,53,45),(51,50,9,NULL,51),(52,50,9,NULL,53),(53,50,9,NULL,41),(54,50,9,NULL,48),(55,50,14,53,47),(56,50,15,53,47),(57,50,15,53,45),(58,50,15,48,50),(59,50,15,41,46);
/*!40000 ALTER TABLE `learning_discipline` ENABLE KEYS */;
UNLOCK TABLES;

--
-- Table structure for table `lessons`
--

DROP TABLE IF EXISTS `lessons`;
/*!40101 SET @saved_cs_client     = @@character_set_client */;
/*!40101 SET character_set_client = utf8 */;
CREATE TABLE `lessons` (
  `id` int(11) NOT NULL AUTO_INCREMENT,
  `tutor` int(11) NOT NULL,
  `auditory_id` int(11) NOT NULL,
  `discipline_id` int(11) NOT NULL,
  `group_id` int(11) NOT NULL,
  `pair_id` int(11) NOT NULL,
  PRIMARY KEY (`id`),
  KEY `schedule_lesson_auditory_id_78f30a9812882051_fk_auditories_id` (`auditory_id`),
  KEY `schedule_lesson_discipline_id_2b1c2e0b693337b3_fk_disciplines_id` (`discipline_id`),
  KEY `schedule_lesson_group_id_1d844cc5e7274ea6_fk_study_groups_id` (`group_id`),
  KEY `schedule_lesson_pair_id_3686fce9e6055d8e_fk_pairs_id` (`pair_id`),
  CONSTRAINT `schedule_lesson_auditory_id_78f30a9812882051_fk_auditories_id` FOREIGN KEY (`auditory_id`) REFERENCES `auditories` (`id`),
  CONSTRAINT `schedule_lesson_discipline_id_2b1c2e0b693337b3_fk_disciplines_id` FOREIGN KEY (`discipline_id`) REFERENCES `disciplines` (`id`),
  CONSTRAINT `schedule_lesson_group_id_1d844cc5e7274ea6_fk_study_groups_id` FOREIGN KEY (`group_id`) REFERENCES `study_groups` (`id`),
  CONSTRAINT `schedule_lesson_pair_id_3686fce9e6055d8e_fk_pairs_id` FOREIGN KEY (`pair_id`) REFERENCES `pairs` (`id`)
) ENGINE=InnoDB AUTO_INCREMENT=26328 DEFAULT CHARSET=utf8 COLLATE=utf8_unicode_ci;
/*!40101 SET character_set_client = @saved_cs_client */;

--
-- Dumping data for table `lessons`
--

LOCK TABLES `lessons` WRITE;
/*!40000 ALTER TABLE `lessons` DISABLE KEYS */;
INSERT INTO `lessons` VALUES (17304,249,5,30,2,9),(17305,253,10,35,7,9),(17306,254,12,35,45,9),(17307,235,1,30,1,10),(17308,249,5,30,2,10),(17309,253,10,35,7,10),(17310,254,12,35,45,10),(17311,258,6,37,1,11),(17312,259,17,37,2,11),(17313,253,5,35,4,11),(17314,254,10,35,42,11),(17315,255,12,35,44,11),(17316,258,6,37,1,12),(17317,259,17,37,2,12),(17318,253,5,35,4,12),(17319,254,10,35,42,12),(17320,255,12,35,5,12),(17321,258,6,37,1,13),(17322,259,17,37,2,13),(17323,253,5,35,43,13),(17324,254,10,35,4,13),(17325,255,12,35,42,13),(17326,253,5,35,38,14),(17327,254,10,35,6,14),(17328,255,12,35,44,14),(17329,253,5,35,5,15),(17330,254,10,35,43,15),(17331,255,12,35,38,15),(17332,235,1,30,1,8),(17333,249,5,30,2,8),(17334,253,10,35,7,8),(17335,254,12,35,45,8),(17336,231,2,28,6,8),(17337,234,8,28,44,8),(17338,258,6,37,1,9),(17339,259,17,37,2,9),(17340,253,5,35,7,9),(17341,254,10,35,45,9),(17342,255,12,35,4,9),(17343,231,2,28,6,9),(17344,234,8,28,44,9),(17345,258,6,37,1,10),(17346,259,17,37,2,10),(17347,253,5,35,7,10),(17348,254,10,35,45,10),(17349,255,12,35,42,10),(17350,231,2,28,6,10),(17351,234,8,28,44,10),(17352,258,6,37,1,11),(17353,259,17,37,2,11),(17354,253,5,35,5,11),(17355,254,10,35,43,11),(17356,255,12,35,4,11),(17357,231,2,28,1,12),(17358,234,8,28,2,12),(17359,253,5,35,42,12),(17360,254,10,35,38,12),(17361,255,12,35,5,12),(17362,231,2,28,1,13),(17363,234,8,28,2,13),(17364,253,5,35,43,13),(17365,254,10,35,4,13),(17366,255,12,35,42,13),(17367,231,2,28,1,14),(17368,234,8,28,2,14),(17369,253,5,35,5,14),(17370,254,10,35,43,14),(17371,255,12,35,38,14),(17372,253,5,35,6,15),(17373,254,10,35,44,15),(17374,255,12,35,38,15),(17375,258,6,37,1,8),(17376,259,17,37,2,8),(17377,253,5,35,7,8),(17378,254,10,35,45,8),(17379,255,12,35,4,8),(17380,258,6,37,1,9),(17381,259,17,37,2,9),(17382,253,5,35,7,9),(17383,254,10,35,45,9),(17384,255,12,35,42,9),(17385,258,6,37,1,10),(17386,259,17,37,2,10),(17387,253,5,35,7,10),(17388,254,10,35,45,10),(17389,255,12,35,5,10),(17390,231,2,28,1,11),(17391,234,8,28,2,11),(17392,253,5,35,43,11),(17393,254,10,35,4,11),(17394,255,12,35,42,11),(17395,231,2,28,1,12),(17396,234,8,28,2,12),(17397,253,5,35,5,12),(17398,254,10,35,43,12),(17399,255,12,35,6,12),(17400,231,2,28,1,13),(17401,234,8,28,2,13),(17402,253,5,35,44,13),(17403,254,10,35,4,13),(17404,255,12,35,42,13),(17405,253,5,35,5,14),(17406,254,10,35,43,14),(17407,255,12,35,38,14),(17408,253,5,35,6,15),(17409,254,10,35,44,15),(17410,255,12,35,38,15),(17411,258,6,37,1,8),(17412,259,17,37,2,8),(17413,258,6,37,1,9),(17414,259,17,37,2,9),(17415,258,6,37,1,10),(17416,259,17,37,2,10),(17417,231,2,28,1,11),(17418,234,8,28,2,11),(17419,231,2,28,1,12),(17420,234,8,28,2,12),(17421,231,2,28,1,13),(17422,234,8,28,2,13),(17423,258,6,37,1,8),(17424,259,17,37,2,8),(17425,253,5,35,7,8),(17426,254,10,35,45,8),(17427,255,12,35,4,8),(17428,258,6,37,1,9),(17429,259,17,37,2,9),(17430,253,5,35,7,9),(17431,254,10,35,45,9),(17432,255,12,35,42,9),(17433,258,6,37,1,10),(17434,259,17,37,2,10),(17435,253,5,35,7,10),(17436,254,10,35,45,10),(17437,255,12,35,5,10),(17438,231,2,28,1,11),(17439,234,8,28,2,11),(17440,253,5,35,43,11),(17441,254,10,35,6,11),(17442,255,12,35,44,11),(17443,231,2,28,1,12),(17444,234,8,28,2,12),(17445,253,5,35,5,12),(17446,254,10,35,43,12),(17447,255,12,35,4,12),(17448,231,2,28,1,13),(17449,234,8,28,2,13),(17450,253,5,35,42,13),(17451,254,10,35,6,13),(17452,255,12,35,44,13),(17453,253,5,35,38,14),(17454,254,10,35,5,14),(17455,255,12,35,43,14),(17456,253,5,35,4,15),(17457,254,10,35,42,15),(17458,255,12,35,6,15),(17459,258,6,37,1,8),(17460,259,17,37,2,8),(17461,253,5,35,7,8),(17462,254,10,35,45,8),(17463,255,12,35,44,8),(17464,258,6,37,1,9),(17465,259,17,37,2,9),(17466,253,5,35,7,9),(17467,254,10,35,45,9),(17468,255,12,35,5,9),(17469,258,6,37,1,10),(17470,259,17,37,2,10),(17471,253,5,35,7,10),(17472,254,10,35,45,10),(17473,255,12,35,43,10),(17474,231,2,28,1,11),(17475,234,8,28,2,11),(17476,253,5,35,4,11),(17477,254,10,35,42,11),(17478,255,12,35,38,11),(17479,231,2,28,1,12),(17480,234,8,28,2,12),(17481,253,5,35,6,12),(17482,254,10,35,44,12),(17483,255,12,35,5,12),(17484,231,2,28,1,13),(17485,234,8,28,2,13),(17486,253,5,35,43,13),(17487,254,10,35,4,13),(17488,255,12,35,42,13),(17489,253,5,35,38,14),(17490,254,10,35,5,14),(17491,255,12,35,43,14),(17492,253,5,35,6,15),(17493,254,10,35,44,15),(17494,255,12,35,4,15),(17495,258,6,37,1,8),(17496,259,17,37,2,8),(17497,253,5,35,7,8),(17498,254,10,35,45,8),(17499,255,12,35,42,8),(17500,258,6,37,1,9),(17501,259,17,37,2,9),(17502,253,5,35,7,9),(17503,254,10,35,45,9),(17504,255,12,35,5,9),(17505,258,6,37,1,10),(17506,259,17,37,2,10),(17507,253,5,35,7,10),(17508,254,10,35,45,10),(17509,255,12,35,43,10),(17510,253,5,35,6,11),(17511,254,10,35,44,11),(17512,255,12,35,40,11),(17513,253,5,35,38,12),(17514,254,10,35,4,12),(17515,255,12,35,42,12),(17516,253,5,35,5,13),(17517,254,10,35,43,13),(17518,255,12,35,6,13),(17519,253,5,35,44,14),(17520,254,10,35,40,14),(17521,255,12,35,38,14),(17522,253,5,35,4,15),(17523,254,10,35,42,15),(17524,255,12,35,5,15),(17525,258,6,37,1,8),(17526,259,17,37,2,8),(17527,253,5,35,7,8),(17528,254,10,35,45,8),(17529,255,12,35,43,8),(17530,258,6,37,1,9),(17531,259,17,37,2,9),(17532,253,5,35,7,9),(17533,254,10,35,45,9),(17534,255,12,35,6,9),(17535,258,6,37,1,10),(17536,259,17,37,2,10),(17537,253,5,35,7,10),(17538,254,10,35,45,10),(17539,255,12,35,44,10),(17540,231,2,28,1,11),(17541,234,8,28,2,11),(17542,253,5,35,5,11),(17543,254,10,35,43,11),(17544,255,12,35,4,11),(17545,231,2,28,1,12),(17546,234,8,28,2,12),(17547,253,5,35,40,12),(17548,254,10,35,42,12),(17549,255,12,35,38,12),(17550,231,2,28,1,13),(17551,234,8,28,2,13),(17552,253,5,35,6,13),(17553,254,10,35,44,13),(17554,255,12,35,5,13),(17555,253,5,35,43,14),(17556,254,10,35,4,14),(17557,255,12,35,42,14),(17558,253,5,35,40,15),(17559,254,10,35,38,15),(17560,255,12,35,6,15),(17561,258,6,37,1,8),(17562,259,17,37,2,8),(17563,253,5,35,7,8),(17564,254,10,35,45,8),(17565,255,12,35,44,8),(17566,258,6,37,1,9),(17567,259,17,37,2,9),(17568,253,5,35,7,9),(17569,254,10,35,45,9),(17570,255,12,35,5,9),(17571,258,6,37,1,10),(17572,259,17,37,2,10),(17573,253,5,35,7,10),(17574,254,10,35,45,10),(17575,255,12,35,43,10),(17576,231,2,28,1,11),(17577,234,8,28,2,11),(17578,253,5,35,4,11),(17579,254,10,35,42,11),(17580,255,12,35,6,11),(17581,231,2,28,1,12),(17582,234,8,28,2,12),(17583,253,5,35,44,12),(17584,254,10,35,40,12),(17585,255,12,35,38,12),(17586,231,2,28,1,13),(17587,234,8,28,2,13),(17588,253,5,35,5,13),(17589,254,10,35,43,13),(17590,255,12,35,4,13),(17591,253,5,35,42,14),(17592,254,10,35,6,14),(17593,255,12,35,44,14),(17594,253,5,35,5,15),(17595,254,10,35,43,15),(17596,255,12,35,40,15),(17597,258,6,37,1,8),(17598,259,17,37,2,8),(17599,258,6,37,1,9),(17600,259,17,37,2,9),(17601,258,6,37,1,10),(17602,259,17,37,2,10),(17603,231,2,28,1,11),(17604,234,8,28,2,11),(17605,231,2,28,1,12),(17606,234,8,28,2,12),(17607,231,2,28,1,13),(17608,234,8,28,2,13),(17609,253,5,35,7,8),(17610,254,10,35,45,8),(17611,258,6,37,1,8),(17612,259,17,37,2,8),(17613,255,12,35,38,8),(17614,253,5,35,7,9),(17615,254,10,35,45,9),(17616,258,6,37,1,9),(17617,259,17,37,2,9),(17618,255,12,35,4,9),(17619,253,5,35,7,10),(17620,254,10,35,45,10),(17621,258,6,37,1,10),(17622,259,17,37,2,10),(17623,255,12,35,42,10),(17624,231,2,28,1,11),(17625,234,8,28,2,11),(17626,253,5,35,6,11),(17627,254,10,35,44,11),(17628,255,12,35,5,11),(17629,231,2,28,1,12),(17630,234,8,28,2,12),(17631,253,5,35,43,12),(17632,254,10,35,4,12),(17633,255,12,35,40,12),(17634,231,2,28,1,13),(17635,234,8,28,2,13),(17636,253,5,35,42,13),(17637,254,10,35,38,13),(17638,255,12,35,6,13),(17639,253,5,35,44,14),(17640,254,10,35,5,14),(17641,255,12,35,43,14),(17642,253,5,35,4,15),(17643,254,10,35,42,15),(17644,255,12,35,5,15),(17645,253,5,35,7,8),(17646,254,10,35,45,8),(17647,258,6,37,1,8),(17648,259,17,37,2,8),(17649,255,12,35,43,8),(17650,253,5,35,7,9),(17651,254,10,35,45,9),(17652,258,6,37,1,9),(17653,259,17,37,2,9),(17654,255,12,35,6,9),(17655,253,5,35,7,10),(17656,254,10,35,45,10),(17657,258,6,37,1,10),(17658,259,17,37,2,10),(17659,255,12,35,44,10),(17660,231,2,28,1,11),(17661,234,8,28,2,11),(17662,253,5,35,40,11),(17663,254,10,35,38,11),(17664,255,12,35,4,11),(17665,231,2,28,1,12),(17666,234,8,28,2,12),(17667,253,5,35,42,12),(17668,254,10,35,5,12),(17669,255,12,35,43,12),(17670,231,2,28,1,13),(17671,234,8,28,2,13),(17672,253,5,35,6,13),(17673,254,10,35,44,13),(17674,255,12,35,40,13),(17675,253,5,35,38,14),(17676,254,10,35,5,14),(17677,255,12,35,43,14),(17678,253,5,35,4,15),(17679,254,10,35,42,15),(17680,255,12,35,6,15),(17681,253,5,35,7,8),(17682,254,10,35,45,8),(17683,258,6,37,1,8),(17684,259,17,37,2,8),(17685,255,12,35,44,8),(17686,253,5,35,7,9),(17687,254,10,35,45,9),(17688,258,6,37,1,9),(17689,259,17,37,2,9),(17690,255,12,35,40,9),(17691,253,5,35,7,10),(17692,254,10,35,45,10),(17693,258,6,37,1,10),(17694,259,17,37,2,10),(17695,255,12,35,38,10),(17696,253,5,35,5,11),(17697,254,10,35,43,11),(17698,255,12,35,4,11),(17699,253,5,35,42,12),(17700,254,10,35,6,12),(17701,255,12,35,44,12),(17702,253,5,35,5,13),(17703,254,10,35,43,13),(17704,255,12,35,4,13),(17705,253,5,35,40,14),(17706,254,10,35,42,14),(17707,255,12,35,38,14),(17708,253,5,35,6,15),(17709,254,10,35,44,15),(17710,255,12,35,5,15),(17711,253,5,35,7,8),(17712,254,10,35,45,8),(17713,258,6,37,1,8),(17714,259,17,37,2,8),(17715,255,12,35,43,8),(17716,253,5,35,7,9),(17717,254,10,35,45,9),(17718,258,6,37,1,9),(17719,259,17,37,2,9),(17720,255,12,35,4,9),(17721,253,5,35,7,10),(17722,254,10,35,45,10),(17723,258,6,37,1,10),(17724,259,17,37,2,10),(17725,255,12,35,42,10),(17726,231,2,28,1,11),(17727,234,8,28,2,11),(17728,253,5,35,6,11),(17729,254,10,35,44,11),(17730,255,12,35,40,11),(17731,231,2,28,1,12),(17732,234,8,28,2,12),(17733,253,5,35,38,12),(17734,254,10,35,5,12),(17735,255,12,35,43,12),(17736,231,2,28,1,13),(17737,234,8,28,2,13),(17738,253,5,35,4,13),(17739,254,10,35,42,13),(17740,255,12,35,6,13),(17741,253,5,35,44,14),(17742,254,10,35,5,14),(17743,255,12,35,43,14),(17744,253,5,35,40,15),(17745,254,10,35,38,15),(17746,255,12,35,4,15),(17747,253,5,35,7,8),(17748,254,10,35,45,8),(17749,258,6,37,1,8),(17750,259,17,37,2,8),(17751,255,12,35,42,8),(17752,253,5,35,7,9),(17753,254,10,35,45,9),(17754,258,6,37,1,9),(17755,259,17,37,2,9),(17756,255,12,35,6,9),(17757,253,5,35,7,10),(17758,254,10,35,45,10),(17759,231,2,28,1,10),(17760,234,8,28,2,10),(17761,255,12,35,44,10),(17762,231,2,28,1,11),(17763,234,8,28,2,11),(17764,253,5,35,5,11),(17765,254,10,35,43,11),(17766,255,12,35,40,11),(17767,231,2,28,1,12),(17768,234,8,28,2,12),(17769,253,5,35,38,12),(17770,254,10,35,4,12),(17771,255,12,35,42,12),(17772,253,5,35,6,13),(17773,254,10,35,44,13),(17774,255,12,35,5,13),(17775,253,5,35,43,14),(17776,231,2,28,1,8),(17777,234,8,28,2,8),(17778,231,2,28,1,9),(17779,234,8,28,2,9),(17780,231,2,28,1,10),(17781,234,8,28,2,10),(17782,253,5,35,7,8),(17783,254,10,35,45,8),(17784,231,2,28,1,8),(17785,234,8,28,2,8),(17786,253,5,35,7,9),(17787,254,10,35,45,9),(17788,231,2,28,1,9),(17789,234,8,28,2,9),(17790,253,5,35,7,10),(17791,254,10,35,45,10),(17792,231,2,28,1,10),(17793,234,8,28,2,10),(17794,253,5,35,7,8),(17795,254,10,35,45,8),(17796,231,2,28,1,8),(17797,234,8,28,2,8),(17798,253,5,35,7,9),(17799,254,10,35,45,9),(17800,231,2,28,1,9),(17801,234,8,28,2,9),(17802,253,5,35,7,10),(17803,254,10,35,45,10),(17804,231,2,28,1,10),(17805,234,8,28,2,10),(17806,253,5,35,7,8),(17807,254,10,35,45,8),(17808,253,5,35,7,9),(17809,254,10,35,45,9),(17810,253,5,35,7,10),(17811,254,10,35,45,10),(17812,253,5,35,7,8),(17813,254,10,35,45,8),(17814,231,2,28,1,8),(17815,234,8,28,2,8),(17816,253,5,35,7,9),(17817,254,10,35,45,9),(17818,231,2,28,1,9),(17819,234,8,28,2,9),(17820,253,5,35,7,10),(17821,254,10,35,45,10),(17822,231,2,28,1,10),(17823,234,8,28,2,10),(17824,253,5,35,7,8),(17825,254,10,35,45,8),(17826,231,2,28,1,8),(17827,234,8,28,2,8),(17828,253,5,35,7,9),(17829,254,10,35,45,9),(17830,231,2,28,1,9),(17831,234,8,28,2,9),(17832,253,5,35,7,10),(17833,254,10,35,45,10),(17834,231,2,28,1,10),(17835,234,8,28,2,10),(17836,231,2,28,1,8),(17837,234,8,28,2,8),(17838,231,2,28,1,9),(17839,234,8,28,2,9),(17840,231,2,28,1,10),(17841,234,8,28,2,10),(17842,253,5,35,7,8),(17843,254,10,35,45,8),(17844,231,2,28,1,8),(17845,234,8,28,2,8),(17846,253,5,35,7,9),(17847,254,10,35,45,9),(17848,231,2,28,1,9),(17849,234,8,28,2,9),(17850,253,5,35,7,10),(17851,254,10,35,45,10),(17852,231,2,28,1,10),(17853,234,8,28,2,10),(17854,253,5,35,7,8),(17855,254,10,35,45,8),(17856,231,2,28,1,8),(17857,234,8,28,2,8),(17858,253,5,35,7,9),(17859,254,10,35,45,9),(17860,231,2,28,1,9),(17861,234,8,28,2,9),(17862,253,5,35,7,10),(17863,254,10,35,45,10),(17864,231,2,28,1,10),(17865,234,8,28,2,10),(17866,253,5,35,7,8),(17867,254,10,35,45,8),(17868,253,5,35,7,9),(17869,254,10,35,45,9),(17870,253,5,35,7,10),(17871,254,10,35,45,10),(17872,231,2,28,1,8),(17873,234,8,28,2,8),(17959,236,6,31,1,8),(17960,248,11,31,2,8),(17961,253,5,35,3,8),(17962,232,3,29,4,8),(17963,260,8,38,5,8),(17964,233,4,29,6,8),(17965,261,12,38,7,8),(17966,258,17,37,40,8),(17967,254,10,35,41,8),(17968,244,15,29,42,8),(17969,250,13,31,43,8),(17970,231,2,28,45,8),(17971,259,18,37,38,8),(17972,232,3,29,44,9),(17973,236,6,31,1,9),(17974,248,11,31,2,9),(17975,260,8,38,7,9),(17976,261,12,38,45,9),(17977,250,13,31,5,9),(17978,239,9,34,43,9),(17979,233,4,29,6,9),(17980,244,15,29,4,9),(17981,253,5,35,3,9),(17982,254,10,35,41,9),(17983,258,17,37,40,9),(17984,259,18,37,38,9),(17985,232,3,29,44,10),(17986,233,4,29,42,10),(17987,236,6,31,1,10),(17988,248,11,31,2,10),(17989,260,8,38,7,10),(17990,261,12,38,45,10),(17991,250,13,31,5,10),(17992,239,9,34,43,10),(17993,244,15,29,6,10),(17994,253,5,35,3,10),(17995,254,10,35,41,10),(17996,258,17,37,40,10),(17997,259,18,37,38,10),(17998,256,1,36,1,11),(17999,257,3,36,2,11),(18000,232,4,29,44,11),(18001,233,15,29,4,11),(18002,236,6,31,42,11),(18003,238,8,33,7,11),(18004,260,12,38,45,11),(18005,261,19,38,5,11),(18006,248,11,31,43,11),(18007,250,13,31,6,11),(18008,231,2,28,3,11),(18009,234,14,28,41,11),(18010,237,7,32,40,11),(18011,239,9,34,38,11),(18012,256,1,36,1,12),(18013,257,3,36,2,12),(18014,236,6,31,44,12),(18015,238,8,33,7,12),(18016,231,2,28,45,12),(18017,248,11,31,4,12),(18018,232,4,29,42,12),(18019,260,12,38,5,12),(18020,261,19,38,43,12),(18125,236,6,31,1,8),(18126,248,11,31,2,8),(18127,232,3,29,6,8),(18128,233,4,29,44,8),(18129,260,8,38,7,8),(18130,261,12,38,45,8),(18131,244,15,29,4,8),(18132,250,13,31,42,8),(18133,239,9,34,5,8),(18134,231,2,28,43,8),(18135,253,5,35,3,8),(18136,254,10,35,41,8),(18137,258,17,37,40,8),(18138,259,18,37,38,8),(18139,236,6,31,1,9),(18140,248,11,31,2,9),(18141,260,8,38,7,9),(18142,261,12,38,45,9),(18143,232,3,29,6,9),(18144,233,4,29,44,9),(18145,244,15,29,4,9),(18146,250,13,31,42,9),(18147,239,9,34,5,9),(18148,231,2,28,43,9),(18149,253,5,35,3,9),(18150,254,10,35,41,9),(18151,258,17,37,40,9),(18152,259,18,37,38,9),(18153,236,6,31,1,10),(18154,248,11,31,2,10),(18155,260,8,38,7,10),(18156,261,12,38,45,10),(18157,232,3,29,6,10),(18158,233,4,29,44,10),(18159,244,15,29,4,10),(18160,250,13,31,42,10),(18161,239,9,34,5,10),(18162,231,2,28,43,10),(18163,253,5,35,3,10),(18164,254,10,35,41,10),(18165,258,17,37,40,10),(18166,259,18,37,38,10),(18167,256,1,36,1,11),(18168,257,3,36,2,11),(18169,238,8,33,7,11),(18170,231,2,28,45,11),(18171,236,6,31,6,11),(18172,248,11,31,44,11),(18173,250,13,31,4,11),(18174,232,4,29,42,11),(18175,260,12,38,5,11),(18176,261,19,38,43,11),(18177,234,14,28,3,11),(18178,233,15,29,41,11),(18179,237,7,32,40,11),(18180,239,9,34,38,11),(18181,256,1,36,1,12),(18182,257,3,36,2,12),(18183,238,8,33,7,12),(18184,231,2,28,45,12),(18185,236,6,31,6,12),(18186,248,11,31,44,12),(18187,250,13,31,4,12),(18188,232,4,29,42,12),(18189,260,12,38,5,12),(18190,261,19,38,43,12),(18191,234,14,28,3,12),(18192,233,15,29,41,12),(18193,237,7,32,40,12),(18194,239,9,34,38,12),(18195,256,1,36,1,13),(18196,257,3,36,2,13),(18197,238,8,33,7,13),(18198,231,2,28,45,13),(18199,236,6,31,6,13),(18200,248,11,31,44,13),(18201,250,13,31,4,13),(18202,232,4,29,42,13),(18203,260,12,38,5,13),(18204,261,19,38,43,13),(18205,234,14,28,3,13),(18206,233,15,29,41,13),(18207,237,7,32,40,13),(18208,239,9,34,38,13),(18209,260,8,38,1,14),(18210,261,12,38,2,14),(18211,231,2,28,7,14),(18212,238,13,33,45,14),(18213,236,6,31,5,14),(18214,248,11,31,43,14),(18215,256,1,36,3,14),(18216,234,14,28,41,14),(18217,239,9,34,40,14),(18218,237,7,32,38,14),(18219,260,8,38,1,15),(18220,261,12,38,2,15),(18221,231,2,28,7,15),(18222,238,13,33,45,15),(18223,236,6,31,5,15),(18224,248,11,31,43,15),(18225,256,1,36,3,15),(18226,234,14,28,41,15),(18227,239,9,34,40,15),(18228,237,7,32,38,15),(18229,236,6,31,1,8),(18230,248,11,31,2,8),(18231,232,3,29,6,8),(18232,233,4,29,44,8),(18233,260,8,38,7,8),(18234,261,12,38,45,8),(18235,244,15,29,4,8),(18236,250,13,31,42,8),(18237,239,9,34,5,8),(18238,253,5,35,3,8),(18239,254,10,35,41,8),(18240,258,17,37,40,8),(18241,259,18,37,38,8),(18242,236,6,31,1,9),(18243,248,11,31,2,9),(18244,232,3,29,6,9),(18245,233,4,29,44,9),(18246,260,8,38,7,9),(18247,261,12,38,45,9),(18248,244,15,29,4,9),(18249,250,13,31,42,9),(18250,239,9,34,43,9),(18251,253,5,35,3,9),(18252,254,10,35,41,9),(18253,258,17,37,40,9),(18254,259,18,37,38,9),(18255,236,6,31,1,10),(18256,248,11,31,2,10),(18257,260,8,38,7,10),(18258,261,12,38,45,10),(18259,232,3,29,6,10),(18260,233,4,29,44,10),(18261,244,15,29,4,10),(18262,250,13,31,42,10),(18263,239,9,34,5,10),(18264,253,5,35,3,10),(18265,254,10,35,41,10),(18266,258,17,37,40,10),(18267,259,18,37,38,10),(18268,256,1,36,1,11),(18269,257,3,36,2,11),(18270,238,8,33,7,11),(18271,265,13,33,45,11),(18272,236,6,31,6,11),(18273,248,11,31,44,11),(18274,260,12,38,4,11),(18275,232,4,29,42,11),(18276,261,19,38,43,11),(18277,239,9,34,5,11),(18278,233,15,29,3,11),(18279,237,7,32,40,11),(18280,253,5,35,38,11),(18281,256,1,36,1,12),(18282,257,3,36,2,12),(18283,238,8,33,7,12),(18284,265,13,33,45,12),(18285,236,6,31,6,12),(18286,248,11,31,44,12),(18287,260,12,38,43,12),(18288,261,19,38,4,12),(18289,232,4,29,42,12),(18290,233,15,29,41,12),(18291,237,7,32,40,12),(18292,239,9,34,38,12),(18293,256,1,36,1,13),(18294,257,3,36,2,13),(18295,238,8,33,7,13),(18296,265,13,33,45,13),(18297,236,6,31,6,13),(18298,248,11,31,44,13),(18299,260,12,38,5,13),(18300,261,19,38,43,13),(18301,232,4,29,42,13),(18302,233,15,29,3,13),(18303,237,7,32,40,13),(18304,239,9,34,38,13),(18305,260,8,38,1,14),(18306,261,12,38,2,14),(18307,235,1,30,7,14),(18308,249,5,30,45,14),(18309,236,6,31,4,14),(18310,248,11,31,5,14),(18311,250,13,31,43,14),(18312,256,3,36,41,14),(18313,257,16,36,3,14),(18314,239,9,34,40,14),(18315,237,7,32,38,14),(18316,260,8,38,1,15),(18317,261,12,38,2,15),(18318,235,1,30,7,15),(18319,249,5,30,45,15),(18320,236,6,31,4,15),(18321,248,11,31,5,15),(18322,250,13,31,43,15),(18323,256,3,36,41,15),(18324,257,16,36,3,15),(18325,239,9,34,40,15),(18326,237,7,32,38,15),(18327,236,6,31,1,8),(18328,248,11,31,2,8),(18329,232,3,29,6,8),(18330,233,4,29,44,8),(18331,260,8,38,7,8),(18332,261,12,38,45,8),(18333,244,15,29,42,8),(18334,250,13,31,4,8),(18335,239,9,34,5,8),(18336,231,2,28,43,8),(18337,253,5,35,41,8),(18338,254,10,35,3,8),(18339,258,17,37,40,8),(18340,259,18,37,38,8),(18341,236,6,31,1,9),(18342,248,11,31,2,9),(18343,232,3,29,6,9),(18344,233,4,29,44,9),(18345,260,8,38,7,9),(18346,261,12,38,45,9),(18347,244,15,29,42,9),(18348,250,13,31,4,9),(18349,239,9,34,5,9),(18350,231,2,28,43,9),(18351,253,5,35,41,9),(18352,254,10,35,3,9),(18353,258,17,37,40,9),(18354,259,18,37,38,9),(18355,236,6,31,1,10),(18356,248,11,31,2,10),(18357,260,8,38,7,10),(18358,261,12,38,45,10),(18359,232,3,29,6,10),(18360,233,4,29,44,10),(18361,244,15,29,42,10),(18362,250,13,31,4,10),(18363,239,9,34,5,10),(18364,231,2,28,43,10),(18365,253,5,35,41,10),(18366,254,10,35,3,10),(18367,258,17,37,40,10),(18368,259,18,37,38,10),(18369,256,1,36,1,11),(18370,257,3,36,2,11),(18371,238,8,33,7,11),(18372,265,13,33,45,11),(18373,236,6,31,6,11),(18374,248,11,31,44,11),(18375,260,12,38,42,11),(18376,232,4,29,4,11),(18377,261,19,38,5,11),(18378,239,9,34,43,11),(18379,231,2,28,41,11),(18380,234,14,28,3,11),(18381,237,7,32,40,11),(18382,253,5,35,38,11),(18383,256,1,36,1,12),(18384,257,3,36,2,12),(18385,238,8,33,7,12),(18386,265,13,33,45,12),(18387,236,6,31,6,12),(18388,248,11,31,44,12),(18389,260,12,38,42,12),(18390,261,19,38,5,12),(18391,239,9,34,43,12),(18392,232,4,29,4,12),(18393,231,2,28,41,12),(18394,234,14,28,3,12),(18395,237,7,32,40,12),(18396,253,5,35,38,12),(18397,256,1,36,1,13),(18398,257,3,36,2,13),(18399,238,8,33,7,13),(18400,265,13,33,45,13),(18401,236,6,31,6,13),(18402,248,11,31,44,13),(18403,260,12,38,42,13),(18404,261,19,38,5,13),(18405,239,9,34,43,13),(18406,232,4,29,4,13),(18407,231,2,28,41,13),(18408,234,14,28,3,13),(18409,237,7,32,40,13),(18410,253,5,35,38,13),(18411,260,8,38,1,14),(18412,261,12,38,2,14),(18413,231,2,28,7,14),(18414,234,14,28,45,14),(18415,236,6,31,42,14),(18416,248,11,31,5,14),(18417,250,13,31,43,14),(18418,256,1,36,41,14),(18419,257,3,36,3,14),(18420,239,9,34,40,14),(18421,237,7,32,38,14),(18422,260,8,38,1,15),(18423,261,12,38,2,15),(18424,231,2,28,7,15),(18425,234,14,28,45,15),(18426,236,6,31,42,15),(18427,248,11,31,5,15),(18428,250,13,31,43,15),(18429,256,1,36,41,15),(18430,257,3,36,3,15),(18431,239,9,34,40,15),(18432,237,7,32,38,15),(18433,236,6,31,1,8),(18434,248,11,31,2,8),(18435,232,3,29,6,8),(18436,233,4,29,44,8),(18437,260,8,38,7,8),(18438,261,12,38,45,8),(18439,244,15,29,4,8),(18440,250,13,31,42,8),(18441,239,9,34,5,8),(18442,231,2,28,43,8),(18443,253,5,35,41,8),(18444,254,10,35,3,8),(18445,237,7,32,40,8),(18446,236,6,31,1,9),(18447,248,11,31,2,9),(18448,232,3,29,6,9),(18449,233,4,29,44,9),(18450,260,8,38,7,9),(18451,261,12,38,45,9),(18452,244,15,29,4,9),(18453,250,13,31,42,9),(18454,239,9,34,5,9),(18455,231,2,28,43,9),(18456,253,5,35,41,9),(18457,254,10,35,3,9),(18458,237,7,32,38,9),(18459,236,6,31,1,10),(18460,248,11,31,2,10),(18461,232,3,29,6,10),(18462,233,4,29,44,10),(18463,260,8,38,7,10),(18464,261,12,38,45,10),(18465,244,15,29,4,10),(18466,250,13,31,42,10),(18467,239,9,34,5,10),(18468,231,2,28,43,10),(18469,253,5,35,41,10),(18470,254,10,35,3,10),(18471,237,7,32,40,10),(18472,260,8,38,1,11),(18473,261,12,38,2,11),(18474,238,13,33,7,11),(18475,231,2,28,45,11),(18476,236,6,31,6,11),(18477,248,11,31,44,11),(18478,232,3,29,42,11),(18479,234,14,28,5,11),(18480,239,9,34,43,11),(18481,233,4,29,41,11),(18482,244,15,29,3,11),(18483,237,7,32,38,11),(18484,253,5,35,40,11),(18485,260,8,38,1,12),(18486,261,12,38,2,12),(18487,238,13,33,7,12),(18488,231,2,28,45,12),(18489,236,6,31,6,12),(18490,248,11,31,44,12),(18491,232,3,29,42,12),(18492,234,14,28,5,12),(18493,239,9,34,43,12),(18494,233,4,29,41,12),(18495,244,15,29,3,12),(18496,237,7,32,38,12),(18497,253,5,35,40,12),(18498,260,8,38,1,13),(18499,261,12,38,2,13),(18500,238,13,33,7,13),(18501,231,2,28,45,13),(18502,236,6,31,4,13),(18503,248,11,31,6,13),(18504,234,14,28,5,13),(18505,239,9,34,43,13),(18506,232,3,29,42,13),(18507,233,4,29,41,13),(18508,244,15,29,3,13),(18509,253,5,35,38,13),(18510,237,7,32,40,13),(18511,232,3,29,1,14),(18512,233,4,29,2,14),(18513,236,6,31,44,14),(18514,231,2,28,7,14),(18515,238,8,33,45,14),(18516,248,11,31,4,14),(18517,260,12,38,5,14),(18518,261,19,38,43,14),(18519,234,14,28,41,14),(18520,250,13,31,3,14),(18521,239,9,34,38,14),(18522,253,5,35,40,14),(18523,232,3,29,1,15),(18524,233,4,29,2,15),(18525,231,2,28,7,15),(18526,238,8,33,45,15),(18527,236,6,31,4,15),(18528,260,12,38,42,15),(18529,261,19,38,5,15),(18530,248,11,31,43,15),(18531,234,14,28,41,15),(18532,250,13,31,3,15),(18533,239,9,34,38,15),(18534,236,6,31,1,8),(18535,248,11,31,2,8),(18536,232,3,29,6,8),(18537,233,4,29,44,8),(18538,260,8,38,7,8),(18539,261,12,38,45,8),(18540,244,15,29,4,8),(18541,250,13,31,42,8),(18542,239,9,34,5,8),(18543,231,2,28,43,8),(18544,234,14,28,41,8),(18545,256,1,36,3,8),(18546,237,7,32,40,8),(18547,257,16,36,38,8),(18548,236,6,31,1,9),(18549,248,11,31,2,9),(18550,232,3,29,6,9),(18551,233,4,29,44,9),(18552,260,8,38,7,9),(18553,261,12,38,45,9),(18554,244,15,29,4,9),(18555,250,13,31,42,9),(18556,239,9,34,5,9),(18557,231,2,28,43,9),(18558,234,14,28,41,9),(18559,256,1,36,3,9),(18560,237,7,32,40,9),(18561,257,16,36,38,9),(18562,236,6,31,1,10),(18563,248,11,31,2,10),(18564,232,3,29,6,10),(18565,233,4,29,44,10),(18566,260,8,38,7,10),(18567,261,12,38,45,10),(18568,244,15,29,4,10),(18569,250,13,31,42,10),(18570,239,9,34,5,10),(18571,231,2,28,43,10),(18572,234,14,28,41,10),(18573,256,1,36,3,10),(18574,237,7,32,40,10),(18575,257,16,36,38,10),(18576,256,1,36,1,11),(18577,257,3,36,2,11),(18578,236,6,31,6,11),(18579,248,11,31,44,11),(18580,238,8,33,7,11),(18581,265,13,33,45,11),(18582,260,12,38,4,11),(18583,232,4,29,42,11),(18584,261,19,38,5,11),(18585,239,9,34,43,11),(18586,233,15,29,41,11),(18587,231,2,28,3,11),(18588,237,7,32,38,11),(18589,256,1,36,1,12),(18590,257,3,36,2,12),(18591,238,8,33,7,12),(18592,265,13,33,45,12),(18593,236,6,31,6,12),(18594,248,11,31,44,12),(18595,260,12,38,4,12),(18596,232,4,29,42,12),(18597,261,19,38,5,12),(18598,239,9,34,43,12),(18599,233,15,29,41,12),(18600,231,2,28,3,12),(18601,237,7,32,38,12),(18602,256,1,36,1,13),(18603,257,3,36,2,13),(18604,238,8,33,7,13),(18605,265,13,33,45,13),(18606,236,6,31,6,13),(18607,248,11,31,44,13),(18608,260,12,38,4,13),(18609,261,19,38,5,13),(18610,232,4,29,42,13),(18611,239,9,34,43,13),(18612,233,15,29,41,13),(18613,231,2,28,3,13),(18614,237,7,32,38,13),(18615,260,8,38,1,14),(18616,261,12,38,2,14),(18617,231,2,28,7,14),(18618,234,14,28,45,14),(18619,236,6,31,4,14),(18620,248,11,31,5,14),(18621,250,13,31,43,14),(18622,256,1,36,41,14),(18623,232,3,29,3,14),(18624,239,9,34,40,14),(18625,260,8,38,1,15),(18626,261,12,38,2,15),(18627,231,2,28,7,15),(18628,234,14,28,45,15),(18629,236,6,31,4,15),(18630,248,11,31,5,15),(18631,250,13,31,43,15),(18632,256,1,36,41,15),(18633,232,3,29,3,15),(18634,239,9,34,40,15),(18635,236,6,31,1,8),(18636,248,11,31,2,8),(18637,232,3,29,6,8),(18638,233,4,29,44,8),(18639,260,8,38,7,8),(18640,261,12,38,45,8),(18641,244,15,29,4,8),(18642,250,13,31,42,8),(18643,239,9,34,5,8),(18644,231,2,28,43,8),(18645,253,5,35,41,8),(18646,254,10,35,3,8),(18647,237,7,32,40,8),(18648,256,1,36,38,8),(18649,236,6,31,1,9),(18650,248,11,31,2,9),(18651,232,3,29,6,9),(18652,233,4,29,44,9),(18653,260,8,38,7,9),(18654,261,12,38,45,9),(18655,244,15,29,4,9),(18656,250,13,31,42,9),(18657,239,9,34,5,9),(18658,231,2,28,43,9),(18659,253,5,35,41,9),(18660,254,10,35,3,9),(18661,237,7,32,40,9),(18662,256,1,36,38,9),(18663,256,1,36,1,10),(18664,257,3,36,2,10),(18665,236,6,31,6,10),(18666,248,11,31,44,10),(18667,260,8,38,7,10),(18668,261,12,38,45,10),(18669,250,13,31,4,10),(18670,232,4,29,42,10),(18671,239,9,34,5,10),(18672,231,2,28,43,10),(18673,253,5,35,41,10),(18674,254,10,35,3,10),(18675,237,7,32,40,10),(18676,256,1,36,1,11),(18677,257,3,36,2,11),(18678,236,6,31,6,11),(18679,248,11,31,44,11),(18680,238,8,33,7,11),(18681,265,13,33,45,11),(18682,235,5,30,4,11),(18683,232,4,29,42,11),(18684,231,2,28,5,11),(18685,260,12,38,43,11),(18686,234,14,28,41,11),(18687,233,15,29,3,11),(18688,239,9,34,40,11),(18689,237,7,32,38,11),(18690,256,1,36,1,12),(18691,257,3,36,2,12),(18692,238,8,33,7,12),(18693,265,13,33,45,12),(18694,235,5,30,6,12),(18695,249,12,30,44,12),(18696,236,6,31,4,12),(18697,248,11,31,42,12),(18698,231,2,28,5,12),(18699,260,19,38,43,12),(18700,234,14,28,41,12),(18701,232,4,29,3,12),(18702,239,9,34,40,12),(18703,237,7,32,38,12),(18704,260,8,38,1,13),(18705,261,12,38,2,13),(18706,238,13,33,7,13),(18707,231,2,28,45,13),(18708,235,1,30,6,13),(18709,249,5,30,44,13),(18710,236,6,31,4,13),(18711,258,17,37,42,13),(18712,248,11,31,5,13),(18713,239,9,34,43,13),(18714,234,14,28,41,13),(18715,256,3,36,3,13),(18716,253,10,35,40,13),(18717,237,7,32,38,13),(18718,260,8,38,1,14),(18719,261,12,38,2,14),(18720,231,2,28,7,14),(18721,238,13,33,45,14),(18722,235,1,30,6,14),(18723,249,5,30,44,14),(18724,258,6,37,42,14),(18725,236,11,31,5,14),(18726,239,9,34,43,14),(18727,256,3,36,41,14),(18728,234,14,28,3,14),(18729,253,10,35,40,14),(18730,257,16,36,38,14),(18731,260,8,38,1,15),(18732,261,12,38,2,15),(18733,231,2,28,7,15),(18734,234,14,28,45,15),(18735,253,5,35,6,15),(18736,254,10,35,44,15),(18737,235,1,30,4,15),(18738,258,6,37,42,15),(18739,236,11,31,5,15),(18740,248,13,31,43,15),(18741,256,3,36,41,15),(18742,257,16,36,3,15),(18743,239,9,34,40,15),(18744,256,1,36,1,8),(18745,257,3,36,2,8),(18746,260,8,38,7,8),(18747,261,12,38,45,8),(18748,235,5,30,6,8),(18749,253,10,35,44,8),(18750,236,6,31,4,8),(18751,258,17,37,42,8),(18752,248,11,31,5,8),(18753,250,13,31,43,8),(18754,231,2,28,41,8),(18755,234,14,28,3,8),(18756,237,7,32,38,8),(18757,239,9,34,40,8),(18758,256,1,36,1,9),(18759,257,3,36,2,9),(18760,260,8,38,7,9),(18761,261,12,38,45,9),(18762,235,5,30,6,9),(18763,253,10,35,44,9),(18764,258,6,37,4,9),(18765,259,17,37,42,9),(18766,236,11,31,5,9),(18767,248,13,31,43,9),(18768,231,2,28,41,9),(18769,234,14,28,3,9),(18770,237,7,32,38,9),(18771,239,9,34,40,9),(18772,256,1,36,1,10),(18773,257,3,36,2,10),(18774,260,8,38,7,10),(18775,261,12,38,45,10),(18776,235,5,30,6,10),(18777,253,10,35,44,10),(18778,258,6,37,4,10),(18779,259,17,37,42,10),(18780,236,11,31,5,10),(18781,248,13,31,43,10),(18782,231,2,28,41,10),(18783,234,14,28,3,10),(18784,237,7,32,38,10),(18785,239,9,34,40,10),(18786,260,8,38,1,11),(18787,261,12,38,2,11),(18788,238,13,33,7,11),(18789,231,2,28,45,11),(18790,253,5,35,6,11),(18791,235,1,30,44,11),(18792,258,6,37,4,11),(18793,254,10,35,42,11),(18794,239,9,34,5,11),(18795,234,14,28,43,11),(18796,256,3,36,41,11),(18797,257,16,36,3,11),(18798,262,11,34,38,11),(18799,237,7,32,40,11),(18800,260,8,38,1,12),(18801,261,12,38,2,12),(18802,238,13,33,7,12),(18803,231,2,28,45,12),(18804,253,5,35,6,12),(18805,235,1,30,44,12),(18806,254,10,35,4,12),(18807,239,9,34,5,12),(18808,234,14,28,43,12),(18809,256,3,36,41,12),(18810,257,16,36,3,12),(18811,262,11,34,38,12),(18812,237,7,32,40,12),(18813,260,8,38,1,13),(18814,261,12,38,2,13),(18815,238,13,33,7,13),(18816,231,2,28,45,13),(18817,253,5,35,6,13),(18818,235,1,30,44,13),(18819,254,10,35,4,13),(18820,239,9,34,5,13),(18821,234,14,28,43,13),(18822,256,3,36,41,13),(18823,257,16,36,3,13),(18824,262,11,34,38,13),(18825,237,7,32,40,13),(18826,232,3,29,1,14),(18827,233,4,29,2,14),(18828,231,2,28,7,14),(18829,238,8,33,45,14),(18830,235,1,30,42,14),(18831,249,5,30,4,14),(18832,265,13,33,5,14),(18833,260,12,38,43,14),(18834,253,10,35,41,14),(18835,236,6,31,3,14),(18836,256,16,36,38,14),(18837,232,3,29,1,15),(18838,233,4,29,2,15),(18839,231,2,28,7,15),(18840,238,8,33,45,15),(18841,235,1,30,42,15),(18842,249,5,30,4,15),(18843,265,13,33,5,15),(18844,260,12,38,43,15),(18845,253,10,35,41,15),(18846,236,6,31,3,15),(18847,256,16,36,40,15),(18848,256,1,36,1,8),(18849,257,3,36,2,8),(18850,260,8,38,7,8),(18851,261,12,38,45,8),(18852,235,5,30,6,8),(18853,253,10,35,44,8),(18854,258,6,37,42,8),(18855,259,17,37,4,8),(18856,236,11,31,5,8),(18857,248,13,31,43,8),(18858,232,4,29,41,8),(18859,233,15,29,3,8),(18860,237,7,32,38,8),(18861,239,9,34,40,8),(18862,256,1,36,1,9),(18863,257,3,36,2,9),(18864,260,8,38,7,9),(18865,261,12,38,45,9),(18866,235,5,30,6,9),(18867,253,10,35,44,9),(18868,258,6,37,42,9),(18869,259,17,37,4,9),(18870,236,11,31,5,9),(18871,248,13,31,43,9),(18872,232,4,29,41,9),(18873,233,15,29,3,9),(18874,237,7,32,38,9),(18875,239,9,34,40,9),(18876,256,1,36,1,10),(18877,257,3,36,2,10),(18878,260,8,38,7,10),(18879,261,12,38,45,10),(18880,235,5,30,6,10),(18881,253,10,35,44,10),(18882,258,6,37,42,10),(18883,259,17,37,4,10),(18884,236,11,31,5,10),(18885,248,13,31,43,10),(18886,232,4,29,41,10),(18887,233,15,29,3,10),(18888,237,7,32,38,10),(18889,239,9,34,40,10),(18890,260,8,38,1,11),(18891,261,12,38,2,11),(18892,238,13,33,7,11),(18893,235,1,30,45,11),(18894,253,5,35,6,11),(18895,254,10,35,42,11),(18896,239,9,34,5,11),(18897,262,11,34,43,11),(18898,256,3,36,41,11),(18899,257,16,36,3,11),(18900,237,7,32,40,11),(18901,260,8,38,1,12),(18902,261,12,38,2,12),(18903,238,13,33,7,12),(18904,235,1,30,45,12),(18905,249,5,30,44,12),(18906,253,10,35,6,12),(18907,239,9,34,5,12),(18908,262,11,34,43,12),(18909,256,3,36,41,12),(18910,257,16,36,3,12),(18911,237,7,32,40,12),(18912,260,8,38,1,13),(18913,261,12,38,2,13),(18914,238,13,33,7,13),(18915,235,1,30,45,13),(18916,249,5,30,44,13),(18917,253,10,35,6,13),(18918,239,9,34,5,13),(18919,262,11,34,43,13),(18920,256,3,36,41,13),(18921,257,16,36,3,13),(18922,237,7,32,40,13),(18923,232,3,29,1,14),(18924,233,4,29,2,14),(18925,235,1,30,7,14),(18926,238,8,33,45,14),(18927,249,5,30,44,14),(18928,250,12,30,4,14),(18929,260,19,38,42,14),(18930,265,13,33,5,14),(18931,236,6,31,41,14),(18932,253,10,35,3,14),(18933,239,9,34,38,14),(18934,256,16,36,40,14),(18935,232,3,29,1,15),(18936,233,4,29,2,15),(18937,235,1,30,7,15),(18938,238,8,33,45,15),(18939,249,5,30,4,15),(18940,250,12,30,42,15),(18941,260,19,38,43,15),(18942,265,13,33,5,15),(18943,236,6,31,41,15),(18944,253,10,35,3,15),(18945,239,9,34,38,15),(18946,256,16,36,40,15),(18947,256,1,36,1,8),(18948,257,3,36,2,8),(18949,260,8,38,7,8),(18950,261,12,38,45,8),(18951,235,5,30,6,8),(18952,253,10,35,44,8),(18953,258,6,37,4,8),(18954,259,17,37,42,8),(18955,236,11,31,43,8),(18956,248,13,31,5,8),(18957,231,2,28,41,8),(18958,234,14,28,3,8),(18959,237,7,32,38,8),(18960,239,9,34,40,8),(18961,256,1,36,1,9),(18962,257,3,36,2,9),(18963,260,8,38,7,9),(18964,261,12,38,45,9),(18965,235,5,30,6,9),(18966,253,10,35,44,9),(18967,258,6,37,4,9),(18968,259,17,37,42,9),(18969,236,11,31,43,9),(18970,239,9,34,5,9),(18971,231,2,28,41,9),(18972,234,14,28,3,9),(18973,237,7,32,38,9),(18974,256,1,36,1,10),(18975,257,3,36,2,10),(18976,260,8,38,7,10),(18977,261,12,38,45,10),(18978,235,5,30,6,10),(18979,253,10,35,44,10),(18980,258,6,37,4,10),(18981,259,17,37,42,10),(18982,231,2,28,43,10),(18983,239,9,34,5,10),(18984,234,14,28,41,10),(18985,236,11,31,3,10),(18986,237,7,32,38,10),(18987,260,8,38,1,11),(18988,261,12,38,2,11),(18989,238,13,33,7,11),(18990,231,2,28,45,11),(18991,253,5,35,6,11),(18992,235,1,30,44,11),(18993,254,10,35,4,11),(18994,234,14,28,43,11),(18995,239,9,34,5,11),(18996,256,3,36,41,11),(18997,257,16,36,3,11),(18998,262,11,34,38,11),(18999,237,7,32,40,11),(19000,260,8,38,1,12),(19001,261,12,38,2,12),(19002,238,13,33,7,12),(19003,231,2,28,45,12),(19004,253,5,35,6,12),(19005,235,1,30,44,12),(19006,254,10,35,42,12),(19007,234,14,28,43,12),(19008,237,7,32,5,12),(19009,256,3,36,41,12),(19010,257,16,36,3,12),(19011,239,9,34,38,12),(19012,251,11,32,40,12),(19013,260,8,38,1,13),(19014,261,12,38,2,13),(19015,238,13,33,7,13),(19016,231,2,28,45,13),(19017,253,5,35,6,13),(19018,235,1,30,44,13),(19019,254,10,35,4,13),(19020,239,9,34,43,13),(19021,237,7,32,5,13),(19022,256,3,36,41,13),(19023,234,14,28,3,13),(19024,262,11,34,38,13),(19025,257,16,36,40,13),(19026,232,3,29,1,14),(19027,233,4,29,2,14),(19028,231,2,28,7,14),(19029,238,8,33,45,14),(19030,235,1,30,42,14),(19031,249,5,30,4,14),(19032,260,12,38,43,14),(19033,265,13,33,5,14),(19034,236,6,31,41,14),(19035,256,16,36,3,14),(19036,253,10,35,38,14),(19037,237,7,32,40,14),(19038,232,3,29,1,15),(19039,233,4,29,2,15),(19040,231,2,28,7,15),(19041,238,8,33,45,15),(19042,235,1,30,42,15),(19043,249,5,30,4,15),(19044,239,9,34,43,15),(19045,265,13,33,5,15),(19046,236,6,31,41,15),(19047,248,11,31,3,15),(19048,253,10,35,38,15),(19049,254,12,35,40,15),(19050,260,8,38,1,8),(19051,261,12,38,2,8),(19052,238,13,33,7,8),(19053,231,2,28,45,8),(19054,235,1,30,6,8),(19055,249,5,30,44,8),(19056,258,6,37,42,8),(19057,259,17,37,4,8),(19058,234,14,28,43,8),(19059,239,9,34,5,8),(19060,236,11,31,41,8),(19061,232,3,29,3,8),(19062,237,7,32,38,8),(19063,253,10,35,40,8),(19064,260,8,38,1,9),(19065,261,12,38,2,9),(19066,238,13,33,7,9),(19067,231,2,28,45,9),(19068,235,1,30,6,9),(19069,249,5,30,44,9),(19070,258,6,37,42,9),(19071,259,17,37,4,9),(19072,234,14,28,43,9),(19073,239,9,34,5,9),(19074,236,11,31,41,9),(19075,232,3,29,3,9),(19076,237,7,32,38,9),(19077,253,10,35,40,9),(19078,260,8,38,1,10),(19079,261,12,38,2,10),(19080,238,13,33,7,10),(19081,231,2,28,45,10),(19082,235,1,30,6,10),(19083,249,5,30,44,10),(19084,258,6,37,42,10),(19085,259,17,37,4,10),(19086,234,14,28,43,10),(19087,239,9,34,5,10),(19088,236,11,31,41,10),(19089,232,3,29,3,10),(19090,237,7,32,38,10),(19091,253,10,35,40,10),(19092,232,3,29,1,11),(19093,233,4,29,2,11),(19094,260,8,38,7,11),(19095,261,12,38,45,11),(19096,253,5,35,6,11),(19097,254,10,35,44,11),(19098,235,1,30,42,11),(19099,239,9,34,43,11),(19100,238,13,33,5,11),(19101,231,2,28,41,11),(19102,234,14,28,3,11),(19103,262,11,34,38,11),(19104,232,3,29,1,12),(19105,233,4,29,2,12),(19106,260,8,38,7,12),(19107,261,12,38,45,12),(19108,253,5,35,6,12),(19109,254,10,35,44,12),(19110,235,1,30,4,12),(19111,239,9,34,43,12),(19112,238,13,33,5,12),(19113,231,2,28,41,12),(19114,234,14,28,3,12),(19115,262,11,34,38,12),(19116,232,3,29,1,13),(19117,233,4,29,2,13),(19118,260,8,38,7,13),(19119,261,12,38,45,13),(19120,253,5,35,6,13),(19121,254,10,35,44,13),(19122,235,1,30,42,13),(19123,239,9,34,43,13),(19124,238,13,33,5,13),(19125,231,2,28,41,13),(19126,234,14,28,3,13),(19127,262,11,34,40,13),(19128,253,5,35,1,14),(19129,254,10,35,2,14),(19130,231,2,28,7,14),(19131,238,8,33,45,14),(19132,235,1,30,4,14),(19133,249,12,30,42,14),(19134,237,7,32,43,14),(19135,251,11,32,5,14),(19136,232,3,29,41,14),(19137,236,6,31,3,14),(19138,239,9,34,38,14),(19139,253,5,35,1,15),(19140,254,10,35,2,15),(19141,231,2,28,7,15),(19142,238,8,33,45,15),(19143,235,1,30,4,15),(19144,260,12,38,42,15),(19145,237,7,32,43,15),(19146,251,11,32,5,15),(19147,232,3,29,41,15),(19148,236,6,31,3,15),(19149,239,9,34,40,15),(19150,260,8,38,1,8),(19151,261,12,38,2,8),(19152,238,13,33,7,8),(19153,231,2,28,45,8),(19154,258,6,37,4,8),(19155,259,17,37,42,8),(19156,234,14,28,43,8),(19157,239,9,34,5,8),(19158,256,1,36,41,8),(19159,257,3,36,3,8),(19160,237,7,32,38,8),(19161,262,11,34,40,8),(19162,260,8,38,1,9),(19163,261,12,38,2,9),(19164,238,13,33,7,9),(19165,231,2,28,45,9),(19166,258,6,37,4,9),(19167,259,17,37,42,9),(19168,234,14,28,43,9),(19169,239,9,34,5,9),(19170,256,1,36,41,9),(19171,257,3,36,3,9),(19172,262,11,34,38,9),(19173,260,8,38,1,10),(19174,261,12,38,2,10),(19175,238,13,33,7,10),(19176,231,2,28,45,10),(19177,258,6,37,4,10),(19178,259,17,37,42,10),(19179,234,14,28,43,10),(19180,239,9,34,5,10),(19181,256,1,36,41,10),(19182,257,3,36,3,10),(19183,262,11,34,40,10),(19184,256,1,36,1,11),(19185,257,3,36,2,11),(19186,260,8,38,7,11),(19187,261,12,38,45,11),(19188,239,9,34,43,11),(19189,238,13,33,5,11),(19190,231,2,28,41,11),(19191,234,14,28,3,11),(19192,262,11,34,38,11),(19193,256,1,36,1,12),(19194,257,3,36,2,12),(19195,231,2,28,7,12),(19196,238,8,33,45,12),(19197,260,12,38,4,12),(19198,261,19,38,42,12),(19199,239,9,34,43,12),(19200,265,13,33,5,12),(19201,234,14,28,41,12),(19202,236,6,31,3,12),(19203,262,11,34,40,12),(19204,256,1,36,1,13),(19205,257,3,36,2,13),(19206,231,2,28,7,13),(19207,238,8,33,45,13),(19208,260,12,38,4,13),(19209,261,19,38,42,13),(19210,239,9,34,43,13),(19211,265,13,33,5,13),(19212,234,14,28,41,13),(19213,236,6,31,3,13),(19214,262,11,34,38,13),(19215,232,3,29,1,14),(19216,233,4,29,2,14),(19217,231,2,28,7,14),(19218,238,8,33,45,14),(19219,260,12,38,4,14),(19220,261,19,38,42,14),(19221,237,7,32,43,14),(19222,251,11,32,5,14),(19223,236,6,31,41,14),(19224,234,14,28,3,14),(19225,256,1,36,40,14),(19226,257,16,36,38,14),(19227,232,3,29,1,15),(19228,233,4,29,2,15),(19229,237,7,32,43,15),(19230,251,11,32,5,15),(19231,236,6,31,41,15),(19232,231,2,28,3,15),(19233,256,1,36,40,15),(19234,257,16,36,38,15),(19235,260,8,38,1,8),(19236,261,12,38,2,8),(19237,235,1,30,6,8),(19238,249,5,30,44,8),(19239,238,13,33,7,8),(19240,231,2,28,45,8),(19241,258,6,37,4,8),(19242,259,17,37,42,8),(19243,234,14,28,43,8),(19244,239,9,34,5,8),(19245,256,3,36,41,8),(19246,257,16,36,3,8),(19247,262,11,34,40,8),(19248,253,10,35,38,8),(19249,260,8,38,1,9),(19250,261,12,38,2,9),(19251,235,1,30,6,9),(19252,249,5,30,44,9),(19253,238,13,33,7,9),(19254,231,2,28,45,9),(19255,258,6,37,4,9),(19256,259,17,37,42,9),(19257,234,14,28,43,9),(19258,239,9,34,5,9),(19259,256,3,36,41,9),(19260,257,16,36,3,9),(19261,262,11,34,40,9),(19262,253,10,35,38,9),(19263,260,8,38,1,10),(19264,261,12,38,2,10),(19265,235,1,30,6,10),(19266,249,5,30,44,10),(19267,238,13,33,7,10),(19268,231,2,28,45,10),(19269,258,6,37,4,10),(19270,259,17,37,42,10),(19271,234,14,28,43,10),(19272,239,9,34,5,10),(19273,256,3,36,41,10),(19274,257,16,36,3,10),(19275,262,11,34,40,10),(19276,253,10,35,38,10),(19277,256,1,36,1,11),(19278,257,3,36,2,11),(19279,253,5,35,6,11),(19280,254,10,35,44,11),(19281,231,2,28,7,11),(19282,238,8,33,45,11),(19283,235,12,30,4,11),(19284,260,19,38,42,11),(19285,239,9,34,43,11),(19286,265,13,33,5,11),(19287,234,14,28,41,11),(19288,236,6,31,3,11),(19289,262,11,34,38,11),(19290,256,1,36,1,12),(19291,257,3,36,2,12),(19292,253,5,35,6,12),(19293,254,10,35,44,12),(19294,231,2,28,7,12),(19295,238,8,33,45,12),(19296,235,12,30,4,12),(19297,260,19,38,42,12),(19298,239,9,34,43,12),(19299,265,13,33,5,12),(19300,234,14,28,41,12),(19301,236,6,31,3,12),(19302,262,11,34,38,12),(19303,256,1,36,1,13),(19304,257,3,36,2,13),(19305,253,5,35,6,13),(19306,254,10,35,44,13),(19307,231,2,28,7,13),(19308,238,8,33,45,13),(19309,235,12,30,4,13),(19310,260,19,38,42,13),(19311,239,9,34,43,13),(19312,265,13,33,5,13),(19313,234,14,28,41,13),(19314,236,6,31,3,13),(19315,262,11,34,38,13),(19316,232,3,29,1,14),(19317,233,4,29,2,14),(19318,235,1,30,7,14),(19319,249,5,30,45,14),(19320,260,8,38,4,14),(19321,250,12,30,42,14),(19322,237,7,32,43,14),(19323,251,11,32,5,14),(19324,253,10,35,40,14),(19325,236,6,31,41,14),(19326,231,2,28,3,14),(19327,256,16,36,38,14),(19328,232,3,29,1,15),(19329,233,4,29,2,15),(19330,235,1,30,7,15),(19331,249,5,30,45,15),(19332,260,8,38,4,15),(19333,250,12,30,42,15),(19334,237,7,32,43,15),(19335,251,11,32,5,15),(19336,253,10,35,40,15),(19337,236,6,31,41,15),(19338,231,2,28,3,15),(19339,256,16,36,38,15),(19340,260,8,38,1,8),(19341,261,12,38,2,8),(19342,235,1,30,6,8),(19343,249,5,30,44,8),(19344,238,13,33,7,8),(19345,231,2,28,45,8),(19346,258,6,37,4,8),(19347,259,17,37,42,8),(19348,234,14,28,43,8),(19349,239,9,34,5,8),(19350,262,11,34,40,8),(19351,256,3,36,41,8),(19352,257,16,36,3,8),(19353,253,10,35,38,8),(19354,260,8,38,1,9),(19355,261,12,38,2,9),(19356,235,1,30,6,9),(19357,249,5,30,44,9),(19358,231,2,28,7,9),(19359,238,13,33,45,9),(19360,258,6,37,4,9),(19361,259,17,37,42,9),(19362,234,14,28,43,9),(19363,237,7,32,5,9),(19364,256,3,36,41,9),(19365,239,9,34,40,9),(19366,257,16,36,3,9),(19367,262,11,34,38,9),(19368,260,8,38,1,10),(19369,261,12,38,2,10),(19370,235,1,30,6,10),(19371,249,5,30,44,10),(19372,231,2,28,7,10),(19373,238,13,33,45,10),(19374,258,6,37,4,10),(19375,259,17,37,42,10),(19376,234,14,28,43,10),(19377,237,7,32,5,10),(19378,256,3,36,41,10),(19379,239,9,34,40,10),(19380,257,16,36,3,10),(19381,262,11,34,38,10),(19382,256,1,36,1,11),(19383,257,3,36,2,11),(19384,253,5,35,6,11),(19385,254,10,35,44,11),(19386,231,2,28,7,11),(19387,238,8,33,45,11),(19388,235,12,30,4,11),(19389,260,19,38,42,11),(19390,239,9,34,43,11),(19391,265,13,33,5,11),(19392,234,14,28,41,11),(19393,236,6,31,3,11),(19394,262,11,34,38,11),(19395,256,1,36,1,12),(19396,257,3,36,2,12),(19397,253,5,35,6,12),(19398,254,10,35,44,12),(19399,235,12,30,7,12),(19400,231,2,28,45,12),(19401,260,8,38,4,12),(19402,261,19,38,42,12),(19403,239,9,34,43,12),(19404,238,13,33,5,12),(19405,236,6,31,41,12),(19406,234,14,28,3,12),(19407,256,1,36,1,13),(19408,257,3,36,2,13),(19409,253,5,35,6,13),(19410,254,10,35,44,13),(19411,235,12,30,7,13),(19412,231,2,28,45,13),(19413,260,8,38,4,13),(19414,261,19,38,42,13),(19415,239,9,34,43,13),(19416,238,13,33,5,13),(19417,236,6,31,41,13),(19418,234,14,28,3,13),(19419,232,3,29,1,14),(19420,233,4,29,2,14),(19421,235,1,30,7,14),(19422,249,5,30,45,14),(19423,250,12,30,4,14),(19424,253,10,35,42,14),(19425,237,7,32,43,14),(19426,251,11,32,5,14),(19427,256,16,36,40,14),(19428,236,6,31,41,14),(19429,231,2,28,3,14),(19430,232,3,29,1,15),(19431,233,4,29,2,15),(19432,253,5,35,7,15),(19433,235,1,30,45,15),(19434,249,12,30,4,15),(19435,254,10,35,42,15),(19436,237,7,32,43,15),(19437,231,2,28,5,15),(19438,256,16,36,40,15),(19439,244,15,29,41,15),(19440,236,6,31,3,15),(19441,260,8,38,1,8),(19442,261,12,38,2,8),(19443,235,1,30,6,8),(19444,249,5,30,44,8),(19445,253,10,35,7,8),(19446,238,13,33,45,8),(19447,258,6,37,4,8),(19448,259,17,37,42,8),(19449,239,9,34,43,8),(19450,237,7,32,5,8),(19451,262,11,34,40,8),(19452,256,3,36,41,8),(19453,257,16,36,38,8),(19454,232,4,29,3,8),(19455,260,8,38,1,9),(19456,261,12,38,2,9),(19457,235,1,30,6,9),(19458,249,5,30,44,9),(19459,253,10,35,7,9),(19460,238,13,33,45,9),(19461,258,6,37,4,9),(19462,259,17,37,42,9),(19463,239,9,34,43,9),(19464,237,7,32,5,9),(19465,256,3,36,40,9),(19466,257,16,36,41,9),(19467,262,11,34,38,9),(19468,232,4,29,3,9),(19469,260,8,38,1,10),(19470,261,12,38,2,10),(19471,235,1,30,6,10),(19472,249,5,30,44,10),(19473,253,10,35,7,10),(19474,238,13,33,45,10),(19475,258,6,37,4,10),(19476,259,17,37,42,10),(19477,239,9,34,43,10),(19478,237,7,32,5,10),(19479,256,3,36,40,10),(19480,257,16,36,41,10),(19481,236,11,31,3,10),(19482,256,1,36,1,11),(19483,257,3,36,2,11),(19484,253,5,35,6,11),(19485,254,10,35,44,11),(19486,235,12,30,7,11),(19487,260,8,38,4,11),(19488,261,19,38,42,11),(19489,237,7,32,43,11),(19490,238,13,33,5,11),(19491,236,6,31,41,11),(19492,248,11,31,3,11),(19493,256,1,36,1,12),(19494,257,3,36,2,12),(19495,253,5,35,6,12),(19496,254,10,35,44,12),(19497,235,12,30,45,12),(19498,260,8,38,4,12),(19499,261,19,38,42,12),(19500,237,7,32,43,12),(19501,238,13,33,5,12),(19502,236,6,31,41,12),(19503,248,11,31,3,12),(19504,256,1,36,1,13),(19505,257,3,36,2,13),(19506,253,5,35,6,13),(19507,254,10,35,44,13),(19508,235,12,30,7,13),(19509,260,8,38,4,13),(19510,261,19,38,42,13),(19511,237,7,32,43,13),(19512,238,13,33,5,13),(19513,236,6,31,41,13),(19514,232,4,29,3,13),(19515,232,3,29,1,14),(19516,233,4,29,2,14),(19517,235,1,30,45,14),(19518,249,5,30,7,14),(19519,250,12,30,4,14),(19520,253,10,35,42,14),(19521,238,8,33,43,14),(19522,256,16,36,40,14),(19523,244,15,29,41,14),(19524,232,3,29,1,15),(19525,233,4,29,2,15),(19526,235,1,30,45,15),(19527,249,5,30,4,15),(19528,250,12,30,42,15),(19529,253,10,35,5,15),(19530,238,8,33,43,15),(19531,256,16,36,38,15),(19532,244,15,29,41,15),(19533,256,1,36,1,8),(19534,257,3,36,2,8),(19535,235,5,30,6,8),(19536,249,12,30,44,8),(19537,231,2,28,7,8),(19538,238,8,33,45,8),(19539,258,6,37,4,8),(19540,259,17,37,42,8),(19541,265,13,33,5,8),(19542,234,14,28,43,8),(19543,253,10,35,40,8),(19544,236,11,31,3,8),(19545,232,4,29,41,8),(19546,232,3,29,1,9),(19547,233,4,29,2,9),(19548,235,1,30,6,9),(19549,249,5,30,44,9),(19550,231,2,28,7,9),(19551,238,8,33,45,9),(19552,258,6,37,4,9),(19553,259,17,37,42,9),(19554,265,13,33,5,9),(19555,234,14,28,43,9),(19556,253,10,35,40,9),(19557,256,16,36,38,9),(19558,236,11,31,3,9),(19559,244,15,29,41,9),(19560,232,3,29,1,10),(19561,233,4,29,2,10),(19562,235,1,30,6,10),(19563,249,5,30,44,10),(19564,231,2,28,7,10),(19565,234,8,28,45,10),(19566,258,6,37,4,10),(19567,259,17,37,42,10),(19568,238,13,33,5,10),(19569,240,14,28,43,10),(19570,253,10,35,40,10),(19571,256,16,36,38,10),(19572,236,11,31,3,10),(19573,244,15,29,41,10),(19574,232,3,29,1,11),(19575,233,4,29,2,11),(19576,253,5,35,6,11),(19577,254,10,35,44,11),(19578,235,1,30,7,11),(19579,231,2,28,45,11),(19580,249,12,30,4,11),(19581,260,8,38,42,11),(19582,237,7,32,5,11),(19583,239,9,34,43,11),(19584,256,16,36,40,11),(19585,244,15,29,3,11),(19586,236,6,31,41,11),(19587,253,5,35,1,12),(19588,254,10,35,2,12),(19589,255,12,35,6,12),(19590,235,1,30,7,12),(19591,231,2,28,45,12),(19592,260,8,38,4,12),(19593,261,19,38,42,12),(19594,237,7,32,5,12),(19595,239,9,34,43,12),(19596,256,3,36,38,12),(19597,257,16,36,40,12),(19598,232,4,29,3,12),(19599,236,6,31,41,12),(19600,253,5,35,1,13),(19601,254,10,35,2,13),(19602,255,12,35,44,13),(19603,235,1,30,7,13),(19604,260,8,38,4,13),(19605,261,19,38,42,13),(19606,237,7,32,5,13),(19607,239,9,34,43,13),(19608,256,3,36,40,13),(19609,257,16,36,3,13),(19610,236,6,31,41,13),(19611,253,5,35,1,14),(19612,254,10,35,2,14),(19613,255,12,35,6,14),(19614,235,1,30,45,14),(19615,260,8,38,4,14),(19616,231,2,28,5,14),(19617,237,7,32,43,14),(19618,256,3,36,3,14),(19619,257,16,36,41,14),(19620,258,6,37,1,15),(19621,259,17,37,2,15),(19622,253,5,35,44,15),(19623,254,10,35,7,15),(19624,235,1,30,45,15),(19625,249,12,30,42,15),(19626,231,2,28,5,15),(19627,237,7,32,43,15),(19628,232,3,29,3,15),(19629,256,16,36,41,15),(19630,232,3,29,1,8),(19631,233,4,29,2,8),(19632,235,1,30,6,8),(19633,249,5,30,44,8),(19634,231,2,28,7,8),(19635,234,8,28,45,8),(19636,258,6,37,4,8),(19637,250,12,30,42,8),(19638,238,13,33,5,8),(19639,240,14,28,43,8),(19640,253,10,35,38,8),(19641,236,11,31,3,8),(19642,244,15,29,41,8),(19643,232,3,29,1,9),(19644,233,4,29,2,9),(19645,235,1,30,6,9),(19646,249,5,30,44,9),(19647,231,2,28,7,9),(19648,234,8,28,45,9),(19649,258,6,37,4,9),(19650,250,12,30,42,9),(19651,238,13,33,5,9),(19652,240,14,28,43,9),(19653,253,10,35,38,9),(19654,236,11,31,3,9),(19655,244,15,29,41,9),(19656,232,3,29,1,10),(19657,233,4,29,2,10),(19658,235,1,30,6,10),(19659,249,5,30,44,10),(19660,231,2,28,7,10),(19661,234,8,28,45,10),(19662,258,6,37,4,10),(19663,250,12,30,42,10),(19664,238,13,33,5,10),(19665,239,9,34,43,10),(19666,253,10,35,40,10),(19667,236,11,31,3,10),(19668,244,15,29,41,10),(19669,253,5,35,1,11),(19670,254,10,35,2,11),(19671,231,2,28,6,11),(19672,234,8,28,44,11),(19673,235,1,30,7,11),(19674,249,12,30,45,11),(19675,260,19,38,4,11),(19676,237,7,32,5,11),(19677,239,9,34,43,11),(19678,232,3,29,3,11),(19679,236,6,31,41,11),(19680,253,5,35,1,12),(19681,254,10,35,2,12),(19682,231,2,28,6,12),(19683,234,8,28,44,12),(19684,235,1,30,7,12),(19685,249,12,30,45,12),(19686,260,19,38,42,12),(19687,237,7,32,5,12),(19688,239,9,34,43,12),(19689,232,3,29,3,12),(19690,236,6,31,41,12),(19691,253,5,35,1,13),(19692,254,10,35,2,13),(19693,231,2,28,6,13),(19694,234,8,28,44,13),(19695,235,1,30,7,13),(19696,249,12,30,45,13),(19697,260,19,38,4,13),(19698,237,7,32,5,13),(19699,251,11,32,43,13),(19700,232,3,29,3,13),(19701,236,6,31,41,13),(19702,258,6,37,1,14),(19703,259,17,37,2,14),(19704,253,5,35,6,14),(19705,254,10,35,44,14),(19706,255,12,35,7,14),(19707,260,8,38,42,14),(19708,235,1,30,4,14),(19709,231,2,28,5,14),(19710,237,7,32,43,14),(19711,258,6,37,1,15),(19712,259,17,37,2,15),(19713,253,5,35,6,15),(19714,254,10,35,44,15),(19715,255,12,35,45,15),(19716,260,8,38,42,15),(19717,235,1,30,4,15),(19718,231,2,28,5,15),(19719,237,7,32,43,15),(19720,232,3,29,1,8),(19721,233,4,29,2,8),(19722,231,2,28,6,8),(19723,234,8,28,44,8),(19724,240,14,28,7,8),(19725,260,12,38,42,8),(19726,261,19,38,4,8),(19727,238,13,33,5,8),(19728,237,7,32,43,8),(19729,256,1,36,38,8),(19730,257,16,36,40,8),(19731,236,6,31,3,8),(19732,248,11,31,41,8),(19733,232,3,29,1,9),(19734,233,4,29,2,9),(19735,231,2,28,45,9),(19736,234,8,28,6,9),(19737,240,14,28,44,9),(19738,260,12,38,42,9),(19739,261,19,38,4,9),(19740,238,13,33,5,9),(19741,237,7,32,43,9),(19742,256,1,36,38,9),(19743,257,16,36,40,9),(19744,236,6,31,3,9),(19745,248,11,31,41,9),(19746,232,3,29,1,10),(19747,233,4,29,2,10),(19748,231,2,28,7,10),(19749,234,8,28,6,10),(19750,240,14,28,44,10),(19751,260,12,38,42,10),(19752,261,19,38,4,10),(19753,238,13,33,5,10),(19754,237,7,32,43,10),(19755,256,1,36,38,10),(19756,257,16,36,40,10),(19757,236,6,31,3,10),(19758,248,11,31,41,10),(19759,258,6,37,1,11),(19760,259,17,37,2,11),(19761,231,2,28,7,11),(19762,237,7,32,5,11),(19763,238,8,33,43,11),(19764,232,3,29,3,11),(19765,233,4,29,41,11),(19766,258,6,37,1,12),(19767,259,17,37,2,12),(19768,237,7,32,5,12),(19769,238,8,33,43,12),(19770,232,3,29,3,12),(19771,233,4,29,41,12),(19772,258,6,37,1,13),(19773,259,17,37,2,13),(19774,237,7,32,5,13),(19775,238,8,33,43,13),(19776,232,3,29,3,13),(19777,233,4,29,41,13),(19778,231,2,28,5,14),(19779,231,2,28,5,15),(19780,232,3,29,1,8),(19781,233,4,29,2,8),(19782,235,1,30,45,8),(19783,231,2,28,7,8),(19784,234,8,28,6,8),(19785,240,14,28,44,8),(19786,260,12,38,42,8),(19787,249,5,30,4,8),(19788,237,7,32,43,8),(19789,251,11,32,5,8),(19790,256,16,36,38,8),(19791,253,10,35,40,8),(19792,236,6,31,3,8),(19793,248,13,31,41,8),(19794,232,3,29,1,9),(19795,233,4,29,2,9),(19796,235,1,30,45,9),(19797,231,2,28,7,9),(19798,234,8,28,6,9),(19799,240,14,28,44,9),(19800,260,12,38,42,9),(19801,249,5,30,4,9),(19802,237,7,32,43,9),(19803,251,11,32,5,9),(19804,256,16,36,38,9),(19805,253,10,35,40,9),(19806,236,6,31,3,9),(19807,248,13,31,41,9),(19808,232,3,29,1,10),(19809,233,4,29,2,10),(19810,235,1,30,45,10),(19811,231,2,28,7,10),(19812,234,8,28,6,10),(19813,240,14,28,44,10),(19814,260,12,38,42,10),(19815,249,5,30,4,10),(19816,237,7,32,43,10),(19817,251,11,32,5,10),(19818,256,16,36,38,10),(19819,253,10,35,40,10),(19820,236,6,31,3,10),(19821,248,13,31,41,10),(19822,253,5,35,1,11),(19823,254,10,35,2,11),(19824,255,12,35,45,11),(19825,235,1,30,7,11),(19826,260,8,38,4,11),(19827,238,13,33,43,11),(19828,231,2,28,5,11),(19829,256,3,36,40,11),(19830,232,4,29,3,11),(19831,233,15,29,41,11),(19832,253,5,35,1,12),(19833,254,10,35,2,12),(19834,255,12,35,45,12),(19835,235,1,30,7,12),(19836,260,8,38,4,12),(19837,238,13,33,43,12),(19838,231,2,28,5,12),(19839,256,3,36,40,12),(19840,232,4,29,3,12),(19841,233,15,29,41,12),(19842,253,5,35,1,13),(19843,254,10,35,2,13),(19844,255,12,35,45,13),(19845,235,1,30,7,13),(19846,260,8,38,4,13),(19847,238,13,33,43,13),(19848,231,2,28,5,13),(19849,256,3,36,40,13),(19850,232,4,29,3,13),(19851,233,15,29,41,13),(19852,258,6,37,1,14),(19853,259,17,37,2,14),(19854,253,5,35,6,14),(19855,254,10,35,44,14),(19856,255,12,35,7,14),(19857,235,1,30,42,14),(19858,237,7,32,3,14),(19859,258,6,37,1,15),(19860,259,17,37,2,15),(19861,253,5,35,6,15),(19862,254,10,35,44,15),(19863,255,12,35,7,15),(19864,235,1,30,42,15),(19865,237,7,32,3,15),(19866,232,3,29,1,8),(19867,233,4,29,2,8),(19868,235,1,30,45,8),(19869,231,2,28,6,8),(19870,234,8,28,44,8),(19871,240,14,28,7,8),(19872,260,12,38,42,8),(19873,249,5,30,4,8),(19874,237,7,32,43,8),(19875,251,11,32,5,8),(19876,256,16,36,38,8),(19877,253,10,35,40,8),(19878,236,6,31,41,8),(19879,244,15,29,3,8),(19880,232,3,29,1,9),(19881,233,4,29,2,9),(19882,235,1,30,45,9),(19883,231,2,28,6,9),(19884,234,8,28,44,9),(19885,249,5,30,7,9),(19886,260,12,38,42,9),(19887,261,19,38,4,9),(19888,237,7,32,43,9),(19889,251,11,32,5,9),(19890,256,16,36,38,9),(19891,253,10,35,40,9),(19892,244,15,29,41,9),(19893,232,3,29,1,10),(19894,233,4,29,2,10),(19895,235,1,30,45,10),(19896,231,2,28,6,10),(19897,234,8,28,44,10),(19898,249,5,30,7,10),(19899,260,12,38,42,10),(19900,261,19,38,4,10),(19901,237,7,32,43,10),(19902,251,11,32,5,10),(19903,256,16,36,38,10),(19904,253,10,35,40,10),(19905,244,15,29,3,10),(19906,253,5,35,1,11),(19907,254,10,35,2,11),(19908,255,12,35,45,11),(19909,235,1,30,7,11),(19910,260,8,38,4,11),(19911,238,13,33,43,11),(19912,231,2,28,5,11),(19913,256,3,36,40,11),(19914,232,4,29,41,11),(19915,233,15,29,3,11),(19916,253,5,35,1,12),(19917,254,10,35,2,12),(19918,255,12,35,45,12),(19919,235,1,30,42,12),(19920,238,8,33,43,12),(19921,231,2,28,5,12),(19922,256,3,36,40,12),(19923,232,4,29,41,12),(19924,237,7,32,3,12),(19925,253,5,35,1,13),(19926,254,10,35,2,13),(19927,255,12,35,45,13),(19928,235,1,30,42,13),(19929,238,8,33,43,13),(19930,231,2,28,5,13),(19931,256,3,36,40,13),(19932,237,7,32,41,13),(19933,251,11,32,3,13),(19934,258,6,37,1,14),(19935,259,17,37,2,14),(19936,253,5,35,6,14),(19937,254,10,35,44,14),(19938,255,12,35,7,14),(19939,235,1,30,42,14),(19940,237,7,32,41,14),(19941,251,11,32,3,14),(19942,258,6,37,1,15),(19943,259,17,37,2,15),(19944,253,5,35,6,15),(19945,254,10,35,44,15),(19946,255,12,35,7,15),(19947,235,1,30,4,15),(19948,237,7,32,41,15),(19949,232,3,29,1,8),(19950,233,4,29,2,8),(19951,235,1,30,45,8),(19952,253,5,35,6,8),(19953,254,10,35,44,8),(19954,249,12,30,7,8),(19955,260,8,38,42,8),(19956,261,19,38,4,8),(19957,237,7,32,43,8),(19958,251,11,32,5,8),(19959,256,16,36,38,8),(19960,244,15,29,3,8),(19961,232,3,29,1,9),(19962,233,4,29,2,9),(19963,235,1,30,45,9),(19964,253,5,35,6,9),(19965,254,10,35,44,9),(19966,249,12,30,7,9),(19967,260,8,38,42,9),(19968,261,19,38,4,9),(19969,237,7,32,43,9),(19970,256,16,36,38,9),(19971,244,15,29,41,9),(19972,251,11,32,3,9),(19973,232,3,29,1,10),(19974,233,4,29,2,10),(19975,235,1,30,45,10),(19976,253,5,35,6,10),(19977,254,10,35,44,10),(19978,249,12,30,7,10),(19979,260,8,38,42,10),(19980,261,19,38,4,10),(19981,237,7,32,43,10),(19982,256,16,36,38,10),(19983,244,15,29,41,10),(19984,251,11,32,3,10),(19985,253,5,35,1,11),(19986,254,10,35,2,11),(19987,255,12,35,45,11),(19988,235,1,30,42,11),(19989,238,8,33,43,11),(19990,256,3,36,40,11),(19991,232,4,29,41,11),(19992,233,15,29,3,11),(19993,253,5,35,1,12),(19994,254,10,35,2,12),(19995,255,12,35,45,12),(19996,235,1,30,4,12),(19997,238,8,33,43,12),(19998,256,3,36,40,12),(19999,237,7,32,41,12),(20000,232,4,29,3,12),(20001,253,5,35,1,13),(20002,254,10,35,2,13),(20003,255,12,35,45,13),(20004,235,1,30,42,13),(20005,238,8,33,43,13),(20006,256,3,36,40,13),(20007,237,7,32,41,13),(20008,251,11,32,3,13),(20009,258,6,37,1,14),(20010,259,17,37,2,14),(20011,253,5,35,7,14),(20012,235,1,30,4,14),(20013,249,12,30,42,14),(20014,254,10,35,5,14),(20015,237,7,32,41,14),(20016,258,6,37,1,15),(20017,259,17,37,2,15),(20018,253,5,35,7,15),(20019,235,1,30,4,15),(20020,254,10,35,42,15),(20021,255,12,35,5,15),(20022,232,3,29,1,8),(20023,233,4,29,2,8),(20024,235,1,30,45,8),(20025,231,2,28,6,8),(20026,234,8,28,44,8),(20027,249,5,30,7,8),(20028,260,12,38,4,8),(20029,261,19,38,42,8),(20030,240,14,28,5,8),(20031,237,7,32,43,8),(20032,256,16,36,38,8),(20033,253,10,35,40,8),(20034,244,15,29,3,8),(20035,251,11,32,41,8),(20036,232,3,29,1,9),(20037,233,4,29,2,9),(20038,235,1,30,45,9),(20039,231,2,28,6,9),(20040,234,8,28,44,9),(20041,249,5,30,7,9),(20042,260,12,38,4,9),(20043,261,19,38,42,9),(20044,240,14,28,5,9),(20045,237,7,32,43,9),(20046,256,16,36,38,9),(20047,253,10,35,40,9),(20048,244,15,29,3,9),(20049,251,11,32,41,9),(20050,232,3,29,1,10),(20051,233,4,29,2,10),(20052,235,1,30,45,10),(20053,231,2,28,6,10),(20054,234,8,28,44,10),(20055,249,5,30,7,10),(20056,260,12,38,4,10),(20057,261,19,38,42,10),(20058,240,14,28,5,10),(20059,238,13,33,43,10),(20060,256,16,36,38,10),(20061,253,10,35,40,10),(20062,244,15,29,3,10),(20063,237,7,32,41,10),(20064,253,5,35,1,11),(20065,254,10,35,2,11),(20066,255,12,35,45,11),(20067,235,1,30,42,11),(20068,238,8,33,43,11),(20069,256,3,36,40,11),(20070,237,7,32,3,11),(20071,232,4,29,41,11),(20072,253,5,35,1,12),(20073,254,10,35,2,12),(20074,255,12,35,45,12),(20075,235,1,30,42,12),(20076,238,8,33,43,12),(20077,256,3,36,40,12),(20078,237,7,32,3,12),(20079,232,4,29,41,12),(20080,253,5,35,1,13),(20081,254,10,35,2,13),(20082,255,12,35,45,13),(20083,235,1,30,42,13),(20084,256,3,36,40,13),(20085,237,7,32,3,13),(20086,232,4,29,41,13),(20087,235,1,30,1,14),(20088,249,5,30,2,14),(20089,253,10,35,6,14),(20090,254,12,35,44,14),(20091,235,1,30,1,15),(20092,249,5,30,2,15),(20093,253,10,35,7,15),(20094,254,12,35,6,15),(20095,253,5,35,1,8),(20096,254,10,35,2,8),(20097,235,1,30,45,8),(20098,231,2,28,44,8),(20099,249,12,30,7,8),(20100,234,8,28,6,8),(20101,260,19,38,4,8),(20102,240,14,28,5,8),(20103,238,13,33,43,8),(20104,232,3,29,3,8),(20105,233,4,29,41,8),(20106,253,5,35,1,9),(20107,254,10,35,2,9),(20108,235,1,30,45,9),(20109,231,2,28,44,9),(20110,249,12,30,7,9),(20111,234,8,28,6,9),(20112,260,19,38,4,9),(20113,240,14,28,5,9),(20114,238,13,33,43,9),(20115,232,3,29,3,9),(20116,233,4,29,41,9),(20117,253,5,35,1,10),(20118,254,10,35,2,10),(20119,235,1,30,45,10),(20120,231,2,28,44,10),(20121,249,12,30,7,10),(20122,234,8,28,6,10),(20123,260,19,38,4,10),(20124,240,14,28,5,10),(20125,238,13,33,43,10),(20126,232,3,29,3,10),(20127,233,4,29,41,10),(20128,235,1,30,1,11),(20129,249,5,30,2,11),(20130,253,10,35,45,11),(20131,254,12,35,7,11),(20132,260,8,38,42,11),(20133,237,7,32,3,11),(20134,251,11,32,41,11),(20135,235,1,30,1,12),(20136,249,5,30,2,12),(20137,253,10,35,45,12),(20138,254,12,35,44,12),(20139,237,7,32,3,12),(20140,251,11,32,41,12),(20141,235,1,30,1,13),(20142,249,5,30,2,13),(20143,253,10,35,7,13),(20144,254,12,35,45,13),(20145,237,7,32,3,13),(20146,251,11,32,41,13),(20147,258,6,37,1,14),(20148,259,17,37,2,14),(20149,253,5,35,6,14),(20150,254,10,35,44,14),(20151,255,12,35,7,14),(20152,235,1,30,42,14),(20153,258,6,37,1,15),(20154,259,17,37,2,15),(20155,253,5,35,6,15),(20156,254,10,35,44,15),(20157,255,12,35,4,15),(20158,235,1,30,42,15),(20159,258,6,37,1,8),(20160,259,17,37,2,8),(20161,231,2,28,6,8),(20162,234,8,28,44,8),(20163,260,12,38,4,8),(20164,240,14,28,5,8),(20165,238,13,33,43,8),(20166,256,1,36,38,8),(20167,257,3,36,40,8),(20168,232,4,29,3,8),(20169,233,15,29,41,8),(20170,258,6,37,1,9),(20171,259,17,37,2,9),(20172,231,2,28,6,9),(20173,234,8,28,44,9),(20174,260,12,38,4,9),(20175,240,14,28,5,9),(20176,238,13,33,43,9),(20177,256,1,36,38,9),(20178,257,3,36,40,9),(20179,232,4,29,3,9),(20180,237,7,32,41,9),(20181,258,6,37,1,10),(20182,259,17,37,2,10),(20183,231,2,28,6,10),(20184,234,8,28,44,10),(20185,240,14,28,5,10),(20186,238,13,33,43,10),(20187,256,1,36,38,10),(20188,257,3,36,40,10),(20189,232,4,29,3,10),(20190,237,7,32,41,10),(20191,237,7,32,3,11),(20192,251,11,32,41,11),(20193,237,7,32,3,12),(20194,237,7,32,3,13),(20195,253,5,35,1,8),(20196,254,10,35,2,8),(20197,235,1,30,45,8),(20198,249,12,30,7,8),(20199,231,2,28,6,8),(20200,234,8,28,44,8),(20201,240,14,28,5,8),(20202,238,13,33,43,8),(20203,256,3,36,38,8),(20204,257,16,36,40,8),(20205,237,7,32,41,8),(20206,251,11,32,3,8),(20207,253,5,35,1,9),(20208,254,10,35,2,9),(20209,235,1,30,45,9),(20210,249,12,30,7,9),(20211,231,2,28,6,9),(20212,234,8,28,44,9),(20213,240,14,28,5,9),(20214,238,13,33,43,9),(20215,256,3,36,38,9),(20216,257,16,36,40,9),(20217,237,7,32,41,9),(20218,251,11,32,3,9),(20219,253,5,35,1,10),(20220,254,10,35,2,10),(20221,235,1,30,45,10),(20222,249,12,30,7,10),(20223,231,2,28,6,10),(20224,234,8,28,44,10),(20225,240,14,28,5,10),(20226,238,13,33,43,10),(20227,256,3,36,38,10),(20228,257,16,36,40,10),(20229,237,7,32,41,10),(20230,251,11,32,3,10),(20231,235,1,30,1,11),(20232,249,5,30,2,11),(20233,253,10,35,45,11),(20234,254,12,35,7,11),(20235,235,1,30,1,12),(20236,249,5,30,2,12),(20237,253,10,35,45,12),(20238,254,12,35,7,12),(20239,235,1,30,1,13),(20240,249,5,30,2,13),(20241,253,10,35,45,13),(20242,254,12,35,7,13),(20243,258,6,37,1,14),(20244,259,17,37,2,14),(20245,253,5,35,6,14),(20246,254,10,35,44,14),(20247,255,12,35,4,14),(20248,235,1,30,42,14),(20249,258,6,37,1,15),(20250,259,17,37,2,15),(20251,253,5,35,6,15),(20252,254,10,35,44,15),(20253,255,12,35,4,15),(20254,235,1,30,42,15),(20255,253,5,35,1,8),(20256,254,10,35,2,8),(20257,235,1,30,45,8),(20258,249,12,30,7,8),(20259,231,2,28,6,8),(20260,234,8,28,44,8),(20261,240,14,28,5,8),(20262,238,13,33,43,8),(20263,256,3,36,38,8),(20264,257,16,36,40,8),(20265,237,7,32,41,8),(20266,253,5,35,1,9),(20267,254,10,35,2,9),(20268,235,1,30,45,9),(20269,249,12,30,7,9),(20270,231,2,28,6,9),(20271,234,8,28,44,9),(20272,240,14,28,5,9),(20273,238,13,33,43,9),(20274,256,3,36,38,9),(20275,257,16,36,40,9),(20276,237,7,32,41,9),(20277,253,5,35,1,10),(20278,254,10,35,2,10),(20279,235,1,30,45,10),(20280,249,12,30,7,10),(20281,231,2,28,6,10),(20282,234,8,28,44,10),(20283,240,14,28,5,10),(20284,238,13,33,43,10),(20285,256,3,36,38,10),(20286,257,16,36,40,10),(20287,235,1,30,1,11),(20288,249,5,30,2,11),(20289,253,10,35,45,11),(20290,254,12,35,7,11),(20291,235,1,30,1,12),(20292,249,5,30,2,12),(20293,253,10,35,45,12),(20294,254,12,35,7,12),(20295,235,1,30,1,13),(20296,249,5,30,2,13),(20297,253,10,35,45,13),(20298,254,12,35,7,13),(20299,258,6,37,1,14),(20300,259,17,37,2,14),(20301,253,5,35,6,14),(20302,254,10,35,44,14),(20303,255,12,35,4,14),(20304,258,6,37,1,15),(20305,259,17,37,2,15),(20306,253,5,35,6,15),(20307,254,10,35,44,15),(20308,255,12,35,42,15),(20309,253,5,35,1,8),(20310,254,10,35,2,8),(20311,235,1,30,45,8),(20312,249,12,30,7,8),(20313,238,8,33,43,8),(20314,256,3,36,40,8),(20315,253,5,35,1,9),(20316,254,10,35,2,9),(20317,235,1,30,45,9),(20318,255,12,35,7,9),(20319,256,3,36,40,9),(20320,253,5,35,1,10),(20321,254,10,35,2,10),(20322,255,12,35,45,10),(20323,235,1,30,1,11),(20324,249,5,30,2,11),(20325,253,10,35,7,11),(20326,254,12,35,45,11),(20327,235,1,30,1,12),(20328,249,5,30,2,12),(20329,253,10,35,7,12),(20330,254,12,35,45,12),(20331,235,1,30,1,13),(20332,249,5,30,2,13),(20333,253,10,35,6,13),(20334,254,12,35,44,13),(20335,258,6,37,1,14),(20336,259,17,37,2,14),(20337,253,5,35,6,14),(20338,254,10,35,44,14),(20339,255,12,35,4,14),(20340,258,6,37,1,15),(20341,259,17,37,2,15),(20342,253,5,35,6,15),(20343,254,10,35,44,15),(20344,255,12,35,42,15),(20345,253,5,35,1,8),(20346,254,10,35,2,8),(20347,255,12,35,7,8),(20348,231,2,28,6,8),(20349,234,8,28,44,8),(20350,240,14,28,5,8),(20351,253,5,35,1,9),(20352,254,10,35,2,9),(20353,255,12,35,45,9),(20354,231,2,28,6,9),(20355,234,8,28,44,9),(20356,240,14,28,5,9),(20357,253,5,35,1,10),(20358,254,10,35,2,10),(20359,255,12,35,7,10),(20360,231,2,28,6,10),(20361,234,8,28,44,10),(20362,240,14,28,5,10),(20363,235,1,30,1,11),(20364,249,5,30,2,11),(20365,253,10,35,45,11),(20366,254,12,35,7,11),(20367,235,1,30,1,12),(20368,249,5,30,2,12),(20369,253,10,35,45,12),(20370,254,12,35,6,12),(20371,235,1,30,1,13),(20372,249,5,30,2,13),(20373,253,10,35,44,13),(20374,254,12,35,6,13),(20375,258,6,37,1,14),(20376,259,17,37,2,14),(20377,253,5,35,44,14),(20378,254,10,35,6,14),(20379,255,12,35,4,14),(20380,258,6,37,1,15),(20381,259,17,37,2,15),(20382,253,5,35,44,15),(20383,254,10,35,42,15),(20384,255,12,35,4,15),(20385,253,5,35,1,8),(20386,254,10,35,2,8),(20387,255,12,35,7,8),(20388,231,2,28,6,8),(20389,234,8,28,44,8),(20390,240,14,28,5,8),(20391,253,5,35,1,9),(20392,254,10,35,2,9),(20393,255,12,35,45,9),(20394,231,2,28,6,9),(20395,234,8,28,44,9),(20396,240,14,28,5,9),(20397,253,5,35,1,10),(20398,254,10,35,2,10),(20399,255,12,35,7,10),(20400,231,2,28,6,10),(20401,234,8,28,44,10),(20402,240,14,28,5,10),(20403,235,1,30,1,11),(20404,249,5,30,2,11),(20405,253,10,35,45,11),(20406,254,12,35,7,11),(20407,235,1,30,1,12),(20408,249,5,30,2,12),(20409,253,10,35,45,12),(20410,254,12,35,6,12),(20411,235,1,30,1,13),(20412,249,5,30,2,13),(20413,253,10,35,44,13),(20414,254,12,35,6,13),(20415,258,6,37,1,14),(20416,259,17,37,2,14),(20417,253,5,35,44,14),(20418,254,10,35,6,14),(20419,255,12,35,42,14),(20420,258,6,37,1,15),(20421,259,17,37,2,15),(20422,253,5,35,44,15),(20423,254,10,35,4,15),(20424,255,12,35,42,15),(20425,258,6,37,1,8),(20426,259,17,37,2,8),(20427,231,2,28,6,8),(20428,234,8,28,44,8),(20429,240,14,28,5,8),(20430,258,6,37,1,9),(20431,259,17,37,2,9),(20432,231,2,28,6,9),(20433,234,8,28,44,9),(20434,258,6,37,1,10),(20435,259,17,37,2,10),(20436,231,2,28,6,10),(20437,234,8,28,44,10),(20438,253,5,35,1,8),(20439,254,10,35,2,8),(20440,255,12,35,7,8),(20441,231,2,28,6,8),(20442,234,8,28,44,8),(20443,253,5,35,1,9),(20444,254,10,35,2,9),(20445,255,12,35,45,9),(20446,231,2,28,6,9),(20447,234,8,28,44,9),(20448,235,1,30,1,10),(20449,249,5,30,2,10),(20450,253,10,35,7,10),(20451,254,12,35,45,10),(20452,231,2,28,6,10),(20453,234,8,28,44,10),(20454,235,1,30,1,11),(20455,249,5,30,2,11),(20456,253,10,35,7,11),(20457,254,12,35,45,11),(20458,235,1,30,1,12),(20459,249,5,30,2,12),(20460,253,10,35,4,12),(20461,254,12,35,42,12),(20462,258,6,37,1,13),(20463,259,17,37,2,13),(20464,253,5,35,4,13),(20465,254,10,35,42,13),(20466,255,12,35,43,13),(20467,258,6,37,1,14),(20468,259,17,37,2,14),(20469,253,5,35,4,14),(20470,254,10,35,42,14),(20471,255,12,35,43,14),(20472,258,6,37,1,15),(20473,259,17,37,2,15),(20474,253,5,35,6,15),(20475,254,10,35,44,15),(20476,255,12,35,43,15),(20477,235,1,30,1,8),(20478,249,5,30,2,8),(20479,253,10,35,7,8),(20480,254,12,35,45,8),(20481,231,2,28,6,8),(20482,234,8,28,44,8),(20483,235,1,30,1,9),(20484,249,5,30,2,9),(20485,253,10,35,7,9),(20486,254,12,35,45,9),(20487,231,2,28,6,9),(20488,234,8,28,44,9),(20489,235,1,30,1,10),(20490,249,5,30,2,10),(20491,253,10,35,7,10),(20492,254,12,35,45,10),(20493,231,2,28,6,10),(20494,234,8,28,44,10),(20495,258,6,37,1,11),(20496,259,17,37,2,11),(20497,253,5,35,4,11),(20498,254,10,35,42,11),(20499,255,12,35,5,11),(20500,258,6,37,1,12),(20501,259,17,37,2,12),(20502,253,5,35,4,12),(20503,254,10,35,42,12),(20504,255,12,35,43,12),(20505,258,6,37,1,13),(20506,259,17,37,2,13),(20507,253,5,35,4,13),(20508,254,10,35,42,13),(20509,255,12,35,38,13),(20510,253,5,35,5,14),(20511,254,10,35,43,14),(20512,255,12,35,38,14),(20513,253,5,35,5,15),(20514,254,10,35,43,15),(20515,255,12,35,6,15),(20516,235,1,30,1,8),(20517,249,5,30,2,8),(20518,253,10,35,7,8),(20519,254,12,35,45,8),(20520,235,1,30,1,9),(20521,249,5,30,2,9),(20522,253,10,35,7,9),(20523,254,12,35,45,9),(20524,235,1,30,1,10),(20525,249,5,30,2,10),(20526,253,10,35,7,10),(20527,254,12,35,45,10),(20528,258,6,37,1,11),(20529,259,17,37,2,11),(20530,253,5,35,4,11),(20531,254,10,35,42,11),(20532,255,12,35,44,11),(20533,258,6,37,1,12),(20534,259,17,37,2,12),(20535,253,5,35,4,12),(20536,254,10,35,42,12),(20537,255,12,35,5,12),(20538,258,6,37,1,13),(20539,259,17,37,2,13),(20540,253,5,35,43,13),(20541,254,10,35,4,13),(20542,255,12,35,42,13),(20543,253,5,35,38,14),(20544,254,10,35,6,14),(20545,255,12,35,44,14),(20546,253,5,35,5,15),(20547,254,10,35,43,15),(20548,255,12,35,38,15),(20549,235,1,30,1,8),(20550,249,5,30,2,8),(20551,253,10,35,7,8),(20552,254,12,35,45,8),(20553,231,2,28,6,8),(20554,234,8,28,44,8),(20555,258,6,37,1,9),(20556,259,17,37,2,9),(20557,253,5,35,7,9),(20558,254,10,35,45,9),(20559,255,12,35,4,9),(20560,231,2,28,6,9),(20561,234,8,28,44,9),(20562,258,6,37,1,10),(20563,259,17,37,2,10),(20564,253,5,35,7,10),(20565,254,10,35,45,10),(20566,255,12,35,42,10),(20567,231,2,28,6,10),(20568,234,8,28,44,10),(20569,258,6,37,1,11),(20570,259,17,37,2,11),(20571,253,5,35,5,11),(20572,254,10,35,43,11),(20573,255,12,35,4,11),(20574,231,2,28,1,12),(20575,234,8,28,2,12),(20576,253,5,35,42,12),(20577,254,10,35,38,12),(20578,255,12,35,5,12),(20579,231,2,28,1,13),(20580,234,8,28,2,13),(20581,253,5,35,43,13),(20582,254,10,35,4,13),(20583,255,12,35,42,13),(20584,231,2,28,1,14),(20585,234,8,28,2,14),(20586,253,5,35,5,14),(20587,254,10,35,43,14),(20588,255,12,35,38,14),(20589,253,5,35,6,15),(20590,254,10,35,44,15),(20591,255,12,35,38,15),(20592,258,6,37,1,8),(20593,259,17,37,2,8),(20594,253,5,35,7,8),(20595,254,10,35,45,8),(20596,255,12,35,4,8),(20597,258,6,37,1,9),(20598,259,17,37,2,9),(20599,253,5,35,7,9),(20600,254,10,35,45,9),(20601,255,12,35,42,9),(20602,258,6,37,1,10),(20603,259,17,37,2,10),(20604,253,5,35,7,10),(20605,254,10,35,45,10),(20606,255,12,35,5,10),(20607,231,2,28,1,11),(20608,234,8,28,2,11),(20609,253,5,35,43,11),(20610,254,10,35,4,11),(20611,255,12,35,42,11),(20612,231,2,28,1,12),(20613,234,8,28,2,12),(20614,253,5,35,5,12),(20615,254,10,35,43,12),(20616,255,12,35,6,12),(20617,231,2,28,1,13),(20618,234,8,28,2,13),(20619,253,5,35,44,13),(20620,254,10,35,4,13),(20621,255,12,35,42,13),(20622,253,5,35,5,14),(20623,254,10,35,43,14),(20624,255,12,35,38,14),(20625,253,5,35,6,15),(20626,254,10,35,44,15),(20627,255,12,35,38,15),(20628,258,6,37,1,8),(20629,259,17,37,2,8),(20630,258,6,37,1,9),(20631,259,17,37,2,9),(20632,258,6,37,1,10),(20633,259,17,37,2,10),(20634,231,2,28,1,11),(20635,234,8,28,2,11),(20636,231,2,28,1,12),(20637,234,8,28,2,12),(20638,231,2,28,1,13),(20639,234,8,28,2,13),(20640,258,6,37,1,8),(20641,259,17,37,2,8),(20642,253,5,35,7,8),(20643,254,10,35,45,8),(20644,255,12,35,4,8),(20645,258,6,37,1,9),(20646,259,17,37,2,9),(20647,253,5,35,7,9),(20648,254,10,35,45,9),(20649,255,12,35,42,9),(20650,258,6,37,1,10),(20651,259,17,37,2,10),(20652,253,5,35,7,10),(20653,254,10,35,45,10),(20654,255,12,35,5,10),(20655,231,2,28,1,11),(20656,234,8,28,2,11),(20657,253,5,35,43,11),(20658,254,10,35,6,11),(20659,255,12,35,44,11),(20660,231,2,28,1,12),(20661,234,8,28,2,12),(20662,253,5,35,5,12),(20663,254,10,35,43,12),(20664,255,12,35,4,12),(20665,231,2,28,1,13),(20666,234,8,28,2,13),(20667,253,5,35,42,13),(20668,254,10,35,6,13),(20669,255,12,35,44,13),(20670,253,5,35,38,14),(20671,254,10,35,5,14),(20672,255,12,35,43,14),(20673,253,5,35,4,15),(20674,254,10,35,42,15),(20675,255,12,35,6,15),(20676,258,6,37,1,8),(20677,259,17,37,2,8),(20678,253,5,35,7,8),(20679,254,10,35,45,8),(20680,255,12,35,44,8),(20681,258,6,37,1,9),(20682,259,17,37,2,9),(20683,253,5,35,7,9),(20684,254,10,35,45,9),(20685,255,12,35,5,9),(20686,258,6,37,1,10),(20687,259,17,37,2,10),(20688,253,5,35,7,10),(20689,254,10,35,45,10),(20690,255,12,35,43,10),(20691,231,2,28,1,11),(20692,234,8,28,2,11),(20693,253,5,35,4,11),(20694,254,10,35,42,11),(20695,255,12,35,38,11),(20696,231,2,28,1,12),(20697,234,8,28,2,12),(20698,253,5,35,6,12),(20699,254,10,35,44,12),(20700,255,12,35,5,12),(20701,231,2,28,1,13),(20702,234,8,28,2,13),(20703,253,5,35,43,13),(20704,254,10,35,4,13),(20705,255,12,35,42,13),(20706,253,5,35,38,14),(20707,254,10,35,5,14),(20708,255,12,35,43,14),(20709,253,5,35,6,15),(20710,254,10,35,44,15),(20711,255,12,35,4,15),(20712,258,6,37,1,8),(20713,259,17,37,2,8),(20714,253,5,35,7,8),(20715,254,10,35,45,8),(20716,255,12,35,42,8),(20717,258,6,37,1,9),(20718,259,17,37,2,9),(20719,253,5,35,7,9),(20720,254,10,35,45,9),(20721,255,12,35,5,9),(20722,258,6,37,1,10),(20723,259,17,37,2,10),(20724,253,5,35,7,10),(20725,254,10,35,45,10),(20726,255,12,35,43,10),(20727,253,5,35,6,11),(20728,254,10,35,44,11),(20729,255,12,35,40,11),(20730,253,5,35,38,12),(20731,254,10,35,4,12),(20732,255,12,35,42,12),(20733,253,5,35,5,13),(20734,254,10,35,43,13),(20735,255,12,35,6,13),(20736,253,5,35,44,14),(20737,254,10,35,40,14),(20738,255,12,35,38,14),(20739,253,5,35,4,15),(20740,254,10,35,42,15),(20741,255,12,35,5,15),(20742,258,6,37,1,8),(20743,259,17,37,2,8),(20744,253,5,35,7,8),(20745,254,10,35,45,8),(20746,255,12,35,43,8),(20747,258,6,37,1,9),(20748,259,17,37,2,9),(20749,253,5,35,7,9),(20750,254,10,35,45,9),(20751,255,12,35,6,9),(20752,258,6,37,1,10),(20753,259,17,37,2,10),(20754,253,5,35,7,10),(20755,254,10,35,45,10),(20756,255,12,35,44,10),(20757,231,2,28,1,11),(20758,234,8,28,2,11),(20759,253,5,35,5,11),(20760,254,10,35,43,11),(20761,255,12,35,4,11),(20762,231,2,28,1,12),(20763,234,8,28,2,12),(20764,253,5,35,40,12),(20765,254,10,35,42,12),(20766,255,12,35,38,12),(20767,231,2,28,1,13),(20768,234,8,28,2,13),(20769,253,5,35,6,13),(20770,254,10,35,44,13),(20771,255,12,35,5,13),(20772,253,5,35,43,14),(20773,254,10,35,4,14),(20774,255,12,35,42,14),(20775,253,5,35,40,15),(20776,254,10,35,38,15),(20777,255,12,35,6,15),(20778,258,6,37,1,8),(20779,259,17,37,2,8),(20780,253,5,35,7,8),(20781,254,10,35,45,8),(20782,255,12,35,44,8),(20783,258,6,37,1,9),(20784,259,17,37,2,9),(20785,253,5,35,7,9),(20786,254,10,35,45,9),(20787,255,12,35,5,9),(20788,258,6,37,1,10),(20789,259,17,37,2,10),(20790,253,5,35,7,10),(20791,254,10,35,45,10),(20792,255,12,35,43,10),(20793,231,2,28,1,11),(20794,234,8,28,2,11),(20795,253,5,35,4,11),(20796,254,10,35,42,11),(20797,255,12,35,6,11),(20798,231,2,28,1,12),(20799,234,8,28,2,12),(20800,253,5,35,44,12),(20801,254,10,35,40,12),(20802,255,12,35,38,12),(20803,231,2,28,1,13),(20804,234,8,28,2,13),(20805,253,5,35,5,13),(20806,254,10,35,43,13),(20807,255,12,35,4,13),(20808,253,5,35,42,14),(20809,254,10,35,6,14),(20810,255,12,35,44,14),(20811,253,5,35,5,15),(20812,254,10,35,43,15),(20813,255,12,35,40,15),(20814,258,6,37,1,8),(20815,259,17,37,2,8),(20816,258,6,37,1,9),(20817,259,17,37,2,9),(20818,258,6,37,1,10),(20819,259,17,37,2,10),(20820,231,2,28,1,11),(20821,234,8,28,2,11),(20822,231,2,28,1,12),(20823,234,8,28,2,12),(20824,231,2,28,1,13),(20825,234,8,28,2,13),(20826,253,5,35,7,8),(20827,254,10,35,45,8),(20828,258,6,37,1,8),(20829,259,17,37,2,8),(20830,255,12,35,38,8),(20831,253,5,35,7,9),(20832,254,10,35,45,9),(20833,258,6,37,1,9),(20834,259,17,37,2,9),(20835,255,12,35,4,9),(20836,253,5,35,7,10),(20837,254,10,35,45,10),(20838,258,6,37,1,10),(20839,259,17,37,2,10),(20840,255,12,35,42,10),(20841,231,2,28,1,11),(20842,234,8,28,2,11),(20843,253,5,35,6,11),(20844,254,10,35,44,11),(20845,255,12,35,5,11),(20846,231,2,28,1,12),(20847,234,8,28,2,12),(20848,253,5,35,43,12),(20849,254,10,35,4,12),(20850,255,12,35,40,12),(20851,231,2,28,1,13),(20852,234,8,28,2,13),(20853,253,5,35,42,13),(20854,254,10,35,38,13),(20855,255,12,35,6,13),(20856,253,5,35,44,14),(20857,254,10,35,5,14),(20858,255,12,35,43,14),(20859,253,5,35,4,15),(20860,254,10,35,42,15),(20861,255,12,35,5,15),(20862,253,5,35,7,8),(20863,254,10,35,45,8),(20864,258,6,37,1,8),(20865,259,17,37,2,8),(20866,255,12,35,43,8),(20867,253,5,35,7,9),(20868,254,10,35,45,9),(20869,258,6,37,1,9),(20870,259,17,37,2,9),(20871,255,12,35,6,9),(20872,253,5,35,7,10),(20873,254,10,35,45,10),(20874,258,6,37,1,10),(20875,259,17,37,2,10),(20876,255,12,35,44,10),(20877,231,2,28,1,11),(20878,234,8,28,2,11),(20879,253,5,35,40,11),(20880,254,10,35,38,11),(20881,255,12,35,4,11),(20882,231,2,28,1,12),(20883,234,8,28,2,12),(20884,253,5,35,42,12),(20885,254,10,35,5,12),(20886,255,12,35,43,12),(20887,231,2,28,1,13),(20888,234,8,28,2,13),(20889,253,5,35,6,13),(20890,254,10,35,44,13),(20891,255,12,35,40,13),(20892,253,5,35,38,14),(20893,254,10,35,5,14),(20894,255,12,35,43,14),(20895,253,5,35,4,15),(20896,254,10,35,42,15),(20897,255,12,35,6,15),(20898,253,5,35,7,8),(20899,254,10,35,45,8),(20900,258,6,37,1,8),(20901,259,17,37,2,8),(20902,255,12,35,44,8),(20903,253,5,35,7,9),(20904,254,10,35,45,9),(20905,258,6,37,1,9),(20906,259,17,37,2,9),(20907,255,12,35,40,9),(20908,253,5,35,7,10),(20909,254,10,35,45,10),(20910,258,6,37,1,10),(20911,259,17,37,2,10),(20912,255,12,35,38,10),(20913,253,5,35,5,11),(20914,254,10,35,43,11),(20915,255,12,35,4,11),(20916,253,5,35,42,12),(20917,254,10,35,6,12),(20918,255,12,35,44,12),(20919,253,5,35,5,13),(20920,254,10,35,43,13),(20921,255,12,35,4,13),(20922,253,5,35,40,14),(20923,254,10,35,42,14),(20924,255,12,35,38,14),(20925,253,5,35,6,15),(20926,254,10,35,44,15),(20927,255,12,35,5,15),(20928,253,5,35,7,8),(20929,254,10,35,45,8),(20930,258,6,37,1,8),(20931,259,17,37,2,8),(20932,255,12,35,43,8),(20933,253,5,35,7,9),(20934,254,10,35,45,9),(20935,258,6,37,1,9),(20936,259,17,37,2,9),(20937,255,12,35,4,9),(20938,253,5,35,7,10),(20939,254,10,35,45,10),(20940,258,6,37,1,10),(20941,259,17,37,2,10),(20942,255,12,35,42,10),(20943,231,2,28,1,11),(20944,234,8,28,2,11),(20945,253,5,35,6,11),(20946,254,10,35,44,11),(20947,255,12,35,40,11),(20948,231,2,28,1,12),(20949,234,8,28,2,12),(20950,253,5,35,38,12),(20951,254,10,35,5,12),(20952,255,12,35,43,12),(20953,231,2,28,1,13),(20954,234,8,28,2,13),(20955,253,5,35,4,13),(20956,254,10,35,42,13),(20957,255,12,35,6,13),(20958,253,5,35,44,14),(20959,254,10,35,5,14),(20960,255,12,35,43,14),(20961,253,5,35,40,15),(20962,254,10,35,38,15),(20963,255,12,35,4,15),(20964,253,5,35,7,8),(20965,254,10,35,45,8),(20966,258,6,37,1,8),(20967,259,17,37,2,8),(20968,255,12,35,42,8),(20969,253,5,35,7,9),(20970,254,10,35,45,9),(20971,258,6,37,1,9),(20972,259,17,37,2,9),(20973,255,12,35,6,9),(20974,253,5,35,7,10),(20975,254,10,35,45,10),(20976,231,2,28,1,10),(20977,234,8,28,2,10),(20978,255,12,35,44,10),(20979,231,2,28,1,11),(20980,234,8,28,2,11),(20981,253,5,35,5,11),(20982,254,10,35,43,11),(20983,255,12,35,40,11),(20984,231,2,28,1,12),(20985,234,8,28,2,12),(20986,253,5,35,38,12),(20987,254,10,35,4,12),(20988,255,12,35,42,12),(20989,253,5,35,6,13),(20990,254,10,35,44,13),(20991,255,12,35,5,13),(20992,253,5,35,43,14),(20993,231,2,28,1,8),(20994,234,8,28,2,8),(20995,231,2,28,1,9),(20996,234,8,28,2,9),(20997,231,2,28,1,10),(20998,234,8,28,2,10),(20999,253,5,35,7,8),(21000,254,10,35,45,8),(21001,231,2,28,1,8),(21002,234,8,28,2,8),(21003,253,5,35,7,9),(21004,254,10,35,45,9),(21005,231,2,28,1,9),(21006,234,8,28,2,9),(21007,253,5,35,7,10),(21008,254,10,35,45,10),(21009,231,2,28,1,10),(21010,234,8,28,2,10),(21011,253,5,35,7,8),(21012,254,10,35,45,8),(21013,231,2,28,1,8),(21014,234,8,28,2,8),(21015,253,5,35,7,9),(21016,254,10,35,45,9),(21017,231,2,28,1,9),(21018,234,8,28,2,9),(21019,253,5,35,7,10),(21020,254,10,35,45,10),(21021,231,2,28,1,10),(21022,234,8,28,2,10),(21023,253,5,35,7,8),(21024,254,10,35,45,8),(21025,253,5,35,7,9),(21026,254,10,35,45,9),(21027,253,5,35,7,10),(21028,254,10,35,45,10),(21029,253,5,35,7,8),(21030,254,10,35,45,8),(21031,231,2,28,1,8),(21032,234,8,28,2,8),(21033,253,5,35,7,9),(21034,254,10,35,45,9),(21035,231,2,28,1,9),(21036,234,8,28,2,9),(21037,253,5,35,7,10),(21038,254,10,35,45,10),(21039,231,2,28,1,10),(21040,234,8,28,2,10),(21041,253,5,35,7,8),(21042,254,10,35,45,8),(21043,231,2,28,1,8),(21044,234,8,28,2,8),(21045,253,5,35,7,9),(21046,254,10,35,45,9),(21047,231,2,28,1,9),(21048,234,8,28,2,9),(21049,253,5,35,7,10),(21050,254,10,35,45,10),(21051,231,2,28,1,10),(21052,234,8,28,2,10),(21053,231,2,28,1,8),(21054,234,8,28,2,8),(21055,231,2,28,1,9),(21056,234,8,28,2,9),(21057,231,2,28,1,10),(21058,234,8,28,2,10),(21059,253,5,35,7,8),(21060,254,10,35,45,8),(21061,231,2,28,1,8),(21062,234,8,28,2,8),(21063,253,5,35,7,9),(21064,254,10,35,45,9),(21065,231,2,28,1,9),(21066,234,8,28,2,9),(21067,253,5,35,7,10),(21068,254,10,35,45,10),(21069,231,2,28,1,10),(21070,234,8,28,2,10),(21071,253,5,35,7,8),(21072,254,10,35,45,8),(21073,231,2,28,1,8),(21074,234,8,28,2,8),(21075,253,5,35,7,9),(21076,254,10,35,45,9),(21077,231,2,28,1,9),(21078,234,8,28,2,9),(21079,253,5,35,7,10),(21080,254,10,35,45,10),(21081,231,2,28,1,10),(21082,234,8,28,2,10),(21083,253,5,35,7,8),(21084,254,10,35,45,8),(21085,253,5,35,7,9),(21086,254,10,35,45,9),(21087,253,5,35,7,10),(21088,254,10,35,45,10),(21089,231,2,28,1,8),(21090,234,8,28,2,8),(21091,236,6,31,1,8),(21092,248,11,31,2,8),(21093,253,5,35,3,8),(21094,232,3,29,4,8),(21095,260,8,38,5,8),(21096,233,4,29,6,8),(21097,261,12,38,7,8),(21098,258,17,37,40,8),(21099,254,10,35,41,8),(21100,244,15,29,42,8),(21101,250,13,31,43,8),(21102,231,2,28,45,8),(21103,259,18,37,38,8),(21104,232,3,29,44,9),(21105,236,6,31,1,9),(21106,248,11,31,2,9),(21107,260,8,38,7,9),(21108,261,12,38,45,9),(21109,250,13,31,5,9),(21110,239,9,34,43,9),(21111,233,4,29,6,9),(21112,244,15,29,4,9),(21113,253,5,35,3,9),(21114,254,10,35,41,9),(21115,258,17,37,40,9),(21116,259,18,37,38,9),(21117,232,3,29,44,10),(21118,233,4,29,42,10),(21119,236,6,31,1,10),(21120,248,11,31,2,10),(21121,260,8,38,7,10),(21122,261,12,38,45,10),(21123,250,13,31,5,10),(21124,239,9,34,43,10),(21125,244,15,29,6,10),(21126,253,5,35,3,10),(21127,254,10,35,41,10),(21128,258,17,37,40,10),(21129,259,18,37,38,10),(21130,256,1,36,1,11),(21131,257,3,36,2,11),(21132,232,4,29,44,11),(21133,233,15,29,4,11),(21134,236,6,31,42,11),(21135,238,8,33,7,11),(21136,260,12,38,45,11),(21137,261,19,38,5,11),(21138,248,11,31,43,11),(21139,250,13,31,6,11),(21140,231,2,28,3,11),(21141,234,14,28,41,11),(21142,237,7,32,40,11),(21143,239,9,34,38,11),(21144,256,1,36,1,12),(21145,257,3,36,2,12),(21146,236,6,31,44,12),(21147,238,8,33,7,12),(21148,231,2,28,45,12),(21149,248,11,31,4,12),(21150,232,4,29,42,12),(21151,260,12,38,5,12),(21152,261,19,38,43,12),(21153,250,13,31,6,12),(21154,234,14,28,3,12),(21155,233,15,29,41,12),(21156,237,7,32,40,12),(21157,239,9,34,38,12),(21158,256,1,36,1,13),(21159,257,3,36,2,13),(21160,238,8,33,7,13),(21161,231,2,28,45,13),(21162,236,6,31,44,13),(21163,248,11,31,4,13),(21164,250,13,31,42,13),(21165,239,9,34,5,13),(21166,260,12,38,43,13),(21167,234,14,28,3,13),(21168,232,4,29,41,13),(21169,237,7,32,40,13),(21170,253,5,35,38,13),(21171,260,8,38,1,14),(21172,261,12,38,2,14),(21173,231,2,28,7,14),(21174,238,13,33,45,14),(21175,236,6,31,6,14),(21176,248,11,31,44,14),(21177,239,9,34,5,14),(21178,234,14,28,43,14),(21179,256,1,36,3,14),(21180,257,3,36,41,14),(21181,253,5,35,40,14),(21182,237,7,32,38,14),(21183,260,8,38,1,15),(21184,261,12,38,2,15),(21185,236,6,31,4,15),(21186,248,11,31,42,15),(21187,231,2,28,7,15),(21188,238,13,33,45,15),(21189,239,9,34,5,15),(21190,234,14,28,43,15),(21191,256,1,36,3,15),(21192,257,3,36,41,15),(21193,253,5,35,40,15),(21194,237,7,32,38,15),(21195,236,6,31,1,8),(21196,248,11,31,2,8),(21197,253,5,35,3,8),(21198,232,3,29,4,8),(21199,260,8,38,5,8),(21200,233,4,29,6,8),(21201,261,12,38,7,8),(21202,258,17,37,40,8),(21203,254,10,35,41,8),(21204,244,15,29,42,8),(21205,250,13,31,43,8),(21206,231,2,28,45,8),(21207,259,18,37,38,8),(21208,232,3,29,44,9),(21209,236,6,31,1,9),(21210,248,11,31,2,9),(21211,260,8,38,7,9),(21212,261,12,38,45,9),(21213,250,13,31,5,9),(21214,239,9,34,43,9),(21215,233,4,29,6,9),(21216,244,15,29,4,9),(21217,253,5,35,3,9),(21218,254,10,35,41,9),(21219,258,17,37,40,9),(21220,259,18,37,38,9),(21221,232,3,29,44,10),(21222,233,4,29,42,10),(21223,236,6,31,1,10),(21224,248,11,31,2,10),(21225,260,8,38,7,10),(21226,261,12,38,45,10),(21227,250,13,31,5,10),(21228,239,9,34,43,10),(21229,244,15,29,6,10),(21230,253,5,35,3,10),(21231,254,10,35,41,10),(21232,258,17,37,40,10),(21233,259,18,37,38,10),(21234,256,1,36,1,11),(21235,257,3,36,2,11),(21236,232,4,29,44,11),(21237,233,15,29,4,11),(21238,236,6,31,42,11),(21239,238,8,33,7,11),(21240,260,12,38,45,11),(21241,261,19,38,5,11),(21242,248,11,31,43,11),(21243,250,13,31,6,11),(21244,231,2,28,3,11),(21245,234,14,28,41,11),(21246,237,7,32,40,11),(21247,239,9,34,38,11),(21248,256,1,36,1,12),(21249,257,3,36,2,12),(21250,236,6,31,44,12),(21251,238,8,33,7,12),(21252,231,2,28,45,12),(21253,248,11,31,4,12),(21254,232,4,29,42,12),(21255,260,12,38,5,12),(21256,261,19,38,43,12),(21257,250,13,31,6,12),(21258,234,14,28,3,12),(21259,233,15,29,41,12),(21260,237,7,32,40,12),(21261,239,9,34,38,12),(21262,256,1,36,1,13),(21263,257,3,36,2,13),(21264,238,8,33,7,13),(21265,231,2,28,45,13),(21266,236,6,31,44,13),(21267,248,11,31,4,13),(21268,250,13,31,42,13),(21269,239,9,34,5,13),(21270,260,12,38,43,13),(21271,234,14,28,3,13),(21272,232,4,29,41,13),(21273,237,7,32,40,13),(21274,253,5,35,38,13),(21275,260,8,38,1,14),(21276,261,12,38,2,14),(21277,231,2,28,7,14),(21278,238,13,33,45,14),(21279,236,6,31,6,14),(21280,248,11,31,44,14),(21281,239,9,34,5,14),(21282,234,14,28,43,14),(21283,256,1,36,3,14),(21284,257,3,36,41,14),(21285,253,5,35,40,14),(21286,237,7,32,38,14),(21287,260,8,38,1,15),(21288,261,12,38,2,15),(21289,236,6,31,4,15),(21290,248,11,31,42,15),(21291,231,2,28,7,15),(21292,238,13,33,45,15),(21293,239,9,34,5,15),(21294,234,14,28,43,15),(21295,256,1,36,3,15),(21296,257,3,36,41,15),(21297,253,5,35,40,15),(21298,237,7,32,38,15),(21299,236,6,31,1,8),(21300,248,11,31,2,8),(21301,253,5,35,3,8),(21302,232,3,29,4,8),(21303,260,8,38,5,8),(21304,233,4,29,6,8),(21305,261,12,38,7,8),(21306,258,17,37,40,8),(21307,254,10,35,41,8),(21308,244,15,29,42,8),(21309,250,13,31,43,8),(21310,231,2,28,45,8),(21311,259,18,37,38,8),(21312,232,3,29,44,9),(21313,236,6,31,1,8),(21314,248,11,31,2,8),(21315,253,5,35,3,8),(21316,232,3,29,4,8),(21317,260,8,38,5,8),(21318,233,4,29,6,8),(21319,261,12,38,7,8),(21320,258,17,37,40,8),(21321,254,10,35,41,8),(21322,244,15,29,42,8),(21323,250,13,31,43,8),(21324,231,2,28,45,8),(21325,259,18,37,38,8),(21326,232,3,29,44,9),(21327,236,6,31,1,9),(21328,248,11,31,2,9),(21329,260,8,38,7,9),(21330,261,12,38,45,9),(21331,250,13,31,5,9),(21332,239,9,34,43,9),(21333,233,4,29,6,9),(21334,244,15,29,4,9),(21335,253,5,35,3,9),(21336,254,10,35,41,9),(21337,258,17,37,40,9),(21338,259,18,37,38,9),(21339,232,3,29,44,10),(21340,233,4,29,42,10),(21341,236,6,31,1,10),(21342,248,11,31,2,10),(21343,260,8,38,7,10),(21344,261,12,38,45,10),(21345,250,13,31,5,10),(21346,239,9,34,43,10),(21347,244,15,29,6,10),(21348,253,5,35,3,10),(21349,254,10,35,41,10),(21350,258,17,37,40,10),(21351,259,18,37,38,10),(21352,256,1,36,1,11),(21353,257,3,36,2,11),(21354,232,4,29,44,11),(21355,233,15,29,4,11),(21356,236,6,31,42,11),(21357,236,6,31,1,8),(21358,248,11,31,2,8),(21359,253,5,35,3,8),(21360,232,3,29,4,8),(21361,260,8,38,5,8),(21362,233,4,29,6,8),(21363,261,12,38,7,8),(21364,258,17,37,40,8),(21365,254,10,35,41,8),(21366,244,15,29,42,8),(21367,250,13,31,43,8),(21368,231,2,28,45,8),(21369,259,18,37,38,8),(21370,232,3,29,44,9),(21371,236,6,31,1,9),(21372,248,11,31,2,9),(21373,260,8,38,7,9),(21374,261,12,38,45,9),(21375,250,13,31,5,9),(21376,239,9,34,43,9),(21377,233,4,29,6,9),(21378,244,15,29,4,9),(21379,253,5,35,3,9),(21380,254,10,35,41,9),(21381,258,17,37,40,9),(21382,259,18,37,38,9),(21383,232,3,29,44,10),(21384,233,4,29,42,10),(21385,236,6,31,1,10),(21386,248,11,31,2,10),(21387,260,8,38,7,10),(21388,261,12,38,45,10),(21389,250,13,31,5,10),(21390,239,9,34,43,10),(21391,244,15,29,6,10),(21392,253,5,35,3,10),(21393,254,10,35,41,10),(21394,258,17,37,40,10),(21395,259,18,37,38,10),(21396,256,1,36,1,11),(21397,257,3,36,2,11),(21398,232,4,29,44,11),(21399,233,15,29,4,11),(21400,236,6,31,42,11),(21401,238,8,33,7,11),(21402,260,12,38,45,11),(21403,261,19,38,5,11),(21404,248,11,31,43,11),(21405,250,13,31,6,11),(21406,231,2,28,3,11),(21407,234,14,28,41,11),(21408,237,7,32,40,11),(21409,239,9,34,38,11),(21410,256,1,36,1,12),(21411,257,3,36,2,12),(21412,236,6,31,44,12),(21413,238,8,33,7,12),(21414,231,2,28,45,12),(21415,248,11,31,4,12),(21416,232,4,29,42,12),(21417,260,12,38,5,12),(21418,261,19,38,43,12),(21419,250,13,31,6,12),(21420,234,14,28,3,12),(21421,233,15,29,41,12),(21422,237,7,32,40,12),(21423,239,9,34,38,12),(21424,256,1,36,1,13),(21425,257,3,36,2,13),(21426,238,8,33,7,13),(21427,231,2,28,45,13),(21428,236,6,31,44,13),(21429,248,11,31,4,13),(21430,250,13,31,42,13),(21431,239,9,34,5,13),(21432,260,12,38,43,13),(21433,234,14,28,3,13),(21434,232,4,29,41,13),(21435,237,7,32,40,13),(21436,253,5,35,38,13),(21437,260,8,38,1,14),(21438,261,12,38,2,14),(21439,231,2,28,7,14),(21440,238,13,33,45,14),(21441,236,6,31,6,14),(21442,248,11,31,44,14),(21443,239,9,34,5,14),(21444,234,14,28,43,14),(21445,256,1,36,3,14),(21446,257,3,36,41,14),(21447,253,5,35,40,14),(21448,237,7,32,38,14),(21449,260,8,38,1,15),(21450,261,12,38,2,15),(21451,236,6,31,4,15),(21452,248,11,31,42,15),(21453,231,2,28,7,15),(21454,238,13,33,45,15),(21455,239,9,34,5,15),(21456,234,14,28,43,15),(21457,256,1,36,3,15),(21458,257,3,36,41,15),(21459,253,5,35,40,15),(21460,237,7,32,38,15),(21461,236,6,31,1,8),(21462,248,11,31,2,8),(21463,253,5,35,3,8),(21464,232,3,29,4,8),(21465,260,8,38,5,8),(21466,233,4,29,6,8),(21467,261,12,38,7,8),(21468,258,17,37,40,8),(21469,254,10,35,41,8),(21470,244,15,29,42,8),(21471,250,13,31,43,8),(21472,231,2,28,45,8),(21473,259,18,37,38,8),(21474,232,3,29,44,9),(21475,236,6,31,1,9),(21476,248,11,31,2,9),(21477,260,8,38,7,9),(21478,261,12,38,45,9),(21479,250,13,31,5,9),(21480,239,9,34,43,9),(21481,233,4,29,6,9),(21482,244,15,29,4,9),(21483,253,5,35,3,9),(21484,254,10,35,41,9),(21485,258,17,37,40,9),(21486,259,18,37,38,9),(21487,232,3,29,44,10),(21488,233,4,29,42,10),(21489,236,6,31,1,10),(21490,248,11,31,2,10),(21491,260,8,38,7,10),(21492,261,12,38,45,10),(21493,250,13,31,5,10),(21494,239,9,34,43,10),(21495,244,15,29,6,10),(21496,253,5,35,3,10),(21497,254,10,35,41,10),(21498,258,17,37,40,10),(21499,259,18,37,38,10),(21500,256,1,36,1,11),(21501,257,3,36,2,11),(21502,232,4,29,44,11),(21503,233,15,29,4,11),(21504,236,6,31,42,11),(21505,238,8,33,7,11),(21506,260,12,38,45,11),(21507,261,19,38,5,11),(21508,248,11,31,43,11),(21509,250,13,31,6,11),(21510,231,2,28,3,11),(21511,234,14,28,41,11),(21512,237,7,32,40,11),(21513,239,9,34,38,11),(21514,256,1,36,1,12),(21515,257,3,36,2,12),(21516,236,6,31,44,12),(21517,238,8,33,7,12),(21518,231,2,28,45,12),(21519,248,11,31,4,12),(21520,232,4,29,42,12),(21521,260,12,38,5,12),(21522,261,19,38,43,12),(21523,250,13,31,6,12),(21524,234,14,28,3,12),(21525,233,15,29,41,12),(21526,237,7,32,40,12),(21527,239,9,34,38,12),(21528,256,1,36,1,13),(21529,257,3,36,2,13),(21530,238,8,33,7,13),(21531,231,2,28,45,13),(21532,236,6,31,44,13),(21533,248,11,31,4,13),(21534,250,13,31,42,13),(21535,239,9,34,5,13),(21536,260,12,38,43,13),(21537,234,14,28,3,13),(21538,232,4,29,41,13),(21539,237,7,32,40,13),(21540,253,5,35,38,13),(21541,260,8,38,1,14),(21542,261,12,38,2,14),(21543,231,2,28,7,14),(21544,238,13,33,45,14),(21545,236,6,31,6,14),(21546,248,11,31,44,14),(21547,239,9,34,5,14),(21548,234,14,28,43,14),(21549,256,1,36,3,14),(21550,257,3,36,41,14),(21551,253,5,35,40,14),(21552,237,7,32,38,14),(21553,260,8,38,1,15),(21554,261,12,38,2,15),(21555,236,6,31,4,15),(21556,248,11,31,42,15),(21557,231,2,28,7,15),(21558,238,13,33,45,15),(21559,239,9,34,5,15),(21560,234,14,28,43,15),(21561,256,1,36,3,15),(21562,257,3,36,41,15),(21563,253,5,35,40,15),(21564,237,7,32,38,15),(21565,236,6,31,1,8),(21566,248,11,31,2,8),(21567,253,5,35,3,8),(21568,232,3,29,4,8),(21569,260,8,38,5,8),(21570,233,4,29,6,8),(21571,261,12,38,7,8),(21572,258,17,37,40,8),(21573,254,10,35,41,8),(21574,244,15,29,42,8),(21575,250,13,31,43,8),(21576,231,2,28,45,8),(21577,259,18,37,38,8),(21578,232,3,29,44,9),(21579,236,6,31,1,9),(21580,248,11,31,2,9),(21581,260,8,38,7,9),(21582,261,12,38,45,9),(21583,250,13,31,5,9),(21584,239,9,34,43,9),(21585,233,4,29,6,9),(21586,244,15,29,4,9),(21587,253,5,35,3,9),(21588,254,10,35,41,9),(21589,258,17,37,40,9),(21590,259,18,37,38,9),(21591,232,3,29,44,10),(21592,233,4,29,42,10),(21593,236,6,31,1,10),(21594,248,11,31,2,10),(21595,260,8,38,7,10),(21596,261,12,38,45,10),(21597,250,13,31,5,10),(21598,239,9,34,43,10),(21599,244,15,29,6,10),(21600,253,5,35,3,10),(21601,254,10,35,41,10),(21602,258,17,37,40,10),(21603,259,18,37,38,10),(21604,256,1,36,1,11),(21605,257,3,36,2,11),(21606,232,4,29,44,11),(21607,233,15,29,4,11),(21608,236,6,31,42,11),(21609,238,8,33,7,11),(21610,260,12,38,45,11),(21611,261,19,38,5,11),(21612,248,11,31,43,11),(21613,250,13,31,6,11),(21614,231,2,28,3,11),(21615,234,14,28,41,11),(21616,237,7,32,40,11),(21617,239,9,34,38,11),(21618,256,1,36,1,12),(21619,257,3,36,2,12),(21620,236,6,31,44,12),(21621,238,8,33,7,12),(21622,231,2,28,45,12),(21623,248,11,31,4,12),(21624,232,4,29,42,12),(21625,260,12,38,5,12),(21626,261,19,38,43,12),(21627,250,13,31,6,12),(21628,234,14,28,3,12),(21629,233,15,29,41,12),(21630,237,7,32,40,12),(21631,239,9,34,38,12),(21632,256,1,36,1,13),(21633,257,3,36,2,13),(21634,238,8,33,7,13),(21635,231,2,28,45,13),(21636,236,6,31,44,13),(21637,248,11,31,4,13),(21638,250,13,31,42,13),(21639,239,9,34,5,13),(21640,260,12,38,43,13),(21641,234,14,28,3,13),(21642,232,4,29,41,13),(21643,237,7,32,40,13),(21644,253,5,35,38,13),(21645,260,8,38,1,14),(21646,261,12,38,2,14),(21647,231,2,28,7,14),(21648,238,13,33,45,14),(21649,236,6,31,6,14),(21650,248,11,31,44,14),(21651,239,9,34,5,14),(21652,234,14,28,43,14),(21653,256,1,36,3,14),(21654,257,3,36,41,14),(21655,253,5,35,40,14),(21656,237,7,32,38,14),(21657,260,8,38,1,15),(21658,261,12,38,2,15),(21659,236,6,31,4,15),(21660,248,11,31,42,15),(21661,231,2,28,7,15),(21662,238,13,33,45,15),(21663,239,9,34,5,15),(21664,234,14,28,43,15),(21665,256,1,36,3,15),(21666,257,3,36,41,15),(21667,253,5,35,40,15),(21668,237,7,32,38,15),(21669,236,6,31,1,8),(21670,248,11,31,2,8),(21671,253,5,35,3,8),(21672,232,3,29,4,8),(21673,260,8,38,5,8),(21674,233,4,29,6,8),(21675,261,12,38,7,8),(21676,258,17,37,40,8),(21677,254,10,35,41,8),(21678,244,15,29,42,8),(21679,250,13,31,43,8),(21680,231,2,28,45,8),(21681,259,18,37,38,8),(21682,232,3,29,44,9),(21683,236,6,31,1,9),(21684,248,11,31,2,9),(21685,260,8,38,7,9),(21686,261,12,38,45,9),(21687,250,13,31,5,9),(21688,239,9,34,43,9),(21689,233,4,29,6,9),(21690,244,15,29,4,9),(21691,253,5,35,3,9),(21692,254,10,35,41,9),(21693,258,17,37,40,9),(21694,259,18,37,38,9),(21695,232,3,29,44,10),(21696,233,4,29,42,10),(21697,236,6,31,1,10),(21698,248,11,31,2,10),(21699,260,8,38,7,10),(21700,261,12,38,45,10),(21701,250,13,31,5,10),(21702,239,9,34,43,10),(21703,244,15,29,6,10),(21704,253,5,35,3,10),(21705,254,10,35,41,10),(21706,258,17,37,40,10),(21707,259,18,37,38,10),(21708,256,1,36,1,11),(21709,257,3,36,2,11),(21710,232,4,29,44,11),(21711,233,15,29,4,11),(21712,236,6,31,42,11),(21713,238,8,33,7,11),(21714,260,12,38,45,11),(21715,261,19,38,5,11),(21716,248,11,31,43,11),(21717,250,13,31,6,11),(21718,231,2,28,3,11),(21719,234,14,28,41,11),(21720,237,7,32,40,11),(21721,239,9,34,38,11),(21722,256,1,36,1,12),(21723,257,3,36,2,12),(21724,236,6,31,44,12),(21725,238,8,33,7,12),(21726,231,2,28,45,12),(21727,248,11,31,4,12),(21728,232,4,29,42,12),(21729,260,12,38,5,12),(21730,261,19,38,43,12),(21731,250,13,31,6,12),(21732,234,14,28,3,12),(21733,233,15,29,41,12),(21734,237,7,32,40,12),(21735,239,9,34,38,12),(21736,256,1,36,1,13),(21737,257,3,36,2,13),(21738,238,8,33,7,13),(21739,231,2,28,45,13),(21740,236,6,31,44,13),(21741,248,11,31,4,13),(21742,250,13,31,42,13),(21743,239,9,34,5,13),(21744,260,12,38,43,13),(21745,234,14,28,3,13),(21746,232,4,29,41,13),(21747,237,7,32,40,13),(21748,253,5,35,38,13),(21749,260,8,38,1,14),(21750,261,12,38,2,14),(21751,231,2,28,7,14),(21752,238,13,33,45,14),(21753,236,6,31,6,14),(21754,248,11,31,44,14),(21755,239,9,34,5,14),(21756,234,14,28,43,14),(21757,256,1,36,3,14),(21758,257,3,36,41,14),(21759,253,5,35,40,14),(21760,237,7,32,38,14),(21761,260,8,38,1,15),(21762,261,12,38,2,15),(21763,236,6,31,4,15),(21764,248,11,31,42,15),(21765,231,2,28,7,15),(21766,238,13,33,45,15),(21767,239,9,34,5,15),(21768,234,14,28,43,15),(21769,256,1,36,3,15),(21770,257,3,36,41,15),(21771,253,5,35,40,15),(21772,237,7,32,38,15),(21773,236,6,31,1,8),(21774,248,11,31,2,8),(21775,253,5,35,3,8),(21776,232,3,29,4,8),(21777,260,8,38,5,8),(21778,233,4,29,6,8),(21779,261,12,38,7,8),(21780,258,17,37,40,8),(21781,254,10,35,41,8),(21782,244,15,29,42,8),(21783,250,13,31,43,8),(21784,231,2,28,45,8),(21785,259,18,37,38,8),(21786,232,3,29,44,9),(21787,236,6,31,1,9),(21788,248,11,31,2,9),(21789,260,8,38,7,9),(21790,261,12,38,45,9),(21791,250,13,31,5,9),(21792,239,9,34,43,9),(21793,233,4,29,6,9),(21794,244,15,29,4,9),(21795,253,5,35,3,9),(21796,254,10,35,41,9),(21797,258,17,37,40,9),(21798,259,18,37,38,9),(21799,232,3,29,44,10),(21800,233,4,29,42,10),(21801,236,6,31,1,10),(21802,248,11,31,2,10),(21803,260,8,38,7,10),(21804,261,12,38,45,10),(21805,250,13,31,5,10),(21806,239,9,34,43,10),(21807,244,15,29,6,10),(21808,253,5,35,3,10),(21809,254,10,35,41,10),(21810,258,17,37,40,10),(21811,259,18,37,38,10),(21812,256,1,36,1,11),(21813,257,3,36,2,11),(21814,232,4,29,44,11),(21815,233,15,29,4,11),(21816,236,6,31,42,11),(21817,238,8,33,7,11),(21818,260,12,38,45,11),(21819,261,19,38,5,11),(21820,248,11,31,43,11),(21821,250,13,31,6,11),(21822,231,2,28,3,11),(21823,234,14,28,41,11),(21824,237,7,32,40,11),(21825,239,9,34,38,11),(21826,256,1,36,1,12),(21827,257,3,36,2,12),(21828,236,6,31,44,12),(21829,238,8,33,7,12),(21830,231,2,28,45,12),(21831,248,11,31,4,12),(21832,232,4,29,42,12),(21833,260,12,38,5,12),(21834,261,19,38,43,12),(21835,250,13,31,6,12),(21836,234,14,28,3,12),(21837,233,15,29,41,12),(21838,237,7,32,40,12),(21839,239,9,34,38,12),(21840,256,1,36,1,13),(21841,257,3,36,2,13),(21842,238,8,33,7,13),(21843,231,2,28,45,13),(21844,236,6,31,44,13),(21845,248,11,31,4,13),(21846,250,13,31,42,13),(21847,239,9,34,5,13),(21848,260,12,38,43,13),(21849,234,14,28,3,13),(21850,232,4,29,41,13),(21851,237,7,32,40,13),(21852,253,5,35,38,13),(21853,260,8,38,1,14),(21854,261,12,38,2,14),(21855,231,2,28,7,14),(21856,238,13,33,45,14),(21857,236,6,31,6,14),(21858,248,11,31,44,14),(21859,239,9,34,5,14),(21860,234,14,28,43,14),(21861,256,1,36,3,14),(21862,257,3,36,41,14),(21863,253,5,35,40,14),(21864,237,7,32,38,14),(21865,260,8,38,1,15),(21866,261,12,38,2,15),(21867,236,6,31,4,15),(21868,248,11,31,42,15),(21869,231,2,28,7,15),(21870,238,13,33,45,15),(21871,239,9,34,5,15),(21872,234,14,28,43,15),(21873,256,1,36,3,15),(21874,257,3,36,41,15),(21875,253,5,35,40,15),(21876,237,7,32,38,15),(21877,236,6,31,1,8),(21878,248,11,31,2,8),(21879,253,5,35,3,8),(21880,232,3,29,4,8),(21881,260,8,38,5,8),(21882,233,4,29,6,8),(21883,261,12,38,7,8),(21884,258,17,37,40,8),(21885,254,10,35,41,8),(21886,244,15,29,42,8),(21887,250,13,31,43,8),(21888,231,2,28,45,8),(21889,259,18,37,38,8),(21890,232,3,29,44,9),(21891,236,6,31,1,9),(21892,248,11,31,2,9),(21893,260,8,38,7,9),(21894,261,12,38,45,9),(21895,250,13,31,5,9),(21896,239,9,34,43,9),(21897,233,4,29,6,9),(21898,244,15,29,4,9),(21899,253,5,35,3,9),(21900,254,10,35,41,9),(21901,258,17,37,40,9),(21902,259,18,37,38,9),(21903,232,3,29,44,10),(21904,233,4,29,42,10),(21905,236,6,31,1,10),(21906,248,11,31,2,10),(21907,260,8,38,7,10),(21908,261,12,38,45,10),(21909,250,13,31,5,10),(21910,239,9,34,43,10),(21911,244,15,29,6,10),(21912,253,5,35,3,10),(21913,254,10,35,41,10),(21914,258,17,37,40,10),(21915,259,18,37,38,10),(21916,256,1,36,1,11),(21917,257,3,36,2,11),(21918,232,4,29,44,11),(21919,233,15,29,4,11),(21920,236,6,31,42,11),(21921,238,8,33,7,11),(21922,260,12,38,45,11),(21923,261,19,38,5,11),(21924,248,11,31,43,11),(21925,250,13,31,6,11),(21926,231,2,28,3,11),(21927,234,14,28,41,11),(21928,237,7,32,40,11),(21929,239,9,34,38,11),(21930,256,1,36,1,12),(21931,257,3,36,2,12),(21932,236,6,31,44,12),(21933,238,8,33,7,12),(21934,231,2,28,45,12),(21935,248,11,31,4,12),(21936,232,4,29,42,12),(21937,260,12,38,5,12),(21938,261,19,38,43,12),(21939,250,13,31,6,12),(21940,234,14,28,3,12),(21941,233,15,29,41,12),(21942,237,7,32,40,12),(21943,239,9,34,38,12),(21944,256,1,36,1,13),(21945,257,3,36,2,13),(21946,238,8,33,7,13),(21947,231,2,28,45,13),(21948,236,6,31,44,13),(21949,248,11,31,4,13),(21950,250,13,31,42,13),(21951,239,9,34,5,13),(21952,260,12,38,43,13),(21953,234,14,28,3,13),(21954,232,4,29,41,13),(21955,237,7,32,40,13),(21956,253,5,35,38,13),(21957,260,8,38,1,14),(21958,261,12,38,2,14),(21959,231,2,28,7,14),(21960,238,13,33,45,14),(21961,236,6,31,6,14),(21962,248,11,31,44,14),(21963,239,9,34,5,14),(21964,234,14,28,43,14),(21965,256,1,36,3,14),(21966,257,3,36,41,14),(21967,253,5,35,40,14),(21968,237,7,32,38,14),(21969,260,8,38,1,15),(21970,261,12,38,2,15),(21971,236,6,31,4,15),(21972,248,11,31,42,15),(21973,231,2,28,7,15),(21974,238,13,33,45,15),(21975,239,9,34,5,15),(21976,234,14,28,43,15),(21977,256,1,36,3,15),(21978,257,3,36,41,15),(21979,253,5,35,40,15),(21980,236,6,31,1,8),(21981,248,11,31,2,8),(21982,253,5,35,3,8),(21983,232,3,29,4,8),(21984,260,8,38,5,8),(21985,233,4,29,6,8),(21986,261,12,38,7,8),(21987,258,17,37,40,8),(21988,254,10,35,41,8),(21989,244,15,29,42,8),(21990,250,13,31,43,8),(21991,231,2,28,45,8),(21992,259,18,37,38,8),(21993,232,3,29,44,9),(21994,236,6,31,1,9),(21995,248,11,31,2,9),(21996,260,8,38,7,9),(21997,261,12,38,45,9),(21998,250,13,31,5,9),(21999,239,9,34,43,9),(22000,233,4,29,6,9),(22001,244,15,29,4,9),(22002,253,5,35,3,9),(22003,254,10,35,41,9),(22004,258,17,37,40,9),(22005,259,18,37,38,9),(22006,232,3,29,44,10),(22007,233,4,29,42,10),(22008,236,6,31,1,10),(22009,248,11,31,2,10),(22010,260,8,38,7,10),(22011,261,12,38,45,10),(22012,250,13,31,5,10),(22013,239,9,34,43,10),(22014,244,15,29,6,10),(22015,253,5,35,3,10),(22016,254,10,35,41,10),(22017,258,17,37,40,10),(22018,259,18,37,38,10),(22019,256,1,36,1,11),(22020,257,3,36,2,11),(22021,232,4,29,44,11),(22022,233,15,29,4,11),(22023,236,6,31,42,11),(22024,238,8,33,7,11),(22025,260,12,38,45,11),(22026,261,19,38,5,11),(22027,248,11,31,43,11),(22028,250,13,31,6,11),(22029,231,2,28,3,11),(22030,234,14,28,41,11),(22031,237,7,32,40,11),(22032,239,9,34,38,11),(22033,256,1,36,1,12),(22034,257,3,36,2,12),(22035,236,6,31,44,12),(22036,238,8,33,7,12),(22037,231,2,28,45,12),(22038,248,11,31,4,12),(22039,232,4,29,42,12),(22040,260,12,38,5,12),(22041,261,19,38,43,12),(22042,250,13,31,6,12),(22043,234,14,28,3,12),(22044,233,15,29,41,12),(22045,237,7,32,40,12),(22046,239,9,34,38,12),(22047,256,1,36,1,13),(22048,257,3,36,2,13),(22049,238,8,33,7,13),(22050,231,2,28,45,13),(22051,236,6,31,44,13),(22052,248,11,31,4,13),(22053,250,13,31,42,13),(22054,239,9,34,5,13),(22055,260,12,38,43,13),(22056,234,14,28,3,13),(22057,232,4,29,41,13),(22058,237,7,32,40,13),(22059,253,5,35,38,13),(22060,260,8,38,1,14),(22061,261,12,38,2,14),(22062,231,2,28,7,14),(22063,238,13,33,45,14),(22064,236,6,31,6,14),(22065,248,11,31,44,14),(22066,239,9,34,5,14),(22067,234,14,28,43,14),(22068,256,1,36,3,14),(22069,257,3,36,41,14),(22070,253,5,35,40,14),(22071,237,7,32,38,14),(22072,260,8,38,1,15),(22073,261,12,38,2,15),(22074,236,6,31,4,15),(22075,248,11,31,42,15),(22076,231,2,28,7,15),(22077,238,13,33,45,15),(22078,239,9,34,5,15),(22079,234,14,28,43,15),(22080,256,1,36,3,15),(22081,257,3,36,41,15),(22082,253,5,35,40,15),(22083,237,7,32,38,15),(22084,236,6,31,1,8),(22085,248,11,31,2,8),(22086,253,5,35,3,8),(22087,232,3,29,4,8),(22088,260,8,38,5,8),(22089,233,4,29,6,8),(22090,261,12,38,7,8),(22091,258,17,37,40,8),(22092,254,10,35,41,8),(22093,244,15,29,42,8),(22094,250,13,31,43,8),(22095,231,2,28,45,8),(22096,259,18,37,38,8),(22097,232,3,29,44,9),(22098,236,6,31,1,9),(22099,248,11,31,2,9),(22100,260,8,38,7,9),(22101,261,12,38,45,9),(22102,250,13,31,5,9),(22103,239,9,34,43,9),(22104,233,4,29,6,9),(22105,244,15,29,4,9),(22106,253,5,35,3,9),(22107,254,10,35,41,9),(22108,258,17,37,40,9),(22109,259,18,37,38,9),(22110,232,3,29,44,10),(22111,233,4,29,42,10),(22112,236,6,31,1,10),(22113,248,11,31,2,10),(22114,260,8,38,7,10),(22115,261,12,38,45,10),(22116,250,13,31,5,10),(22117,239,9,34,43,10),(22118,244,15,29,6,10),(22119,253,5,35,3,10),(22120,254,10,35,41,10),(22121,258,17,37,40,10),(22122,259,18,37,38,10),(22123,256,1,36,1,11),(22124,257,3,36,2,11),(22125,232,4,29,44,11),(22126,233,15,29,4,11),(22127,236,6,31,42,11),(22128,238,8,33,7,11),(22129,260,12,38,45,11),(22130,261,19,38,5,11),(22131,248,11,31,43,11),(22132,250,13,31,6,11),(22133,231,2,28,3,11),(22134,234,14,28,41,11),(22135,237,7,32,40,11),(22136,239,9,34,38,11),(22137,256,1,36,1,12),(22138,257,3,36,2,12),(22139,236,6,31,44,12),(22140,238,8,33,7,12),(22141,231,2,28,45,12),(22142,248,11,31,4,12),(22143,232,4,29,42,12),(22144,260,12,38,5,12),(22145,261,19,38,43,12),(22146,250,13,31,6,12),(22147,234,14,28,3,12),(22148,233,15,29,41,12),(22149,237,7,32,40,12),(22150,239,9,34,38,12),(22151,256,1,36,1,13),(22152,257,3,36,2,13),(22153,238,8,33,7,13),(22154,231,2,28,45,13),(22155,236,6,31,44,13),(22156,248,11,31,4,13),(22157,250,13,31,42,13),(22158,239,9,34,5,13),(22159,260,12,38,43,13),(22160,234,14,28,3,13),(22161,232,4,29,41,13),(22162,237,7,32,40,13),(22163,253,5,35,38,13),(22164,260,8,38,1,14),(22165,261,12,38,2,14),(22166,231,2,28,7,14),(22167,238,13,33,45,14),(22168,236,6,31,6,14),(22169,248,11,31,44,14),(22170,239,9,34,5,14),(22171,234,14,28,43,14),(22172,256,1,36,3,14),(22173,257,3,36,41,14),(22174,253,5,35,40,14),(22175,237,7,32,38,14),(22176,260,8,38,1,15),(22177,261,12,38,2,15),(22178,236,6,31,4,15),(22179,248,11,31,42,15),(22180,231,2,28,7,15),(22181,238,13,33,45,15),(22182,239,9,34,5,15),(22183,234,14,28,43,15),(22184,256,1,36,3,15),(22185,257,3,36,41,15),(22186,253,5,35,40,15),(22187,237,7,32,38,15),(22188,236,6,31,1,8),(22189,248,11,31,2,8),(22190,253,5,35,3,8),(22191,232,3,29,4,8),(22192,260,8,38,5,8),(22193,233,4,29,6,8),(22194,261,12,38,7,8),(22195,258,17,37,40,8),(22196,254,10,35,41,8),(22197,244,15,29,42,8),(22198,250,13,31,43,8),(22199,231,2,28,45,8),(22200,259,18,37,38,8),(22201,232,3,29,44,9),(22202,236,6,31,1,9),(22203,248,11,31,2,9),(22204,260,8,38,7,9),(22205,261,12,38,45,9),(22206,250,13,31,5,9),(22207,239,9,34,43,9),(22208,233,4,29,6,9),(22209,244,15,29,4,9),(22210,253,5,35,3,9),(22211,254,10,35,41,9),(22212,258,17,37,40,9),(22213,259,18,37,38,9),(22214,232,3,29,44,10),(22215,233,4,29,42,10),(22216,236,6,31,1,10),(22217,248,11,31,2,10),(22218,260,8,38,7,10),(22219,261,12,38,45,10),(22220,250,13,31,5,10),(22221,239,9,34,43,10),(22222,244,15,29,6,10),(22223,253,5,35,3,10),(22224,254,10,35,41,10),(22225,258,17,37,40,10),(22226,259,18,37,38,10),(22227,256,1,36,1,11),(22228,257,3,36,2,11),(22229,232,4,29,44,11),(22230,233,15,29,4,11),(22231,236,6,31,42,11),(22232,238,8,33,7,11),(22233,260,12,38,45,11),(22234,261,19,38,5,11),(22235,248,11,31,43,11),(22236,250,13,31,6,11),(22237,231,2,28,3,11),(22238,234,14,28,41,11),(22239,237,7,32,40,11),(22240,239,9,34,38,11),(22241,256,1,36,1,12),(22242,257,3,36,2,12),(22243,236,6,31,44,12),(22244,238,8,33,7,12),(22245,231,2,28,45,12),(22246,248,11,31,4,12),(22247,232,4,29,42,12),(22248,260,12,38,5,12),(22249,261,19,38,43,12),(22250,250,13,31,6,12),(22251,234,14,28,3,12),(22252,233,15,29,41,12),(22253,237,7,32,40,12),(22254,239,9,34,38,12),(22255,256,1,36,1,13),(22256,257,3,36,2,13),(22257,238,8,33,7,13),(22258,231,2,28,45,13),(22259,236,6,31,44,13),(22260,248,11,31,4,13),(22261,250,13,31,42,13),(22262,239,9,34,5,13),(22263,260,12,38,43,13),(22264,234,14,28,3,13),(22265,232,4,29,41,13),(22266,237,7,32,40,13),(22267,253,5,35,38,13),(22268,260,8,38,1,14),(22269,261,12,38,2,14),(22270,231,2,28,7,14),(22271,238,13,33,45,14),(22272,236,6,31,6,14),(22273,248,11,31,44,14),(22274,239,9,34,5,14),(22275,234,14,28,43,14),(22276,256,1,36,3,14),(22277,257,3,36,41,14),(22278,253,5,35,40,14),(22279,237,7,32,38,14),(22280,260,8,38,1,15),(22281,261,12,38,2,15),(22282,236,6,31,4,15),(22283,248,11,31,42,15),(22284,231,2,28,7,15),(22285,238,13,33,45,15),(22286,239,9,34,5,15),(22287,234,14,28,43,15),(22288,256,1,36,3,15),(22289,257,3,36,41,15),(22290,253,5,35,40,15),(22291,237,7,32,38,15),(22292,236,6,31,1,8),(22293,248,11,31,2,8),(22294,253,5,35,3,8),(22295,232,3,29,4,8),(22296,260,8,38,5,8),(22297,233,4,29,6,8),(22298,261,12,38,7,8),(22299,258,17,37,40,8),(22300,254,10,35,41,8),(22301,244,15,29,42,8),(22302,250,13,31,43,8),(22303,231,2,28,45,8),(22304,259,18,37,38,8),(22305,232,3,29,44,9),(22306,236,6,31,1,9),(22307,248,11,31,2,9),(22308,260,8,38,7,9),(22309,261,12,38,45,9),(22310,250,13,31,5,9),(22311,239,9,34,43,9),(22312,233,4,29,6,9),(22313,244,15,29,4,9),(22314,253,5,35,3,9),(22315,254,10,35,41,9),(22316,258,17,37,40,9),(22317,259,18,37,38,9),(22318,232,3,29,44,10),(22319,233,4,29,42,10),(22320,236,6,31,1,10),(22321,248,11,31,2,10),(22322,260,8,38,7,10),(22323,261,12,38,45,10),(22324,250,13,31,5,10),(22325,239,9,34,43,10),(22326,244,15,29,6,10),(22327,253,5,35,3,10),(22328,254,10,35,41,10),(22329,258,17,37,40,10),(22330,259,18,37,38,10),(22331,256,1,36,1,11),(22332,257,3,36,2,11),(22333,232,4,29,44,11),(22334,233,15,29,4,11),(22335,236,6,31,42,11),(22336,238,8,33,7,11),(22337,260,12,38,45,11),(22338,261,19,38,5,11),(22339,248,11,31,43,11),(22340,250,13,31,6,11),(22341,231,2,28,3,11),(22342,234,14,28,41,11),(22343,237,7,32,40,11),(22344,239,9,34,38,11),(22345,256,1,36,1,12),(22346,257,3,36,2,12),(22347,236,6,31,44,12),(22348,238,8,33,7,12),(22349,231,2,28,45,12),(22350,248,11,31,4,12),(22351,232,4,29,42,12),(22352,260,12,38,5,12),(22353,261,19,38,43,12),(22354,250,13,31,6,12),(22355,234,14,28,3,12),(22356,233,15,29,41,12),(22357,237,7,32,40,12),(22358,239,9,34,38,12),(22359,256,1,36,1,13),(22360,257,3,36,2,13),(22361,238,8,33,7,13),(22362,231,2,28,45,13),(22363,236,6,31,44,13),(22364,248,11,31,4,13),(22365,250,13,31,42,13),(22366,239,9,34,5,13),(22367,260,12,38,43,13),(22368,234,14,28,3,13),(22369,232,4,29,41,13),(22370,237,7,32,40,13),(22371,253,5,35,38,13),(22372,260,8,38,1,14),(22373,261,12,38,2,14),(22374,231,2,28,7,14),(22375,238,13,33,45,14),(22376,236,6,31,6,14),(22377,248,11,31,44,14),(22378,239,9,34,5,14),(22379,234,14,28,43,14),(22380,256,1,36,3,14),(22381,257,3,36,41,14),(22382,253,5,35,40,14),(22383,237,7,32,38,14),(22384,260,8,38,1,15),(22385,261,12,38,2,15),(22386,236,6,31,4,15),(22387,248,11,31,42,15),(22388,231,2,28,7,15),(22389,238,13,33,45,15),(22390,239,9,34,5,15),(22391,234,14,28,43,15),(22392,256,1,36,3,15),(22393,257,3,36,41,15),(22394,253,5,35,40,15),(22395,237,7,32,38,15),(22396,236,6,31,1,8),(22397,248,11,31,2,8),(22398,253,5,35,3,8),(22399,232,3,29,4,8),(22400,260,8,38,5,8),(22401,233,4,29,6,8),(22402,261,12,38,7,8),(22403,258,17,37,40,8),(22404,254,10,35,41,8),(22405,244,15,29,42,8),(22406,250,13,31,43,8),(22407,231,2,28,45,8),(22408,259,18,37,38,8),(22409,232,3,29,44,9),(22410,236,6,31,1,9),(22411,248,11,31,2,9),(22412,260,8,38,7,9),(22413,261,12,38,45,9),(22414,250,13,31,5,9),(22415,239,9,34,43,9),(22416,233,4,29,6,9),(22417,244,15,29,4,9),(22418,253,5,35,3,9),(22419,254,10,35,41,9),(22420,258,17,37,40,9),(22421,259,18,37,38,9),(22422,232,3,29,44,10),(22423,233,4,29,42,10),(22424,236,6,31,1,10),(22425,248,11,31,2,10),(22426,260,8,38,7,10),(22427,261,12,38,45,10),(22428,250,13,31,5,10),(22429,239,9,34,43,10),(22430,244,15,29,6,10),(22431,253,5,35,3,10),(22432,254,10,35,41,10),(22433,258,17,37,40,10),(22434,259,18,37,38,10),(22435,256,1,36,1,11),(22436,257,3,36,2,11),(22437,232,4,29,44,11),(22438,233,15,29,4,11),(22439,236,6,31,42,11),(22440,238,8,33,7,11),(22441,260,12,38,45,11),(22442,261,19,38,5,11),(22443,248,11,31,43,11),(22444,250,13,31,6,11),(22445,231,2,28,3,11),(22446,234,14,28,41,11),(22447,237,7,32,40,11),(22448,239,9,34,38,11),(22449,256,1,36,1,12),(22450,257,3,36,2,12),(22451,236,6,31,44,12),(22452,238,8,33,7,12),(22453,231,2,28,45,12),(22454,248,11,31,4,12),(22455,232,4,29,42,12),(22456,260,12,38,5,12),(22457,261,19,38,43,12),(22458,250,13,31,6,12),(22459,234,14,28,3,12),(22460,233,15,29,41,12),(22461,237,7,32,40,12),(22462,239,9,34,38,12),(22463,256,1,36,1,13),(22464,257,3,36,2,13),(22465,238,8,33,7,13),(22466,231,2,28,45,13),(22467,236,6,31,44,13),(22468,248,11,31,4,13),(22469,250,13,31,42,13),(22470,239,9,34,5,13),(22471,260,12,38,43,13),(22472,234,14,28,3,13),(22473,232,4,29,41,13),(22474,237,7,32,40,13),(22475,253,5,35,38,13),(22476,260,8,38,1,14),(22477,261,12,38,2,14),(22478,231,2,28,7,14),(22479,238,13,33,45,14),(22480,236,6,31,6,14),(22481,248,11,31,44,14),(22482,239,9,34,5,14),(22483,234,14,28,43,14),(22484,256,1,36,3,14),(22485,257,3,36,41,14),(22486,253,5,35,40,14),(22487,237,7,32,38,14),(22488,260,8,38,1,15),(22489,261,12,38,2,15),(22490,236,6,31,4,15),(22491,248,11,31,42,15),(22492,231,2,28,7,15),(22493,238,13,33,45,15),(22494,239,9,34,5,15),(22495,234,14,28,43,15),(22496,256,1,36,3,15),(22497,257,3,36,41,15),(22498,253,5,35,40,15),(22499,237,7,32,38,15),(22500,236,6,31,1,8),(22501,248,11,31,2,8),(22502,253,5,35,3,8),(22503,232,3,29,4,8),(22504,260,8,38,5,8),(22505,233,4,29,6,8),(22506,261,12,38,7,8),(22507,258,17,37,40,8),(22508,254,10,35,41,8),(22509,244,15,29,42,8),(22510,250,13,31,43,8),(22511,231,2,28,45,8),(22512,259,18,37,38,8),(22513,232,3,29,44,9),(22514,236,6,31,1,9),(22515,248,11,31,2,9),(22516,260,8,38,7,9),(22517,261,12,38,45,9),(22518,250,13,31,5,9),(22519,239,9,34,43,9),(22520,233,4,29,6,9),(22521,244,15,29,4,9),(22522,253,5,35,3,9),(22523,254,10,35,41,9),(22524,258,17,37,40,9),(22525,259,18,37,38,9),(22526,232,3,29,44,10),(22527,233,4,29,42,10),(22528,236,6,31,1,10),(22529,248,11,31,2,10),(22530,260,8,38,7,10),(22531,261,12,38,45,10),(22532,250,13,31,5,10),(22533,239,9,34,43,10),(22534,244,15,29,6,10),(22535,253,5,35,3,10),(22536,254,10,35,41,10),(22537,258,17,37,40,10),(22538,259,18,37,38,10),(22539,256,1,36,1,11),(22540,257,3,36,2,11),(22541,232,4,29,44,11),(22542,233,15,29,4,11),(22543,236,6,31,42,11),(22544,238,8,33,7,11),(22545,260,12,38,45,11),(22546,261,19,38,5,11),(22547,248,11,31,43,11),(22548,250,13,31,6,11),(22549,231,2,28,3,11),(22550,234,14,28,41,11),(22551,237,7,32,40,11),(22552,239,9,34,38,11),(22553,256,1,36,1,12),(22554,257,3,36,2,12),(22555,236,6,31,44,12),(22556,238,8,33,7,12),(22557,231,2,28,45,12),(22558,248,11,31,4,12),(22559,232,4,29,42,12),(22560,260,12,38,5,12),(22561,261,19,38,43,12),(22562,250,13,31,6,12),(22563,234,14,28,3,12),(22564,233,15,29,41,12),(22565,237,7,32,40,12),(22566,239,9,34,38,12),(22567,256,1,36,1,13),(22568,257,3,36,2,13),(22569,238,8,33,7,13),(22570,231,2,28,45,13),(22571,236,6,31,44,13),(22572,248,11,31,4,13),(22573,250,13,31,42,13),(22574,239,9,34,5,13),(22575,260,12,38,43,13),(22576,234,14,28,3,13),(22577,232,4,29,41,13),(22578,237,7,32,40,13),(22579,253,5,35,38,13),(22580,260,8,38,1,14),(22581,261,12,38,2,14),(22582,231,2,28,7,14),(22583,238,13,33,45,14),(22584,236,6,31,6,14),(22585,248,11,31,44,14),(22586,239,9,34,5,14),(22587,234,14,28,43,14),(22588,256,1,36,3,14),(22589,257,3,36,41,14),(22590,253,5,35,40,14),(22591,237,7,32,38,14),(22592,260,8,38,1,15),(22593,261,12,38,2,15),(22594,236,6,31,4,15),(22595,248,11,31,42,15),(22596,231,2,28,7,15),(22597,238,13,33,45,15),(22598,239,9,34,5,15),(22599,234,14,28,43,15),(22600,256,1,36,3,15),(22601,257,3,36,41,15),(22602,253,5,35,40,15),(22603,237,7,32,38,15),(22604,236,6,31,1,8),(22605,248,11,31,2,8),(22606,232,3,29,6,8),(22607,233,4,29,44,8),(22608,260,8,38,7,8),(22609,261,12,38,45,8),(22610,244,15,29,4,8),(22611,250,13,31,42,8),(22612,239,9,34,5,8),(22613,231,2,28,43,8),(22614,253,5,35,3,8),(22615,254,10,35,41,8),(22616,258,17,37,40,8),(22617,259,18,37,38,8),(22618,236,6,31,1,9),(22619,248,11,31,2,9),(22620,260,8,38,7,9),(22621,261,12,38,45,9),(22622,232,3,29,6,9),(22623,233,4,29,44,9),(22624,244,15,29,4,9),(22625,250,13,31,42,9),(22626,239,9,34,5,9),(22627,231,2,28,43,9),(22628,253,5,35,3,9),(22629,254,10,35,41,9),(22630,258,17,37,40,9),(22631,259,18,37,38,9),(22632,236,6,31,1,10),(22633,248,11,31,2,10),(22634,260,8,38,7,10),(22635,261,12,38,45,10),(22636,232,3,29,6,10),(22637,233,4,29,44,10),(22638,244,15,29,4,10),(22639,250,13,31,42,10),(22640,239,9,34,5,10),(22641,231,2,28,43,10),(22642,253,5,35,3,10),(22643,254,10,35,41,10),(22644,258,17,37,40,10),(22645,259,18,37,38,10),(22646,256,1,36,1,11),(22647,257,3,36,2,11),(22648,238,8,33,7,11),(22649,231,2,28,45,11),(22650,236,6,31,6,11),(22651,248,11,31,44,11),(22652,250,13,31,4,11),(22653,232,4,29,42,11),(22654,260,12,38,5,11),(22655,261,19,38,43,11),(22656,234,14,28,3,11),(22657,233,15,29,41,11),(22658,237,7,32,40,11),(22659,239,9,34,38,11),(22660,256,1,36,1,12),(22661,257,3,36,2,12),(22662,238,8,33,7,12),(22663,231,2,28,45,12),(22664,236,6,31,6,12),(22665,248,11,31,44,12),(22666,250,13,31,4,12),(22667,232,4,29,42,12),(22668,260,12,38,5,12),(22669,261,19,38,43,12),(22670,234,14,28,3,12),(22671,233,15,29,41,12),(22672,237,7,32,40,12),(22673,239,9,34,38,12),(22674,256,1,36,1,13),(22675,257,3,36,2,13),(22676,238,8,33,7,13),(22677,231,2,28,45,13),(22678,236,6,31,6,13),(22679,248,11,31,44,13),(22680,250,13,31,4,13),(22681,232,4,29,42,13),(22682,260,12,38,5,13),(22683,261,19,38,43,13),(22684,234,14,28,3,13),(22685,233,15,29,41,13),(22686,237,7,32,40,13),(22687,239,9,34,38,13),(22688,260,8,38,1,14),(22689,261,12,38,2,14),(22690,231,2,28,7,14),(22691,238,13,33,45,14),(22692,236,6,31,5,14),(22693,248,11,31,43,14),(22694,256,1,36,3,14),(22695,234,14,28,41,14),(22696,239,9,34,40,14),(22697,237,7,32,38,14),(22698,260,8,38,1,15),(22699,261,12,38,2,15),(22700,231,2,28,7,15),(22701,238,13,33,45,15),(22702,236,6,31,5,15),(22703,248,11,31,43,15),(22704,256,1,36,3,15),(22705,234,14,28,41,15),(22706,239,9,34,40,15),(22707,237,7,32,38,15),(22708,236,6,31,1,8),(22709,248,11,31,2,8),(22710,232,3,29,6,8),(22711,233,4,29,44,8),(22712,260,8,38,7,8),(22713,261,12,38,45,8),(22714,244,15,29,4,8),(22715,250,13,31,42,8),(22716,239,9,34,5,8),(22717,253,5,35,3,8),(22718,254,10,35,41,8),(22719,258,17,37,40,8),(22720,259,18,37,38,8),(22721,236,6,31,1,9),(22722,248,11,31,2,9),(22723,232,3,29,6,9),(22724,233,4,29,44,9),(22725,260,8,38,7,9),(22726,261,12,38,45,9),(22727,244,15,29,4,9),(22728,250,13,31,42,9),(22729,239,9,34,43,9),(22730,253,5,35,3,9),(22731,254,10,35,41,9),(22732,258,17,37,40,9),(22733,259,18,37,38,9),(22734,236,6,31,1,10),(22735,248,11,31,2,10),(22736,260,8,38,7,10),(22737,261,12,38,45,10),(22738,232,3,29,6,10),(22739,233,4,29,44,10),(22740,244,15,29,4,10),(22741,250,13,31,42,10),(22742,239,9,34,5,10),(22743,253,5,35,3,10),(22744,254,10,35,41,10),(22745,258,17,37,40,10),(22746,259,18,37,38,10),(22747,256,1,36,1,11),(22748,257,3,36,2,11),(22749,238,8,33,7,11),(22750,265,13,33,45,11),(22751,236,6,31,6,11),(22752,248,11,31,44,11),(22753,260,12,38,4,11),(22754,232,4,29,42,11),(22755,261,19,38,43,11),(22756,239,9,34,5,11),(22757,233,15,29,3,11),(22758,237,7,32,40,11),(22759,253,5,35,38,11),(22760,256,1,36,1,12),(22761,257,3,36,2,12),(22762,238,8,33,7,12),(22763,265,13,33,45,12),(22764,236,6,31,6,12),(22765,248,11,31,44,12),(22766,260,12,38,43,12),(22767,261,19,38,4,12),(22768,232,4,29,42,12),(22769,233,15,29,41,12),(22770,237,7,32,40,12),(22771,239,9,34,38,12),(22772,256,1,36,1,13),(22773,257,3,36,2,13),(22774,238,8,33,7,13),(22775,265,13,33,45,13),(22776,236,6,31,6,13),(22777,248,11,31,44,13),(22778,260,12,38,5,13),(22779,261,19,38,43,13),(22780,232,4,29,42,13),(22781,233,15,29,3,13),(22782,237,7,32,40,13),(22783,239,9,34,38,13),(22784,260,8,38,1,14),(22785,261,12,38,2,14),(22786,235,1,30,7,14),(22787,249,5,30,45,14),(22788,236,6,31,4,14),(22789,248,11,31,5,14),(22790,250,13,31,43,14),(22791,256,3,36,41,14),(22792,257,16,36,3,14),(22793,239,9,34,40,14),(22794,237,7,32,38,14),(22795,260,8,38,1,15),(22796,261,12,38,2,15),(22797,235,1,30,7,15),(22798,249,5,30,45,15),(22799,236,6,31,4,15),(22800,248,11,31,5,15),(22801,250,13,31,43,15),(22802,256,3,36,41,15),(22803,257,16,36,3,15),(22804,239,9,34,40,15),(22805,237,7,32,38,15),(22806,236,6,31,1,8),(22807,248,11,31,2,8),(22808,232,3,29,6,8),(22809,233,4,29,44,8),(22810,260,8,38,7,8),(22811,261,12,38,45,8),(22812,244,15,29,42,8),(22813,250,13,31,4,8),(22814,239,9,34,5,8),(22815,231,2,28,43,8),(22816,253,5,35,41,8),(22817,254,10,35,3,8),(22818,258,17,37,40,8),(22819,259,18,37,38,8),(22820,236,6,31,1,9),(22821,248,11,31,2,9),(22822,232,3,29,6,9),(22823,233,4,29,44,9),(22824,260,8,38,7,9),(22825,261,12,38,45,9),(22826,244,15,29,42,9),(22827,250,13,31,4,9),(22828,239,9,34,5,9),(22829,231,2,28,43,9),(22830,253,5,35,41,9),(22831,254,10,35,3,9),(22832,258,17,37,40,9),(22833,259,18,37,38,9),(22834,236,6,31,1,10),(22835,248,11,31,2,10),(22836,260,8,38,7,10),(22837,261,12,38,45,10),(22838,232,3,29,6,10),(22839,233,4,29,44,10),(22840,244,15,29,42,10),(22841,250,13,31,4,10),(22842,239,9,34,5,10),(22843,231,2,28,43,10),(22844,253,5,35,41,10),(22845,254,10,35,3,10),(22846,258,17,37,40,10),(22847,259,18,37,38,10),(22848,256,1,36,1,11),(22849,257,3,36,2,11),(22850,238,8,33,7,11),(22851,265,13,33,45,11),(22852,236,6,31,6,11),(22853,248,11,31,44,11),(22854,260,12,38,42,11),(22855,232,4,29,4,11),(22856,261,19,38,5,11),(22857,239,9,34,43,11),(22858,231,2,28,41,11),(22859,234,14,28,3,11),(22860,237,7,32,40,11),(22861,253,5,35,38,11),(22862,256,1,36,1,12),(22863,257,3,36,2,12),(22864,238,8,33,7,12),(22865,265,13,33,45,12),(22866,236,6,31,6,12),(22867,248,11,31,44,12),(22868,260,12,38,42,12),(22869,261,19,38,5,12),(22870,239,9,34,43,12),(22871,232,4,29,4,12),(22872,231,2,28,41,12),(22873,234,14,28,3,12),(22874,237,7,32,40,12),(22875,253,5,35,38,12),(22876,256,1,36,1,13),(22877,257,3,36,2,13),(22878,238,8,33,7,13),(22879,265,13,33,45,13),(22880,236,6,31,6,13),(22881,248,11,31,44,13),(22882,260,12,38,42,13),(22883,261,19,38,5,13),(22884,239,9,34,43,13),(22885,232,4,29,4,13),(22886,231,2,28,41,13),(22887,234,14,28,3,13),(22888,237,7,32,40,13),(22889,253,5,35,38,13),(22890,260,8,38,1,14),(22891,261,12,38,2,14),(22892,231,2,28,7,14),(22893,234,14,28,45,14),(22894,236,6,31,42,14),(22895,248,11,31,5,14),(22896,250,13,31,43,14),(22897,256,1,36,41,14),(22898,257,3,36,3,14),(22899,239,9,34,40,14),(22900,237,7,32,38,14),(22901,260,8,38,1,15),(22902,261,12,38,2,15),(22903,231,2,28,7,15),(22904,234,14,28,45,15),(22905,236,6,31,42,15),(22906,248,11,31,5,15),(22907,250,13,31,43,15),(22908,256,1,36,41,15),(22909,257,3,36,3,15),(22910,239,9,34,40,15),(22911,237,7,32,38,15),(22912,236,6,31,1,8),(22913,248,11,31,2,8),(22914,232,3,29,6,8),(22915,233,4,29,44,8),(22916,260,8,38,7,8),(22917,261,12,38,45,8),(22918,244,15,29,4,8),(22919,250,13,31,42,8),(22920,239,9,34,5,8),(22921,231,2,28,43,8),(22922,253,5,35,41,8),(22923,254,10,35,3,8),(22924,237,7,32,40,8),(22925,236,6,31,1,9),(22926,248,11,31,2,9),(22927,232,3,29,6,9),(22928,233,4,29,44,9),(22929,260,8,38,7,9),(22930,261,12,38,45,9),(22931,244,15,29,4,9),(22932,250,13,31,42,9),(22933,239,9,34,5,9),(22934,231,2,28,43,9),(22935,253,5,35,41,9),(22936,254,10,35,3,9),(22937,237,7,32,38,9),(22938,236,6,31,1,10),(22939,248,11,31,2,10),(22940,232,3,29,6,10),(22941,233,4,29,44,10),(22942,260,8,38,7,10),(22943,261,12,38,45,10),(22944,244,15,29,4,10),(22945,250,13,31,42,10),(22946,239,9,34,5,10),(22947,231,2,28,43,10),(22948,253,5,35,41,10),(22949,254,10,35,3,10),(22950,237,7,32,40,10),(22951,260,8,38,1,11),(22952,261,12,38,2,11),(22953,238,13,33,7,11),(22954,231,2,28,45,11),(22955,236,6,31,6,11),(22956,248,11,31,44,11),(22957,232,3,29,42,11),(22958,234,14,28,5,11),(22959,239,9,34,43,11),(22960,233,4,29,41,11),(22961,244,15,29,3,11),(22962,237,7,32,38,11),(22963,253,5,35,40,11),(22964,260,8,38,1,12),(22965,261,12,38,2,12),(22966,238,13,33,7,12),(22967,231,2,28,45,12),(22968,236,6,31,6,12),(22969,248,11,31,44,12),(22970,232,3,29,42,12),(22971,234,14,28,5,12),(22972,239,9,34,43,12),(22973,233,4,29,41,12),(22974,244,15,29,3,12),(22975,237,7,32,38,12),(22976,253,5,35,40,12),(22977,260,8,38,1,13),(22978,261,12,38,2,13),(22979,238,13,33,7,13),(22980,231,2,28,45,13),(22981,236,6,31,4,13),(22982,248,11,31,6,13),(22983,234,14,28,5,13),(22984,239,9,34,43,13),(22985,232,3,29,42,13),(22986,233,4,29,41,13),(22987,244,15,29,3,13),(22988,253,5,35,38,13),(22989,237,7,32,40,13),(22990,232,3,29,1,14),(22991,233,4,29,2,14),(22992,236,6,31,44,14),(22993,231,2,28,7,14),(22994,238,8,33,45,14),(22995,248,11,31,4,14),(22996,260,12,38,5,14),(22997,261,19,38,43,14),(22998,234,14,28,41,14),(22999,250,13,31,3,14),(23000,239,9,34,38,14),(23001,253,5,35,40,14),(23002,232,3,29,1,15),(23003,233,4,29,2,15),(23004,231,2,28,7,15),(23005,238,8,33,45,15),(23006,236,6,31,4,15),(23007,260,12,38,42,15),(23008,261,19,38,5,15),(23009,248,11,31,43,15),(23010,234,14,28,41,15),(23011,250,13,31,3,15),(23012,239,9,34,38,15),(23013,236,6,31,1,8),(23014,248,11,31,2,8),(23015,232,3,29,6,8),(23016,233,4,29,44,8),(23017,260,8,38,7,8),(23018,261,12,38,45,8),(23019,244,15,29,4,8),(23020,250,13,31,42,8),(23021,239,9,34,5,8),(23022,231,2,28,43,8),(23023,234,14,28,41,8),(23024,256,1,36,3,8),(23025,237,7,32,40,8),(23026,257,16,36,38,8),(23027,236,6,31,1,9),(23028,248,11,31,2,9),(23029,232,3,29,6,9),(23030,233,4,29,44,9),(23031,260,8,38,7,9),(23032,261,12,38,45,9),(23033,244,15,29,4,9),(23034,250,13,31,42,9),(23035,239,9,34,5,9),(23036,231,2,28,43,9),(23037,234,14,28,41,9),(23038,256,1,36,3,9),(23039,237,7,32,40,9),(23040,257,16,36,38,9),(23041,236,6,31,1,10),(23042,248,11,31,2,10),(23043,232,3,29,6,10),(23044,233,4,29,44,10),(23045,260,8,38,7,10),(23046,261,12,38,45,10),(23047,244,15,29,4,10),(23048,250,13,31,42,10),(23049,239,9,34,5,10),(23050,231,2,28,43,10),(23051,234,14,28,41,10),(23052,256,1,36,3,10),(23053,237,7,32,40,10),(23054,257,16,36,38,10),(23055,256,1,36,1,11),(23056,257,3,36,2,11),(23057,236,6,31,6,11),(23058,248,11,31,44,11),(23059,238,8,33,7,11),(23060,265,13,33,45,11),(23061,260,12,38,4,11),(23062,232,4,29,42,11),(23063,261,19,38,5,11),(23064,239,9,34,43,11),(23065,233,15,29,41,11),(23066,231,2,28,3,11),(23067,237,7,32,38,11),(23068,256,1,36,1,12),(23069,257,3,36,2,12),(23070,238,8,33,7,12),(23071,265,13,33,45,12),(23072,236,6,31,6,12),(23073,248,11,31,44,12),(23074,260,12,38,4,12),(23075,232,4,29,42,12),(23076,261,19,38,5,12),(23077,239,9,34,43,12),(23078,233,15,29,41,12),(23079,231,2,28,3,12),(23080,237,7,32,38,12),(23081,256,1,36,1,13),(23082,257,3,36,2,13),(23083,238,8,33,7,13),(23084,265,13,33,45,13),(23085,236,6,31,6,13),(23086,248,11,31,44,13),(23087,260,12,38,4,13),(23088,261,19,38,5,13),(23089,232,4,29,42,13),(23090,239,9,34,43,13),(23091,233,15,29,41,13),(23092,231,2,28,3,13),(23093,237,7,32,38,13),(23094,260,8,38,1,14),(23095,261,12,38,2,14),(23096,231,2,28,7,14),(23097,234,14,28,45,14),(23098,236,6,31,4,14),(23099,248,11,31,5,14),(23100,250,13,31,43,14),(23101,256,1,36,41,14),(23102,232,3,29,3,14),(23103,239,9,34,40,14),(23104,260,8,38,1,15),(23105,261,12,38,2,15),(23106,231,2,28,7,15),(23107,234,14,28,45,15),(23108,236,6,31,4,15),(23109,248,11,31,5,15),(23110,250,13,31,43,15),(23111,256,1,36,41,15),(23112,232,3,29,3,15),(23113,239,9,34,40,15),(23114,236,6,31,1,8),(23115,248,11,31,2,8),(23116,232,3,29,6,8),(23117,233,4,29,44,8),(23118,260,8,38,7,8),(23119,261,12,38,45,8),(23120,244,15,29,4,8),(23121,250,13,31,42,8),(23122,239,9,34,5,8),(23123,231,2,28,43,8),(23124,253,5,35,41,8),(23125,254,10,35,3,8),(23126,237,7,32,40,8),(23127,256,1,36,38,8),(23128,236,6,31,1,9),(23129,248,11,31,2,9),(23130,232,3,29,6,9),(23131,233,4,29,44,9),(23132,260,8,38,7,9),(23133,261,12,38,45,9),(23134,244,15,29,4,9),(23135,250,13,31,42,9),(23136,239,9,34,5,9),(23137,231,2,28,43,9),(23138,253,5,35,41,9),(23139,254,10,35,3,9),(23140,237,7,32,40,9),(23141,256,1,36,38,9),(23142,256,1,36,1,10),(23143,257,3,36,2,10),(23144,236,6,31,6,10),(23145,248,11,31,44,10),(23146,260,8,38,7,10),(23147,261,12,38,45,10),(23148,250,13,31,4,10),(23149,232,4,29,42,10),(23150,239,9,34,5,10),(23151,231,2,28,43,10),(23152,253,5,35,41,10),(23153,254,10,35,3,10),(23154,237,7,32,40,10),(23155,256,1,36,1,11),(23156,257,3,36,2,11),(23157,236,6,31,6,11),(23158,248,11,31,44,11),(23159,238,8,33,7,11),(23160,265,13,33,45,11),(23161,235,5,30,4,11),(23162,232,4,29,42,11),(23163,231,2,28,5,11),(23164,260,12,38,43,11),(23165,234,14,28,41,11),(23166,233,15,29,3,11),(23167,239,9,34,40,11),(23168,237,7,32,38,11),(23169,256,1,36,1,12),(23170,257,3,36,2,12),(23171,238,8,33,7,12),(23172,265,13,33,45,12),(23173,235,5,30,6,12),(23174,249,12,30,44,12),(23175,236,6,31,4,12),(23176,248,11,31,42,12),(23177,231,2,28,5,12),(23178,260,19,38,43,12),(23179,234,14,28,41,12),(23180,232,4,29,3,12),(23181,239,9,34,40,12),(23182,237,7,32,38,12),(23183,260,8,38,1,13),(23184,261,12,38,2,13),(23185,238,13,33,7,13),(23186,231,2,28,45,13),(23187,235,1,30,6,13),(23188,249,5,30,44,13),(23189,236,6,31,4,13),(23190,258,17,37,42,13),(23191,248,11,31,5,13),(23192,239,9,34,43,13),(23193,234,14,28,41,13),(23194,256,3,36,3,13),(23195,253,10,35,40,13),(23196,237,7,32,38,13),(23197,260,8,38,1,14),(23198,261,12,38,2,14),(23199,231,2,28,7,14),(23200,238,13,33,45,14),(23201,235,1,30,6,14),(23202,249,5,30,44,14),(23203,258,6,37,42,14),(23204,236,11,31,5,14),(23205,239,9,34,43,14),(23206,256,3,36,41,14),(23207,234,14,28,3,14),(23208,253,10,35,40,14),(23209,257,16,36,38,14),(23210,260,8,38,1,15),(23211,261,12,38,2,15),(23212,231,2,28,7,15),(23213,234,14,28,45,15),(23214,253,5,35,6,15),(23215,254,10,35,44,15),(23216,235,1,30,4,15),(23217,258,6,37,42,15),(23218,236,11,31,5,15),(23219,248,13,31,43,15),(23220,256,3,36,41,15),(23221,257,16,36,3,15),(23222,239,9,34,40,15),(23223,256,1,36,1,8),(23224,257,3,36,2,8),(23225,260,8,38,7,8),(23226,261,12,38,45,8),(23227,235,5,30,6,8),(23228,253,10,35,44,8),(23229,236,6,31,4,8),(23230,258,17,37,42,8),(23231,248,11,31,5,8),(23232,250,13,31,43,8),(23233,231,2,28,41,8),(23234,234,14,28,3,8),(23235,237,7,32,38,8),(23236,239,9,34,40,8),(23237,256,1,36,1,9),(23238,257,3,36,2,9),(23239,260,8,38,7,9),(23240,261,12,38,45,9),(23241,235,5,30,6,9),(23242,253,10,35,44,9),(23243,258,6,37,4,9),(23244,259,17,37,42,9),(23245,236,11,31,5,9),(23246,248,13,31,43,9),(23247,231,2,28,41,9),(23248,234,14,28,3,9),(23249,237,7,32,38,9),(23250,239,9,34,40,9),(23251,256,1,36,1,10),(23252,257,3,36,2,10),(23253,260,8,38,7,10),(23254,261,12,38,45,10),(23255,235,5,30,6,10),(23256,253,10,35,44,10),(23257,258,6,37,4,10),(23258,259,17,37,42,10),(23259,236,11,31,5,10),(23260,248,13,31,43,10),(23261,231,2,28,41,10),(23262,234,14,28,3,10),(23263,237,7,32,38,10),(23264,239,9,34,40,10),(23265,260,8,38,1,11),(23266,261,12,38,2,11),(23267,238,13,33,7,11),(23268,231,2,28,45,11),(23269,253,5,35,6,11),(23270,235,1,30,44,11),(23271,258,6,37,4,11),(23272,254,10,35,42,11),(23273,239,9,34,5,11),(23274,234,14,28,43,11),(23275,256,3,36,41,11),(23276,257,16,36,3,11),(23277,262,11,34,38,11),(23278,237,7,32,40,11),(23279,260,8,38,1,12),(23280,261,12,38,2,12),(23281,238,13,33,7,12),(23282,231,2,28,45,12),(23283,253,5,35,6,12),(23284,235,1,30,44,12),(23285,254,10,35,4,12),(23286,239,9,34,5,12),(23287,234,14,28,43,12),(23288,256,3,36,41,12),(23289,257,16,36,3,12),(23290,262,11,34,38,12),(23291,237,7,32,40,12),(23292,260,8,38,1,13),(23293,261,12,38,2,13),(23294,238,13,33,7,13),(23295,231,2,28,45,13),(23296,253,5,35,6,13),(23297,235,1,30,44,13),(23298,254,10,35,4,13),(23299,239,9,34,5,13),(23300,234,14,28,43,13),(23301,256,3,36,41,13),(23302,257,16,36,3,13),(23303,262,11,34,38,13),(23304,237,7,32,40,13),(23305,232,3,29,1,14),(23306,233,4,29,2,14),(23307,231,2,28,7,14),(23308,238,8,33,45,14),(23309,235,1,30,42,14),(23310,249,5,30,4,14),(23311,265,13,33,5,14),(23312,260,12,38,43,14),(23313,253,10,35,41,14),(23314,236,6,31,3,14),(23315,256,16,36,38,14),(23316,232,3,29,1,15),(23317,233,4,29,2,15),(23318,231,2,28,7,15),(23319,238,8,33,45,15),(23320,235,1,30,42,15),(23321,249,5,30,4,15),(23322,265,13,33,5,15),(23323,260,12,38,43,15),(23324,253,10,35,41,15),(23325,236,6,31,3,15),(23326,256,16,36,40,15),(23327,256,1,36,1,8),(23328,257,3,36,2,8),(23329,260,8,38,7,8),(23330,261,12,38,45,8),(23331,235,5,30,6,8),(23332,253,10,35,44,8),(23333,258,6,37,42,8),(23334,259,17,37,4,8),(23335,236,11,31,5,8),(23336,248,13,31,43,8),(23337,232,4,29,41,8),(23338,233,15,29,3,8),(23339,237,7,32,38,8),(23340,239,9,34,40,8),(23341,256,1,36,1,9),(23342,257,3,36,2,9),(23343,260,8,38,7,9),(23344,261,12,38,45,9),(23345,235,5,30,6,9),(23346,253,10,35,44,9),(23347,258,6,37,42,9),(23348,259,17,37,4,9),(23349,236,11,31,5,9),(23350,248,13,31,43,9),(23351,232,4,29,41,9),(23352,233,15,29,3,9),(23353,237,7,32,38,9),(23354,239,9,34,40,9),(23355,256,1,36,1,10),(23356,257,3,36,2,10),(23357,260,8,38,7,10),(23358,261,12,38,45,10),(23359,235,5,30,6,10),(23360,253,10,35,44,10),(23361,258,6,37,42,10),(23362,259,17,37,4,10),(23363,236,11,31,5,10),(23364,248,13,31,43,10),(23365,232,4,29,41,10),(23366,233,15,29,3,10),(23367,237,7,32,38,10),(23368,239,9,34,40,10),(23369,260,8,38,1,11),(23370,261,12,38,2,11),(23371,238,13,33,7,11),(23372,235,1,30,45,11),(23373,253,5,35,6,11),(23374,254,10,35,42,11),(23375,239,9,34,5,11),(23376,262,11,34,43,11),(23377,256,3,36,41,11),(23378,257,16,36,3,11),(23379,237,7,32,40,11),(23380,260,8,38,1,12),(23381,261,12,38,2,12),(23382,238,13,33,7,12),(23383,235,1,30,45,12),(23384,249,5,30,44,12),(23385,253,10,35,6,12),(23386,239,9,34,5,12),(23387,262,11,34,43,12),(23388,256,3,36,41,12),(23389,257,16,36,3,12),(23390,237,7,32,40,12),(23391,260,8,38,1,13),(23392,261,12,38,2,13),(23393,238,13,33,7,13),(23394,235,1,30,45,13),(23395,249,5,30,44,13),(23396,253,10,35,6,13),(23397,239,9,34,5,13),(23398,262,11,34,43,13),(23399,256,3,36,41,13),(23400,257,16,36,3,13),(23401,237,7,32,40,13),(23402,232,3,29,1,14),(23403,233,4,29,2,14),(23404,235,1,30,7,14),(23405,238,8,33,45,14),(23406,249,5,30,44,14),(23407,250,12,30,4,14),(23408,260,19,38,42,14),(23409,265,13,33,5,14),(23410,236,6,31,41,14),(23411,253,10,35,3,14),(23412,239,9,34,38,14),(23413,256,16,36,40,14),(23414,232,3,29,1,15),(23415,233,4,29,2,15),(23416,235,1,30,7,15),(23417,238,8,33,45,15),(23418,249,5,30,4,15),(23419,250,12,30,42,15),(23420,260,19,38,43,15),(23421,265,13,33,5,15),(23422,236,6,31,41,15),(23423,253,10,35,3,15),(23424,239,9,34,38,15),(23425,256,16,36,40,15),(23426,256,1,36,1,8),(23427,257,3,36,2,8),(23428,260,8,38,7,8),(23429,261,12,38,45,8),(23430,235,5,30,6,8),(23431,253,10,35,44,8),(23432,258,6,37,4,8),(23433,259,17,37,42,8),(23434,236,11,31,43,8),(23435,248,13,31,5,8),(23436,231,2,28,41,8),(23437,234,14,28,3,8),(23438,237,7,32,38,8),(23439,239,9,34,40,8),(23440,256,1,36,1,9),(23441,257,3,36,2,9),(23442,260,8,38,7,9),(23443,261,12,38,45,9),(23444,235,5,30,6,9),(23445,253,10,35,44,9),(23446,258,6,37,4,9),(23447,259,17,37,42,9),(23448,236,11,31,43,9),(23449,239,9,34,5,9),(23450,231,2,28,41,9),(23451,234,14,28,3,9),(23452,237,7,32,38,9),(23453,256,1,36,1,10),(23454,257,3,36,2,10),(23455,260,8,38,7,10),(23456,261,12,38,45,10),(23457,235,5,30,6,10),(23458,253,10,35,44,10),(23459,258,6,37,4,10),(23460,259,17,37,42,10),(23461,231,2,28,43,10),(23462,239,9,34,5,10),(23463,234,14,28,41,10),(23464,236,11,31,3,10),(23465,237,7,32,38,10),(23466,260,8,38,1,11),(23467,261,12,38,2,11),(23468,238,13,33,7,11),(23469,231,2,28,45,11),(23470,253,5,35,6,11),(23471,235,1,30,44,11),(23472,254,10,35,4,11),(23473,234,14,28,43,11),(23474,239,9,34,5,11),(23475,256,3,36,41,11),(23476,257,16,36,3,11),(23477,262,11,34,38,11),(23478,237,7,32,40,11),(23479,260,8,38,1,12),(23480,261,12,38,2,12),(23481,238,13,33,7,12),(23482,231,2,28,45,12),(23483,253,5,35,6,12),(23484,235,1,30,44,12),(23485,254,10,35,42,12),(23486,234,14,28,43,12),(23487,237,7,32,5,12),(23488,256,3,36,41,12),(23489,257,16,36,3,12),(23490,239,9,34,38,12),(23491,251,11,32,40,12),(23492,260,8,38,1,13),(23493,261,12,38,2,13),(23494,238,13,33,7,13),(23495,231,2,28,45,13),(23496,253,5,35,6,13),(23497,235,1,30,44,13),(23498,254,10,35,4,13),(23499,239,9,34,43,13),(23500,237,7,32,5,13),(23501,256,3,36,41,13),(23502,234,14,28,3,13),(23503,262,11,34,38,13),(23504,257,16,36,40,13),(23505,232,3,29,1,14),(23506,233,4,29,2,14),(23507,231,2,28,7,14),(23508,238,8,33,45,14),(23509,235,1,30,42,14),(23510,249,5,30,4,14),(23511,260,12,38,43,14),(23512,265,13,33,5,14),(23513,236,6,31,41,14),(23514,256,16,36,3,14),(23515,253,10,35,38,14),(23516,237,7,32,40,14),(23517,232,3,29,1,15),(23518,233,4,29,2,15),(23519,231,2,28,7,15),(23520,238,8,33,45,15),(23521,235,1,30,42,15),(23522,249,5,30,4,15),(23523,239,9,34,43,15),(23524,265,13,33,5,15),(23525,236,6,31,41,15),(23526,248,11,31,3,15),(23527,253,10,35,38,15),(23528,254,12,35,40,15),(23529,260,8,38,1,8),(23530,261,12,38,2,8),(23531,238,13,33,7,8),(23532,231,2,28,45,8),(23533,235,1,30,6,8),(23534,249,5,30,44,8),(23535,258,6,37,42,8),(23536,259,17,37,4,8),(23537,234,14,28,43,8),(23538,239,9,34,5,8),(23539,236,11,31,41,8),(23540,232,3,29,3,8),(23541,237,7,32,38,8),(23542,253,10,35,40,8),(23543,260,8,38,1,9),(23544,261,12,38,2,9),(23545,238,13,33,7,9),(23546,231,2,28,45,9),(23547,235,1,30,6,9),(23548,249,5,30,44,9),(23549,258,6,37,42,9),(23550,259,17,37,4,9),(23551,234,14,28,43,9),(23552,239,9,34,5,9),(23553,236,11,31,41,9),(23554,232,3,29,3,9),(23555,237,7,32,38,9),(23556,253,10,35,40,9),(23557,260,8,38,1,10),(23558,261,12,38,2,10),(23559,238,13,33,7,10),(23560,231,2,28,45,10),(23561,235,1,30,6,10),(23562,249,5,30,44,10),(23563,258,6,37,42,10),(23564,259,17,37,4,10),(23565,234,14,28,43,10),(23566,239,9,34,5,10),(23567,236,11,31,41,10),(23568,232,3,29,3,10),(23569,237,7,32,38,10),(23570,253,10,35,40,10),(23571,232,3,29,1,11),(23572,233,4,29,2,11),(23573,260,8,38,7,11),(23574,261,12,38,45,11),(23575,253,5,35,6,11),(23576,254,10,35,44,11),(23577,235,1,30,42,11),(23578,239,9,34,43,11),(23579,238,13,33,5,11),(23580,231,2,28,41,11),(23581,234,14,28,3,11),(23582,262,11,34,38,11),(23583,232,3,29,1,12),(23584,233,4,29,2,12),(23585,260,8,38,7,12),(23586,261,12,38,45,12),(23587,253,5,35,6,12),(23588,254,10,35,44,12),(23589,235,1,30,4,12),(23590,239,9,34,43,12),(23591,238,13,33,5,12),(23592,231,2,28,41,12),(23593,234,14,28,3,12),(23594,262,11,34,38,12),(23595,232,3,29,1,13),(23596,233,4,29,2,13),(23597,260,8,38,7,13),(23598,261,12,38,45,13),(23599,253,5,35,6,13),(23600,254,10,35,44,13),(23601,235,1,30,42,13),(23602,239,9,34,43,13),(23603,238,13,33,5,13),(23604,231,2,28,41,13),(23605,234,14,28,3,13),(23606,262,11,34,40,13),(23607,253,5,35,1,14),(23608,254,10,35,2,14),(23609,231,2,28,7,14),(23610,238,8,33,45,14),(23611,235,1,30,4,14),(23612,249,12,30,42,14),(23613,237,7,32,43,14),(23614,251,11,32,5,14),(23615,232,3,29,41,14),(23616,236,6,31,3,14),(23617,239,9,34,38,14),(23618,253,5,35,1,15),(23619,254,10,35,2,15),(23620,231,2,28,7,15),(23621,238,8,33,45,15),(23622,235,1,30,4,15),(23623,260,12,38,42,15),(23624,237,7,32,43,15),(23625,251,11,32,5,15),(23626,232,3,29,41,15),(23627,236,6,31,3,15),(23628,239,9,34,40,15),(23629,260,8,38,1,8),(23630,261,12,38,2,8),(23631,238,13,33,7,8),(23632,231,2,28,45,8),(23633,258,6,37,4,8),(23634,259,17,37,42,8),(23635,234,14,28,43,8),(23636,239,9,34,5,8),(23637,256,1,36,41,8),(23638,257,3,36,3,8),(23639,237,7,32,38,8),(23640,262,11,34,40,8),(23641,260,8,38,1,9),(23642,261,12,38,2,9),(23643,238,13,33,7,9),(23644,231,2,28,45,9),(23645,258,6,37,4,9),(23646,259,17,37,42,9),(23647,234,14,28,43,9),(23648,239,9,34,5,9),(23649,256,1,36,41,9),(23650,257,3,36,3,9),(23651,262,11,34,38,9),(23652,260,8,38,1,10),(23653,261,12,38,2,10),(23654,238,13,33,7,10),(23655,231,2,28,45,10),(23656,258,6,37,4,10),(23657,259,17,37,42,10),(23658,234,14,28,43,10),(23659,239,9,34,5,10),(23660,256,1,36,41,10),(23661,257,3,36,3,10),(23662,262,11,34,40,10),(23663,256,1,36,1,11),(23664,257,3,36,2,11),(23665,260,8,38,7,11),(23666,261,12,38,45,11),(23667,239,9,34,43,11),(23668,238,13,33,5,11),(23669,231,2,28,41,11),(23670,234,14,28,3,11),(23671,262,11,34,38,11),(23672,256,1,36,1,12),(23673,257,3,36,2,12),(23674,231,2,28,7,12),(23675,238,8,33,45,12),(23676,260,12,38,4,12),(23677,261,19,38,42,12),(23678,239,9,34,43,12),(23679,265,13,33,5,12),(23680,234,14,28,41,12),(23681,236,6,31,3,12),(23682,262,11,34,40,12),(23683,256,1,36,1,13),(23684,257,3,36,2,13),(23685,231,2,28,7,13),(23686,238,8,33,45,13),(23687,260,12,38,4,13),(23688,261,19,38,42,13),(23689,239,9,34,43,13),(23690,265,13,33,5,13),(23691,234,14,28,41,13),(23692,236,6,31,3,13),(23693,262,11,34,38,13),(23694,232,3,29,1,14),(23695,233,4,29,2,14),(23696,231,2,28,7,14),(23697,238,8,33,45,14),(23698,260,12,38,4,14),(23699,261,19,38,42,14),(23700,237,7,32,43,14),(23701,251,11,32,5,14),(23702,236,6,31,41,14),(23703,234,14,28,3,14),(23704,256,1,36,40,14),(23705,257,16,36,38,14),(23706,232,3,29,1,15),(23707,233,4,29,2,15),(23708,237,7,32,43,15),(23709,251,11,32,5,15),(23710,236,6,31,41,15),(23711,231,2,28,3,15),(23712,256,1,36,40,15),(23713,257,16,36,38,15),(23714,260,8,38,1,8),(23715,261,12,38,2,8),(23716,235,1,30,6,8),(23717,249,5,30,44,8),(23718,238,13,33,7,8),(23719,231,2,28,45,8),(23720,258,6,37,4,8),(23721,259,17,37,42,8),(23722,234,14,28,43,8),(23723,239,9,34,5,8),(23724,256,3,36,41,8),(23725,257,16,36,3,8),(23726,262,11,34,40,8),(23727,253,10,35,38,8),(23728,260,8,38,1,9),(23729,261,12,38,2,9),(23730,235,1,30,6,9),(23731,249,5,30,44,9),(23732,238,13,33,7,9),(23733,231,2,28,45,9),(23734,258,6,37,4,9),(23735,259,17,37,42,9),(23736,234,14,28,43,9),(23737,239,9,34,5,9),(23738,256,3,36,41,9),(23739,257,16,36,3,9),(23740,262,11,34,40,9),(23741,253,10,35,38,9),(23742,260,8,38,1,10),(23743,261,12,38,2,10),(23744,235,1,30,6,10),(23745,249,5,30,44,10),(23746,238,13,33,7,10),(23747,231,2,28,45,10),(23748,258,6,37,4,10),(23749,259,17,37,42,10),(23750,234,14,28,43,10),(23751,239,9,34,5,10),(23752,256,3,36,41,10),(23753,257,16,36,3,10),(23754,262,11,34,40,10),(23755,253,10,35,38,10),(23756,256,1,36,1,11),(23757,257,3,36,2,11),(23758,253,5,35,6,11),(23759,254,10,35,44,11),(23760,231,2,28,7,11),(23761,238,8,33,45,11),(23762,235,12,30,4,11),(23763,260,19,38,42,11),(23764,239,9,34,43,11),(23765,265,13,33,5,11),(23766,234,14,28,41,11),(23767,236,6,31,3,11),(23768,262,11,34,38,11),(23769,256,1,36,1,12),(23770,257,3,36,2,12),(23771,253,5,35,6,12),(23772,254,10,35,44,12),(23773,231,2,28,7,12),(23774,238,8,33,45,12),(23775,235,12,30,4,12),(23776,260,19,38,42,12),(23777,239,9,34,43,12),(23778,265,13,33,5,12),(23779,234,14,28,41,12),(23780,236,6,31,3,12),(23781,262,11,34,38,12),(23782,256,1,36,1,13),(23783,257,3,36,2,13),(23784,253,5,35,6,13),(23785,254,10,35,44,13),(23786,231,2,28,7,13),(23787,238,8,33,45,13),(23788,235,12,30,4,13),(23789,260,19,38,42,13),(23790,239,9,34,43,13),(23791,265,13,33,5,13),(23792,234,14,28,41,13),(23793,236,6,31,3,13),(23794,262,11,34,38,13),(23795,232,3,29,1,14),(23796,233,4,29,2,14),(23797,235,1,30,7,14),(23798,249,5,30,45,14),(23799,260,8,38,4,14),(23800,250,12,30,42,14),(23801,237,7,32,43,14),(23802,251,11,32,5,14),(23803,253,10,35,40,14),(23804,236,6,31,41,14),(23805,231,2,28,3,14),(23806,256,16,36,38,14),(23807,232,3,29,1,15),(23808,233,4,29,2,15),(23809,235,1,30,7,15),(23810,249,5,30,45,15),(23811,260,8,38,4,15),(23812,250,12,30,42,15),(23813,237,7,32,43,15),(23814,251,11,32,5,15),(23815,253,10,35,40,15),(23816,236,6,31,41,15),(23817,231,2,28,3,15),(23818,256,16,36,38,15),(23819,260,8,38,1,8),(23820,261,12,38,2,8),(23821,235,1,30,6,8),(23822,249,5,30,44,8),(23823,238,13,33,7,8),(23824,231,2,28,45,8),(23825,258,6,37,4,8),(23826,259,17,37,42,8),(23827,234,14,28,43,8),(23828,239,9,34,5,8),(23829,262,11,34,40,8),(23830,256,3,36,41,8),(23831,257,16,36,3,8),(23832,253,10,35,38,8),(23833,260,8,38,1,9),(23834,261,12,38,2,9),(23835,235,1,30,6,9),(23836,249,5,30,44,9),(23837,231,2,28,7,9),(23838,238,13,33,45,9),(23839,258,6,37,4,9),(23840,259,17,37,42,9),(23841,234,14,28,43,9),(23842,237,7,32,5,9),(23843,256,3,36,41,9),(23844,239,9,34,40,9),(23845,257,16,36,3,9),(23846,262,11,34,38,9),(23847,260,8,38,1,10),(23848,261,12,38,2,10),(23849,235,1,30,6,10),(23850,249,5,30,44,10),(23851,231,2,28,7,10),(23852,238,13,33,45,10),(23853,258,6,37,4,10),(23854,259,17,37,42,10),(23855,234,14,28,43,10),(23856,237,7,32,5,10),(23857,256,3,36,41,10),(23858,239,9,34,40,10),(23859,257,16,36,3,10),(23860,262,11,34,38,10),(23861,256,1,36,1,11),(23862,257,3,36,2,11),(23863,253,5,35,6,11),(23864,254,10,35,44,11),(23865,231,2,28,7,11),(23866,238,8,33,45,11),(23867,235,12,30,4,11),(23868,260,19,38,42,11),(23869,239,9,34,43,11),(23870,265,13,33,5,11),(23871,234,14,28,41,11),(23872,236,6,31,3,11),(23873,262,11,34,38,11),(23874,256,1,36,1,12),(23875,257,3,36,2,12),(23876,253,5,35,6,12),(23877,254,10,35,44,12),(23878,235,12,30,7,12),(23879,231,2,28,45,12),(23880,260,8,38,4,12),(23881,261,19,38,42,12),(23882,239,9,34,43,12),(23883,238,13,33,5,12),(23884,236,6,31,41,12),(23885,234,14,28,3,12),(23886,256,1,36,1,13),(23887,257,3,36,2,13),(23888,253,5,35,6,13),(23889,254,10,35,44,13),(23890,235,12,30,7,13),(23891,231,2,28,45,13),(23892,260,8,38,4,13),(23893,261,19,38,42,13),(23894,239,9,34,43,13),(23895,238,13,33,5,13),(23896,236,6,31,41,13),(23897,234,14,28,3,13),(23898,232,3,29,1,14),(23899,233,4,29,2,14),(23900,235,1,30,7,14),(23901,249,5,30,45,14),(23902,250,12,30,4,14),(23903,253,10,35,42,14),(23904,237,7,32,43,14),(23905,251,11,32,5,14),(23906,256,16,36,40,14),(23907,236,6,31,41,14),(23908,231,2,28,3,14),(23909,232,3,29,1,15),(23910,233,4,29,2,15),(23911,253,5,35,7,15),(23912,235,1,30,45,15),(23913,249,12,30,4,15),(23914,254,10,35,42,15),(23915,237,7,32,43,15),(23916,231,2,28,5,15),(23917,256,16,36,40,15),(23918,244,15,29,41,15),(23919,236,6,31,3,15),(23920,260,8,38,1,8),(23921,261,12,38,2,8),(23922,235,1,30,6,8),(23923,249,5,30,44,8),(23924,253,10,35,7,8),(23925,238,13,33,45,8),(23926,258,6,37,4,8),(23927,259,17,37,42,8),(23928,239,9,34,43,8),(23929,237,7,32,5,8),(23930,262,11,34,40,8),(23931,256,3,36,41,8),(23932,257,16,36,38,8),(23933,232,4,29,3,8),(23934,260,8,38,1,9),(23935,261,12,38,2,9),(23936,235,1,30,6,9),(23937,249,5,30,44,9),(23938,253,10,35,7,9),(23939,238,13,33,45,9),(23940,258,6,37,4,9),(23941,259,17,37,42,9),(23942,239,9,34,43,9),(23943,237,7,32,5,9),(23944,256,3,36,40,9),(23945,257,16,36,41,9),(23946,262,11,34,38,9),(23947,232,4,29,3,9),(23948,260,8,38,1,10),(23949,261,12,38,2,10),(23950,235,1,30,6,10),(23951,249,5,30,44,10),(23952,253,10,35,7,10),(23953,238,13,33,45,10),(23954,258,6,37,4,10),(23955,259,17,37,42,10),(23956,239,9,34,43,10),(23957,237,7,32,5,10),(23958,256,3,36,40,10),(23959,257,16,36,41,10),(23960,236,11,31,3,10),(23961,256,1,36,1,11),(23962,257,3,36,2,11),(23963,253,5,35,6,11),(23964,254,10,35,44,11),(23965,235,12,30,7,11),(23966,260,8,38,4,11),(23967,261,19,38,42,11),(23968,237,7,32,43,11),(23969,238,13,33,5,11),(23970,236,6,31,41,11),(23971,248,11,31,3,11),(23972,256,1,36,1,12),(23973,257,3,36,2,12),(23974,253,5,35,6,12),(23975,254,10,35,44,12),(23976,235,12,30,45,12),(23977,260,8,38,4,12),(23978,261,19,38,42,12),(23979,237,7,32,43,12),(23980,238,13,33,5,12),(23981,236,6,31,41,12),(23982,248,11,31,3,12),(23983,256,1,36,1,13),(23984,257,3,36,2,13),(23985,253,5,35,6,13),(23986,254,10,35,44,13),(23987,235,12,30,7,13),(23988,260,8,38,4,13),(23989,261,19,38,42,13),(23990,237,7,32,43,13),(23991,238,13,33,5,13),(23992,236,6,31,41,13),(23993,232,4,29,3,13),(23994,232,3,29,1,14),(23995,233,4,29,2,14),(23996,235,1,30,45,14),(23997,249,5,30,7,14),(23998,250,12,30,4,14),(23999,253,10,35,42,14),(24000,238,8,33,43,14),(24001,256,16,36,40,14),(24002,244,15,29,41,14),(24003,232,3,29,1,15),(24004,233,4,29,2,15),(24005,235,1,30,45,15),(24006,249,5,30,4,15),(24007,250,12,30,42,15),(24008,253,10,35,5,15),(24009,238,8,33,43,15),(24010,256,16,36,38,15),(24011,244,15,29,41,15),(24012,256,1,36,1,8),(24013,257,3,36,2,8),(24014,235,5,30,6,8),(24015,249,12,30,44,8),(24016,231,2,28,7,8),(24017,238,8,33,45,8),(24018,258,6,37,4,8),(24019,259,17,37,42,8),(24020,265,13,33,5,8),(24021,234,14,28,43,8),(24022,253,10,35,40,8),(24023,236,11,31,3,8),(24024,232,4,29,41,8),(24025,232,3,29,1,9),(24026,233,4,29,2,9),(24027,235,1,30,6,9),(24028,249,5,30,44,9),(24029,231,2,28,7,9),(24030,238,8,33,45,9),(24031,258,6,37,4,9),(24032,259,17,37,42,9),(24033,265,13,33,5,9),(24034,234,14,28,43,9),(24035,253,10,35,40,9),(24036,256,16,36,38,9),(24037,236,11,31,3,9),(24038,244,15,29,41,9),(24039,232,3,29,1,10),(24040,233,4,29,2,10),(24041,235,1,30,6,10),(24042,249,5,30,44,10),(24043,231,2,28,7,10),(24044,234,8,28,45,10),(24045,258,6,37,4,10),(24046,259,17,37,42,10),(24047,238,13,33,5,10),(24048,240,14,28,43,10),(24049,253,10,35,40,10),(24050,256,16,36,38,10),(24051,236,11,31,3,10),(24052,244,15,29,41,10),(24053,232,3,29,1,11),(24054,233,4,29,2,11),(24055,253,5,35,6,11),(24056,254,10,35,44,11),(24057,235,1,30,7,11),(24058,231,2,28,45,11),(24059,249,12,30,4,11),(24060,260,8,38,42,11),(24061,237,7,32,5,11),(24062,239,9,34,43,11),(24063,256,16,36,40,11),(24064,244,15,29,3,11),(24065,236,6,31,41,11),(24066,253,5,35,1,12),(24067,254,10,35,2,12),(24068,255,12,35,6,12),(24069,235,1,30,7,12),(24070,231,2,28,45,12),(24071,260,8,38,4,12),(24072,261,19,38,42,12),(24073,237,7,32,5,12),(24074,239,9,34,43,12),(24075,256,3,36,38,12),(24076,257,16,36,40,12),(24077,232,4,29,3,12),(24078,236,6,31,41,12),(24079,253,5,35,1,13),(24080,254,10,35,2,13),(24081,255,12,35,44,13),(24082,235,1,30,7,13),(24083,260,8,38,4,13),(24084,261,19,38,42,13),(24085,237,7,32,5,13),(24086,239,9,34,43,13),(24087,256,3,36,40,13),(24088,257,16,36,3,13),(24089,236,6,31,41,13),(24090,253,5,35,1,14),(24091,254,10,35,2,14),(24092,255,12,35,6,14),(24093,235,1,30,45,14),(24094,260,8,38,4,14),(24095,231,2,28,5,14),(24096,237,7,32,43,14),(24097,256,3,36,3,14),(24098,257,16,36,41,14),(24099,258,6,37,1,15),(24100,259,17,37,2,15),(24101,253,5,35,44,15),(24102,254,10,35,7,15),(24103,235,1,30,45,15),(24104,249,12,30,42,15),(24105,231,2,28,5,15),(24106,237,7,32,43,15),(24107,232,3,29,3,15),(24108,256,16,36,41,15),(24109,232,3,29,1,8),(24110,233,4,29,2,8),(24111,235,1,30,6,8),(24112,249,5,30,44,8),(24113,231,2,28,7,8),(24114,234,8,28,45,8),(24115,258,6,37,4,8),(24116,250,12,30,42,8),(24117,238,13,33,5,8),(24118,240,14,28,43,8),(24119,253,10,35,38,8),(24120,236,11,31,3,8),(24121,244,15,29,41,8),(24122,232,3,29,1,9),(24123,233,4,29,2,9),(24124,235,1,30,6,9),(24125,249,5,30,44,9),(24126,231,2,28,7,9),(24127,234,8,28,45,9),(24128,258,6,37,4,9),(24129,250,12,30,42,9),(24130,238,13,33,5,9),(24131,240,14,28,43,9),(24132,253,10,35,38,9),(24133,236,11,31,3,9),(24134,244,15,29,41,9),(24135,232,3,29,1,10),(24136,233,4,29,2,10),(24137,235,1,30,6,10),(24138,249,5,30,44,10),(24139,231,2,28,7,10),(24140,234,8,28,45,10),(24141,258,6,37,4,10),(24142,250,12,30,42,10),(24143,238,13,33,5,10),(24144,239,9,34,43,10),(24145,253,10,35,40,10),(24146,236,11,31,3,10),(24147,244,15,29,41,10),(24148,253,5,35,1,11),(24149,254,10,35,2,11),(24150,231,2,28,6,11),(24151,234,8,28,44,11),(24152,235,1,30,7,11),(24153,249,12,30,45,11),(24154,260,19,38,4,11),(24155,237,7,32,5,11),(24156,239,9,34,43,11),(24157,232,3,29,3,11),(24158,236,6,31,41,11),(24159,253,5,35,1,12),(24160,254,10,35,2,12),(24161,231,2,28,6,12),(24162,234,8,28,44,12),(24163,235,1,30,7,12),(24164,249,12,30,45,12),(24165,260,19,38,42,12),(24166,237,7,32,5,12),(24167,239,9,34,43,12),(24168,232,3,29,3,12),(24169,236,6,31,41,12),(24170,253,5,35,1,13),(24171,254,10,35,2,13),(24172,231,2,28,6,13),(24173,234,8,28,44,13),(24174,235,1,30,7,13),(24175,249,12,30,45,13),(24176,260,19,38,4,13),(24177,237,7,32,5,13),(24178,251,11,32,43,13),(24179,232,3,29,3,13),(24180,236,6,31,41,13),(24181,258,6,37,1,14),(24182,259,17,37,2,14),(24183,253,5,35,6,14),(24184,254,10,35,44,14),(24185,255,12,35,7,14),(24186,260,8,38,42,14),(24187,235,1,30,4,14),(24188,231,2,28,5,14),(24189,237,7,32,43,14),(24190,258,6,37,1,15),(24191,259,17,37,2,15),(24192,253,5,35,6,15),(24193,254,10,35,44,15),(24194,255,12,35,45,15),(24195,260,8,38,42,15),(24196,235,1,30,4,15),(24197,231,2,28,5,15),(24198,237,7,32,43,15),(24199,232,3,29,1,8),(24200,233,4,29,2,8),(24201,231,2,28,6,8),(24202,234,8,28,44,8),(24203,240,14,28,7,8),(24204,260,12,38,42,8),(24205,261,19,38,4,8),(24206,238,13,33,5,8),(24207,237,7,32,43,8),(24208,256,1,36,38,8),(24209,257,16,36,40,8),(24210,236,6,31,3,8),(24211,248,11,31,41,8),(24212,232,3,29,1,9),(24213,233,4,29,2,9),(24214,231,2,28,45,9),(24215,234,8,28,6,9),(24216,240,14,28,44,9),(24217,260,12,38,42,9),(24218,261,19,38,4,9),(24219,238,13,33,5,9),(24220,237,7,32,43,9),(24221,256,1,36,38,9),(24222,257,16,36,40,9),(24223,236,6,31,3,9),(24224,248,11,31,41,9),(24225,232,3,29,1,10),(24226,233,4,29,2,10),(24227,231,2,28,7,10),(24228,234,8,28,6,10),(24229,240,14,28,44,10),(24230,260,12,38,42,10),(24231,261,19,38,4,10),(24232,238,13,33,5,10),(24233,237,7,32,43,10),(24234,256,1,36,38,10),(24235,257,16,36,40,10),(24236,236,6,31,3,10),(24237,248,11,31,41,10),(24238,258,6,37,1,11),(24239,259,17,37,2,11),(24240,231,2,28,7,11),(24241,237,7,32,5,11),(24242,238,8,33,43,11),(24243,232,3,29,3,11),(24244,233,4,29,41,11),(24245,258,6,37,1,12),(24246,259,17,37,2,12),(24247,237,7,32,5,12),(24248,238,8,33,43,12),(24249,232,3,29,3,12),(24250,233,4,29,41,12),(24251,258,6,37,1,13),(24252,259,17,37,2,13),(24253,237,7,32,5,13),(24254,238,8,33,43,13),(24255,232,3,29,3,13),(24256,233,4,29,41,13),(24257,231,2,28,5,14),(24258,231,2,28,5,15),(24259,232,3,29,1,8),(24260,233,4,29,2,8),(24261,235,1,30,45,8),(24262,231,2,28,7,8),(24263,234,8,28,6,8),(24264,240,14,28,44,8),(24265,260,12,38,42,8),(24266,249,5,30,4,8),(24267,237,7,32,43,8),(24268,251,11,32,5,8),(24269,256,16,36,38,8),(24270,253,10,35,40,8),(24271,236,6,31,3,8),(24272,248,13,31,41,8),(24273,232,3,29,1,9),(24274,233,4,29,2,9),(24275,235,1,30,45,9),(24276,231,2,28,7,9),(24277,234,8,28,6,9),(24278,240,14,28,44,9),(24279,260,12,38,42,9),(24280,249,5,30,4,9),(24281,237,7,32,43,9),(24282,251,11,32,5,9),(24283,256,16,36,38,9),(24284,253,10,35,40,9),(24285,236,6,31,3,9),(24286,248,13,31,41,9),(24287,232,3,29,1,10),(24288,233,4,29,2,10),(24289,235,1,30,45,10),(24290,231,2,28,7,10),(24291,234,8,28,6,10),(24292,240,14,28,44,10),(24293,260,12,38,42,10),(24294,249,5,30,4,10),(24295,237,7,32,43,10),(24296,251,11,32,5,10),(24297,256,16,36,38,10),(24298,253,10,35,40,10),(24299,236,6,31,3,10),(24300,248,13,31,41,10),(24301,253,5,35,1,11),(24302,254,10,35,2,11),(24303,255,12,35,45,11),(24304,235,1,30,7,11),(24305,260,8,38,4,11),(24306,238,13,33,43,11),(24307,231,2,28,5,11),(24308,256,3,36,40,11),(24309,232,4,29,3,11),(24310,233,15,29,41,11),(24311,253,5,35,1,12),(24312,254,10,35,2,12),(24313,255,12,35,45,12),(24314,235,1,30,7,12),(24315,260,8,38,4,12),(24316,238,13,33,43,12),(24317,231,2,28,5,12),(24318,256,3,36,40,12),(24319,232,4,29,3,12),(24320,233,15,29,41,12),(24321,253,5,35,1,13),(24322,254,10,35,2,13),(24323,255,12,35,45,13),(24324,235,1,30,7,13),(24325,260,8,38,4,13),(24326,238,13,33,43,13),(24327,231,2,28,5,13),(24328,256,3,36,40,13),(24329,232,4,29,3,13),(24330,233,15,29,41,13),(24331,258,6,37,1,14),(24332,259,17,37,2,14),(24333,253,5,35,6,14),(24334,254,10,35,44,14),(24335,255,12,35,7,14),(24336,235,1,30,42,14),(24337,237,7,32,3,14),(24338,258,6,37,1,15),(24339,259,17,37,2,15),(24340,253,5,35,6,15),(24341,254,10,35,44,15),(24342,255,12,35,7,15),(24343,235,1,30,42,15),(24344,237,7,32,3,15),(24345,232,3,29,1,8),(24346,233,4,29,2,8),(24347,235,1,30,45,8),(24348,231,2,28,6,8),(24349,234,8,28,44,8),(24350,240,14,28,7,8),(24351,260,12,38,42,8),(24352,249,5,30,4,8),(24353,237,7,32,43,8),(24354,251,11,32,5,8),(24355,256,16,36,38,8),(24356,253,10,35,40,8),(24357,236,6,31,41,8),(24358,244,15,29,3,8),(24359,232,3,29,1,9),(24360,233,4,29,2,9),(24361,235,1,30,45,9),(24362,231,2,28,6,9),(24363,234,8,28,44,9),(24364,249,5,30,7,9),(24365,260,12,38,42,9),(24366,261,19,38,4,9),(24367,237,7,32,43,9),(24368,251,11,32,5,9),(24369,256,16,36,38,9),(24370,253,10,35,40,9),(24371,244,15,29,41,9),(24372,232,3,29,1,10),(24373,233,4,29,2,10),(24374,235,1,30,45,10),(24375,231,2,28,6,10),(24376,234,8,28,44,10),(24377,249,5,30,7,10),(24378,260,12,38,42,10),(24379,261,19,38,4,10),(24380,237,7,32,43,10),(24381,251,11,32,5,10),(24382,256,16,36,38,10),(24383,253,10,35,40,10),(24384,244,15,29,3,10),(24385,253,5,35,1,11),(24386,254,10,35,2,11),(24387,255,12,35,45,11),(24388,235,1,30,7,11),(24389,260,8,38,4,11),(24390,238,13,33,43,11),(24391,231,2,28,5,11),(24392,256,3,36,40,11),(24393,232,4,29,41,11),(24394,233,15,29,3,11),(24395,253,5,35,1,12),(24396,254,10,35,2,12),(24397,255,12,35,45,12),(24398,235,1,30,42,12),(24399,238,8,33,43,12),(24400,231,2,28,5,12),(24401,256,3,36,40,12),(24402,232,4,29,41,12),(24403,237,7,32,3,12),(24404,253,5,35,1,13),(24405,254,10,35,2,13),(24406,255,12,35,45,13),(24407,235,1,30,42,13),(24408,238,8,33,43,13),(24409,231,2,28,5,13),(24410,256,3,36,40,13),(24411,237,7,32,41,13),(24412,251,11,32,3,13),(24413,258,6,37,1,14),(24414,259,17,37,2,14),(24415,253,5,35,6,14),(24416,254,10,35,44,14),(24417,255,12,35,7,14),(24418,235,1,30,42,14),(24419,237,7,32,41,14),(24420,251,11,32,3,14),(24421,258,6,37,1,15),(24422,259,17,37,2,15),(24423,253,5,35,6,15),(24424,254,10,35,44,15),(24425,255,12,35,7,15),(24426,235,1,30,4,15),(24427,237,7,32,41,15),(24428,232,3,29,1,8),(24429,233,4,29,2,8),(24430,235,1,30,45,8),(24431,253,5,35,6,8),(24432,254,10,35,44,8),(24433,249,12,30,7,8),(24434,260,8,38,42,8),(24435,261,19,38,4,8),(24436,237,7,32,43,8),(24437,251,11,32,5,8),(24438,256,16,36,38,8),(24439,244,15,29,3,8),(24440,232,3,29,1,9),(24441,233,4,29,2,9),(24442,235,1,30,45,9),(24443,253,5,35,6,9),(24444,254,10,35,44,9),(24445,249,12,30,7,9),(24446,260,8,38,42,9),(24447,261,19,38,4,9),(24448,237,7,32,43,9),(24449,256,16,36,38,9),(24450,244,15,29,41,9),(24451,251,11,32,3,9),(24452,232,3,29,1,10),(24453,233,4,29,2,10),(24454,235,1,30,45,10),(24455,253,5,35,6,10),(24456,254,10,35,44,10),(24457,249,12,30,7,10),(24458,260,8,38,42,10),(24459,261,19,38,4,10),(24460,237,7,32,43,10),(24461,256,16,36,38,10),(24462,244,15,29,41,10),(24463,251,11,32,3,10),(24464,253,5,35,1,11),(24465,254,10,35,2,11),(24466,255,12,35,45,11),(24467,235,1,30,42,11),(24468,238,8,33,43,11),(24469,256,3,36,40,11),(24470,232,4,29,41,11),(24471,233,15,29,3,11),(24472,253,5,35,1,12),(24473,254,10,35,2,12),(24474,255,12,35,45,12),(24475,235,1,30,4,12),(24476,238,8,33,43,12),(24477,256,3,36,40,12),(24478,237,7,32,41,12),(24479,232,4,29,3,12),(24480,253,5,35,1,13),(24481,254,10,35,2,13),(24482,255,12,35,45,13),(24483,235,1,30,42,13),(24484,238,8,33,43,13),(24485,256,3,36,40,13),(24486,237,7,32,41,13),(24487,251,11,32,3,13),(24488,258,6,37,1,14),(24489,259,17,37,2,14),(24490,253,5,35,7,14),(24491,235,1,30,4,14),(24492,249,12,30,42,14),(24493,254,10,35,5,14),(24494,237,7,32,41,14),(24495,258,6,37,1,15),(24496,259,17,37,2,15),(24497,253,5,35,7,15),(24498,235,1,30,4,15),(24499,254,10,35,42,15),(24500,255,12,35,5,15),(24501,232,3,29,1,8),(24502,233,4,29,2,8),(24503,235,1,30,45,8),(24504,231,2,28,6,8),(24505,234,8,28,44,8),(24506,249,5,30,7,8),(24507,260,12,38,4,8),(24508,261,19,38,42,8),(24509,240,14,28,5,8),(24510,237,7,32,43,8),(24511,256,16,36,38,8),(24512,253,10,35,40,8),(24513,244,15,29,3,8),(24514,251,11,32,41,8),(24515,232,3,29,1,9),(24516,233,4,29,2,9),(24517,235,1,30,45,9),(24518,231,2,28,6,9),(24519,234,8,28,44,9),(24520,249,5,30,7,9),(24521,260,12,38,4,9),(24522,261,19,38,42,9),(24523,240,14,28,5,9),(24524,237,7,32,43,9),(24525,256,16,36,38,9),(24526,253,10,35,40,9),(24527,244,15,29,3,9),(24528,251,11,32,41,9),(24529,232,3,29,1,10),(24530,233,4,29,2,10),(24531,235,1,30,45,10),(24532,231,2,28,6,10),(24533,234,8,28,44,10),(24534,249,5,30,7,10),(24535,260,12,38,4,10),(24536,261,19,38,42,10),(24537,240,14,28,5,10),(24538,238,13,33,43,10),(24539,256,16,36,38,10),(24540,253,10,35,40,10),(24541,244,15,29,3,10),(24542,237,7,32,41,10),(24543,253,5,35,1,11),(24544,254,10,35,2,11),(24545,255,12,35,45,11),(24546,235,1,30,42,11),(24547,238,8,33,43,11),(24548,256,3,36,40,11),(24549,237,7,32,3,11),(24550,232,4,29,41,11),(24551,253,5,35,1,12),(24552,254,10,35,2,12),(24553,255,12,35,45,12),(24554,235,1,30,42,12),(24555,238,8,33,43,12),(24556,256,3,36,40,12),(24557,237,7,32,3,12),(24558,232,4,29,41,12),(24559,253,5,35,1,13),(24560,254,10,35,2,13),(24561,255,12,35,45,13),(24562,235,1,30,42,13),(24563,256,3,36,40,13),(24564,237,7,32,3,13),(24565,232,4,29,41,13),(24566,235,1,30,1,14),(24567,249,5,30,2,14),(24568,253,10,35,6,14),(24569,254,12,35,44,14),(24570,235,1,30,1,15),(24571,249,5,30,2,15),(24572,253,10,35,7,15),(24573,254,12,35,6,15),(24574,253,5,35,1,8),(24575,254,10,35,2,8),(24576,235,1,30,45,8),(24577,231,2,28,44,8),(24578,249,12,30,7,8),(24579,234,8,28,6,8),(24580,260,19,38,4,8),(24581,240,14,28,5,8),(24582,238,13,33,43,8),(24583,232,3,29,3,8),(24584,233,4,29,41,8),(24585,253,5,35,1,9),(24586,254,10,35,2,9),(24587,235,1,30,45,9),(24588,231,2,28,44,9),(24589,249,12,30,7,9),(24590,234,8,28,6,9),(24591,260,19,38,4,9),(24592,240,14,28,5,9),(24593,238,13,33,43,9),(24594,232,3,29,3,9),(24595,233,4,29,41,9),(24596,253,5,35,1,10),(24597,254,10,35,2,10),(24598,235,1,30,45,10),(24599,231,2,28,44,10),(24600,249,12,30,7,10),(24601,234,8,28,6,10),(24602,260,19,38,4,10),(24603,240,14,28,5,10),(24604,238,13,33,43,10),(24605,232,3,29,3,10),(24606,233,4,29,41,10),(24607,235,1,30,1,11),(24608,249,5,30,2,11),(24609,253,10,35,45,11),(24610,254,12,35,7,11),(24611,260,8,38,42,11),(24612,237,7,32,3,11),(24613,251,11,32,41,11),(24614,235,1,30,1,12),(24615,249,5,30,2,12),(24616,253,10,35,45,12),(24617,254,12,35,44,12),(24618,237,7,32,3,12),(24619,251,11,32,41,12),(24620,235,1,30,1,13),(24621,249,5,30,2,13),(24622,253,10,35,7,13),(24623,254,12,35,45,13),(24624,237,7,32,3,13),(24625,251,11,32,41,13),(24626,258,6,37,1,14),(24627,259,17,37,2,14),(24628,253,5,35,6,14),(24629,254,10,35,44,14),(24630,255,12,35,7,14),(24631,235,1,30,42,14),(24632,258,6,37,1,15),(24633,259,17,37,2,15),(24634,253,5,35,6,15),(24635,254,10,35,44,15),(24636,255,12,35,4,15),(24637,235,1,30,42,15),(24638,258,6,37,1,8),(24639,259,17,37,2,8),(24640,231,2,28,6,8),(24641,234,8,28,44,8),(24642,260,12,38,4,8),(24643,240,14,28,5,8),(24644,238,13,33,43,8),(24645,256,1,36,38,8),(24646,257,3,36,40,8),(24647,232,4,29,3,8),(24648,233,15,29,41,8),(24649,258,6,37,1,9),(24650,259,17,37,2,9),(24651,231,2,28,6,9),(24652,234,8,28,44,9),(24653,260,12,38,4,9),(24654,240,14,28,5,9),(24655,238,13,33,43,9),(24656,256,1,36,38,9),(24657,257,3,36,40,9),(24658,232,4,29,3,9),(24659,237,7,32,41,9),(24660,258,6,37,1,10),(24661,259,17,37,2,10),(24662,231,2,28,6,10),(24663,234,8,28,44,10),(24664,240,14,28,5,10),(24665,238,13,33,43,10),(24666,256,1,36,38,10),(24667,257,3,36,40,10),(24668,232,4,29,3,10),(24669,237,7,32,41,10),(24670,237,7,32,3,11),(24671,251,11,32,41,11),(24672,237,7,32,3,12),(24673,237,7,32,3,13),(24674,253,5,35,1,8),(24675,254,10,35,2,8),(24676,235,1,30,45,8),(24677,249,12,30,7,8),(24678,231,2,28,6,8),(24679,234,8,28,44,8),(24680,240,14,28,5,8),(24681,238,13,33,43,8),(24682,256,3,36,38,8),(24683,257,16,36,40,8),(24684,237,7,32,41,8),(24685,251,11,32,3,8),(24686,253,5,35,1,9),(24687,254,10,35,2,9),(24688,235,1,30,45,9),(24689,249,12,30,7,9),(24690,231,2,28,6,9),(24691,234,8,28,44,9),(24692,240,14,28,5,9),(24693,238,13,33,43,9),(24694,256,3,36,38,9),(24695,257,16,36,40,9),(24696,237,7,32,41,9),(24697,251,11,32,3,9),(24698,253,5,35,1,10),(24699,254,10,35,2,10),(24700,235,1,30,45,10),(24701,249,12,30,7,10),(24702,231,2,28,6,10),(24703,234,8,28,44,10),(24704,240,14,28,5,10),(24705,238,13,33,43,10),(24706,256,3,36,38,10),(24707,257,16,36,40,10),(24708,237,7,32,41,10),(24709,251,11,32,3,10),(24710,235,1,30,1,11),(24711,249,5,30,2,11),(24712,253,10,35,45,11),(24713,254,12,35,7,11),(24714,235,1,30,1,12),(24715,249,5,30,2,12),(24716,253,10,35,45,12),(24717,254,12,35,7,12),(24718,235,1,30,1,13),(24719,249,5,30,2,13),(24720,253,10,35,45,13),(24721,254,12,35,7,13),(24722,258,6,37,1,14),(24723,259,17,37,2,14),(24724,253,5,35,6,14),(24725,254,10,35,44,14),(24726,255,12,35,4,14),(24727,235,1,30,42,14),(24728,258,6,37,1,15),(24729,259,17,37,2,15),(24730,253,5,35,6,15),(24731,254,10,35,44,15),(24732,255,12,35,4,15),(24733,235,1,30,42,15),(24734,253,5,35,1,8),(24735,254,10,35,2,8),(24736,235,1,30,45,8),(24737,249,12,30,7,8),(24738,231,2,28,6,8),(24739,234,8,28,44,8),(24740,240,14,28,5,8),(24741,238,13,33,43,8),(24742,256,3,36,38,8),(24743,257,16,36,40,8),(24744,237,7,32,41,8),(24745,253,5,35,1,9),(24746,254,10,35,2,9),(24747,235,1,30,45,9),(24748,249,12,30,7,9),(24749,231,2,28,6,9),(24750,234,8,28,44,9),(24751,240,14,28,5,9),(24752,238,13,33,43,9),(24753,256,3,36,38,9),(24754,257,16,36,40,9),(24755,237,7,32,41,9),(24756,253,5,35,1,10),(24757,254,10,35,2,10),(24758,235,1,30,45,10),(24759,249,12,30,7,10),(24760,231,2,28,6,10),(24761,234,8,28,44,10),(24762,240,14,28,5,10),(24763,238,13,33,43,10),(24764,256,3,36,38,10),(24765,257,16,36,40,10),(24766,235,1,30,1,11),(24767,249,5,30,2,11),(24768,253,10,35,45,11),(24769,254,12,35,7,11),(24770,235,1,30,1,12),(24771,249,5,30,2,12),(24772,253,10,35,45,12),(24773,254,12,35,7,12),(24774,235,1,30,1,13),(24775,249,5,30,2,13),(24776,253,10,35,45,13),(24777,254,12,35,7,13),(24778,258,6,37,1,14),(24779,259,17,37,2,14),(24780,253,5,35,6,14),(24781,254,10,35,44,14),(24782,255,12,35,4,14),(24783,258,6,37,1,15),(24784,259,17,37,2,15),(24785,253,5,35,6,15),(24786,254,10,35,44,15),(24787,255,12,35,42,15),(24788,253,5,35,1,8),(24789,254,10,35,2,8),(24790,235,1,30,45,8),(24791,249,12,30,7,8),(24792,238,8,33,43,8),(24793,256,3,36,40,8),(24794,253,5,35,1,9),(24795,254,10,35,2,9),(24796,235,1,30,45,9),(24797,255,12,35,7,9),(24798,256,3,36,40,9),(24799,253,5,35,1,10),(24800,254,10,35,2,10),(24801,255,12,35,45,10),(24802,235,1,30,1,11),(24803,249,5,30,2,11),(24804,253,10,35,7,11),(24805,254,12,35,45,11),(24806,235,1,30,1,12),(24807,249,5,30,2,12),(24808,253,10,35,7,12),(24809,254,12,35,45,12),(24810,235,1,30,1,13),(24811,249,5,30,2,13),(24812,253,10,35,6,13),(24813,254,12,35,44,13),(24814,258,6,37,1,14),(24815,259,17,37,2,14),(24816,253,5,35,6,14),(24817,254,10,35,44,14),(24818,255,12,35,4,14),(24819,258,6,37,1,15),(24820,259,17,37,2,15),(24821,253,5,35,6,15),(24822,254,10,35,44,15),(24823,255,12,35,42,15),(24824,253,5,35,1,8),(24825,254,10,35,2,8),(24826,255,12,35,7,8),(24827,231,2,28,6,8),(24828,234,8,28,44,8),(24829,240,14,28,5,8),(24830,253,5,35,1,9),(24831,254,10,35,2,9),(24832,255,12,35,45,9),(24833,231,2,28,6,9),(24834,234,8,28,44,9),(24835,240,14,28,5,9),(24836,253,5,35,1,10),(24837,254,10,35,2,10),(24838,255,12,35,7,10),(24839,231,2,28,6,10),(24840,234,8,28,44,10),(24841,240,14,28,5,10),(24842,235,1,30,1,11),(24843,249,5,30,2,11),(24844,253,10,35,45,11),(24845,254,12,35,7,11),(24846,235,1,30,1,12),(24847,249,5,30,2,12),(24848,253,10,35,45,12),(24849,254,12,35,6,12),(24850,235,1,30,1,13),(24851,249,5,30,2,13),(24852,253,10,35,44,13),(24853,254,12,35,6,13),(24854,258,6,37,1,14),(24855,259,17,37,2,14),(24856,253,5,35,44,14),(24857,254,10,35,6,14),(24858,255,12,35,4,14),(24859,258,6,37,1,15),(24860,259,17,37,2,15),(24861,253,5,35,44,15),(24862,254,10,35,42,15),(24863,255,12,35,4,15),(24864,253,5,35,1,8),(24865,254,10,35,2,8),(24866,255,12,35,7,8),(24867,231,2,28,6,8),(24868,234,8,28,44,8),(24869,240,14,28,5,8),(24870,253,5,35,1,9),(24871,254,10,35,2,9),(24872,255,12,35,45,9),(24873,231,2,28,6,9),(24874,234,8,28,44,9),(24875,240,14,28,5,9),(24876,253,5,35,1,10),(24877,254,10,35,2,10),(24878,255,12,35,7,10),(24879,231,2,28,6,10),(24880,234,8,28,44,10),(24881,240,14,28,5,10),(24882,235,1,30,1,11),(24883,249,5,30,2,11),(24884,253,10,35,45,11),(24885,254,12,35,7,11),(24886,235,1,30,1,12),(24887,249,5,30,2,12),(24888,253,10,35,45,12),(24889,254,12,35,6,12),(24890,235,1,30,1,13),(24891,249,5,30,2,13),(24892,253,10,35,44,13),(24893,254,12,35,6,13),(24894,258,6,37,1,14),(24895,259,17,37,2,14),(24896,253,5,35,44,14),(24897,254,10,35,6,14),(24898,255,12,35,42,14),(24899,258,6,37,1,15),(24900,259,17,37,2,15),(24901,253,5,35,44,15),(24902,254,10,35,4,15),(24903,255,12,35,42,15),(24904,258,6,37,1,8),(24905,259,17,37,2,8),(24906,231,2,28,6,8),(24907,234,8,28,44,8),(24908,240,14,28,5,8),(24909,258,6,37,1,9),(24910,259,17,37,2,9),(24911,231,2,28,6,9),(24912,234,8,28,44,9),(24913,258,6,37,1,10),(24914,259,17,37,2,10),(24915,231,2,28,6,10),(24916,234,8,28,44,10),(24917,253,5,35,1,8),(24918,254,10,35,2,8),(24919,255,12,35,7,8),(24920,231,2,28,6,8),(24921,234,8,28,44,8),(24922,253,5,35,1,9),(24923,254,10,35,2,9),(24924,255,12,35,45,9),(24925,231,2,28,6,9),(24926,234,8,28,44,9),(24927,235,1,30,1,10),(24928,249,5,30,2,10),(24929,253,10,35,7,10),(24930,254,12,35,45,10),(24931,231,2,28,6,10),(24932,234,8,28,44,10),(24933,235,1,30,1,11),(24934,249,5,30,2,11),(24935,253,10,35,7,11),(24936,254,12,35,45,11),(24937,235,1,30,1,12),(24938,249,5,30,2,12),(24939,253,10,35,4,12),(24940,254,12,35,42,12),(24941,258,6,37,1,13),(24942,259,17,37,2,13),(24943,253,5,35,4,13),(24944,254,10,35,42,13),(24945,255,12,35,43,13),(24946,258,6,37,1,14),(24947,259,17,37,2,14),(24948,253,5,35,4,14),(24949,254,10,35,42,14),(24950,255,12,35,43,14),(24951,258,6,37,1,15),(24952,259,17,37,2,15),(24953,253,5,35,6,15),(24954,254,10,35,44,15),(24955,255,12,35,43,15),(24956,235,1,30,1,8),(24957,249,5,30,2,8),(24958,253,10,35,7,8),(24959,254,12,35,45,8),(24960,231,2,28,6,8),(24961,234,8,28,44,8),(24962,235,1,30,1,9),(24963,249,5,30,2,9),(24964,253,10,35,7,9),(24965,254,12,35,45,9),(24966,231,2,28,6,9),(24967,234,8,28,44,9),(24968,235,1,30,1,10),(24969,249,5,30,2,10),(24970,253,10,35,7,10),(24971,254,12,35,45,10),(24972,231,2,28,6,10),(24973,234,8,28,44,10),(24974,258,6,37,1,11),(24975,259,17,37,2,11),(24976,253,5,35,4,11),(24977,254,10,35,42,11),(24978,255,12,35,5,11),(24979,258,6,37,1,12),(24980,259,17,37,2,12),(24981,253,5,35,4,12),(24982,254,10,35,42,12),(24983,255,12,35,43,12),(24984,258,6,37,1,13),(24985,259,17,37,2,13),(24986,253,5,35,4,13),(24987,254,10,35,42,13),(24988,255,12,35,38,13),(24989,253,5,35,5,14),(24990,254,10,35,43,14),(24991,255,12,35,38,14),(24992,253,5,35,5,15),(24993,254,10,35,43,15),(24994,255,12,35,6,15),(24995,235,1,30,1,8),(24996,249,5,30,2,8),(24997,253,10,35,7,8),(24998,254,12,35,45,8),(24999,235,1,30,1,9),(25000,249,5,30,2,9),(25001,253,10,35,7,9),(25002,254,12,35,45,9),(25003,235,1,30,1,10),(25004,249,5,30,2,10),(25005,253,10,35,7,10),(25006,254,12,35,45,10),(25007,258,6,37,1,11),(25008,259,17,37,2,11),(25009,253,5,35,4,11),(25010,254,10,35,42,11),(25011,255,12,35,44,11),(25012,258,6,37,1,12),(25013,259,17,37,2,12),(25014,253,5,35,4,12),(25015,254,10,35,42,12),(25016,255,12,35,5,12),(25017,258,6,37,1,13),(25018,259,17,37,2,13),(25019,253,5,35,43,13),(25020,254,10,35,4,13),(25021,255,12,35,42,13),(25022,253,5,35,38,14),(25023,254,10,35,6,14),(25024,255,12,35,44,14),(25025,253,5,35,5,15),(25026,254,10,35,43,15),(25027,255,12,35,38,15),(25028,235,1,30,1,8),(25029,249,5,30,2,8),(25030,253,10,35,7,8),(25031,254,12,35,45,8),(25032,231,2,28,6,8),(25033,234,8,28,44,8),(25034,258,6,37,1,9),(25035,259,17,37,2,9),(25036,253,5,35,7,9),(25037,254,10,35,45,9),(25038,255,12,35,4,9),(25039,231,2,28,6,9),(25040,234,8,28,44,9),(25041,258,6,37,1,10),(25042,259,17,37,2,10),(25043,253,5,35,7,10),(25044,254,10,35,45,10),(25045,255,12,35,42,10),(25046,231,2,28,6,10),(25047,234,8,28,44,10),(25048,258,6,37,1,11),(25049,259,17,37,2,11),(25050,253,5,35,5,11),(25051,254,10,35,43,11),(25052,255,12,35,4,11),(25053,231,2,28,1,12),(25054,234,8,28,2,12),(25055,253,5,35,42,12),(25056,254,10,35,38,12),(25057,255,12,35,5,12),(25058,231,2,28,1,13),(25059,234,8,28,2,13),(25060,253,5,35,43,13),(25061,254,10,35,4,13),(25062,255,12,35,42,13),(25063,231,2,28,1,14),(25064,234,8,28,2,14),(25065,253,5,35,5,14),(25066,254,10,35,43,14),(25067,255,12,35,38,14),(25068,253,5,35,6,15),(25069,254,10,35,44,15),(25070,255,12,35,38,15),(25071,258,6,37,1,8),(25072,259,17,37,2,8),(25073,253,5,35,7,8),(25074,254,10,35,45,8),(25075,255,12,35,4,8),(25076,258,6,37,1,9),(25077,259,17,37,2,9),(25078,253,5,35,7,9),(25079,254,10,35,45,9),(25080,255,12,35,42,9),(25081,258,6,37,1,10),(25082,259,17,37,2,10),(25083,253,5,35,7,10),(25084,254,10,35,45,10),(25085,255,12,35,5,10),(25086,231,2,28,1,11),(25087,234,8,28,2,11),(25088,253,5,35,43,11),(25089,254,10,35,4,11),(25090,255,12,35,42,11),(25091,231,2,28,1,12),(25092,234,8,28,2,12),(25093,253,5,35,5,12),(25094,254,10,35,43,12),(25095,255,12,35,6,12),(25096,231,2,28,1,13),(25097,234,8,28,2,13),(25098,253,5,35,44,13),(25099,254,10,35,4,13),(25100,255,12,35,42,13),(25101,253,5,35,5,14),(25102,254,10,35,43,14),(25103,255,12,35,38,14),(25104,253,5,35,6,15),(25105,254,10,35,44,15),(25106,255,12,35,38,15),(25107,258,6,37,1,8),(25108,259,17,37,2,8),(25109,258,6,37,1,9),(25110,259,17,37,2,9),(25111,258,6,37,1,10),(25112,259,17,37,2,10),(25113,231,2,28,1,11),(25114,234,8,28,2,11),(25115,231,2,28,1,12),(25116,234,8,28,2,12),(25117,231,2,28,1,13),(25118,234,8,28,2,13),(25119,258,6,37,1,8),(25120,259,17,37,2,8),(25121,253,5,35,7,8),(25122,254,10,35,45,8),(25123,255,12,35,4,8),(25124,258,6,37,1,9),(25125,259,17,37,2,9),(25126,253,5,35,7,9),(25127,254,10,35,45,9),(25128,255,12,35,42,9),(25129,258,6,37,1,10),(25130,259,17,37,2,10),(25131,253,5,35,7,10),(25132,254,10,35,45,10),(25133,255,12,35,5,10),(25134,231,2,28,1,11),(25135,234,8,28,2,11),(25136,253,5,35,43,11),(25137,254,10,35,6,11),(25138,255,12,35,44,11),(25139,231,2,28,1,12),(25140,234,8,28,2,12),(25141,253,5,35,5,12),(25142,254,10,35,43,12),(25143,255,12,35,4,12),(25144,231,2,28,1,13),(25145,234,8,28,2,13),(25146,253,5,35,42,13),(25147,254,10,35,6,13),(25148,255,12,35,44,13),(25149,253,5,35,38,14),(25150,254,10,35,5,14),(25151,255,12,35,43,14),(25152,253,5,35,4,15),(25153,254,10,35,42,15),(25154,255,12,35,6,15),(25155,258,6,37,1,8),(25156,259,17,37,2,8),(25157,253,5,35,7,8),(25158,254,10,35,45,8),(25159,255,12,35,44,8),(25160,258,6,37,1,9),(25161,259,17,37,2,9),(25162,253,5,35,7,9),(25163,254,10,35,45,9),(25164,255,12,35,5,9),(25165,258,6,37,1,10),(25166,259,17,37,2,10),(25167,253,5,35,7,10),(25168,254,10,35,45,10),(25169,255,12,35,43,10),(25170,231,2,28,1,11),(25171,234,8,28,2,11),(25172,253,5,35,4,11),(25173,254,10,35,42,11),(25174,255,12,35,38,11),(25175,231,2,28,1,12),(25176,234,8,28,2,12),(25177,253,5,35,6,12),(25178,254,10,35,44,12),(25179,255,12,35,5,12),(25180,231,2,28,1,13),(25181,234,8,28,2,13),(25182,253,5,35,43,13),(25183,254,10,35,4,13),(25184,255,12,35,42,13),(25185,253,5,35,38,14),(25186,254,10,35,5,14),(25187,255,12,35,43,14),(25188,253,5,35,6,15),(25189,254,10,35,44,15),(25190,255,12,35,4,15),(25191,258,6,37,1,8),(25192,259,17,37,2,8),(25193,253,5,35,7,8),(25194,254,10,35,45,8),(25195,255,12,35,42,8),(25196,258,6,37,1,9),(25197,259,17,37,2,9),(25198,253,5,35,7,9),(25199,254,10,35,45,9),(25200,255,12,35,5,9),(25201,258,6,37,1,10),(25202,259,17,37,2,10),(25203,253,5,35,7,10),(25204,254,10,35,45,10),(25205,255,12,35,43,10),(25206,253,5,35,6,11),(25207,254,10,35,44,11),(25208,255,12,35,40,11),(25209,253,5,35,38,12),(25210,254,10,35,4,12),(25211,255,12,35,42,12),(25212,253,5,35,5,13),(25213,254,10,35,43,13),(25214,255,12,35,6,13),(25215,253,5,35,44,14),(25216,254,10,35,40,14),(25217,255,12,35,38,14),(25218,253,5,35,4,15),(25219,254,10,35,42,15),(25220,255,12,35,5,15),(25221,258,6,37,1,8),(25222,259,17,37,2,8),(25223,253,5,35,7,8),(25224,254,10,35,45,8),(25225,255,12,35,43,8),(25226,258,6,37,1,9),(25227,259,17,37,2,9),(25228,253,5,35,7,9),(25229,254,10,35,45,9),(25230,255,12,35,6,9),(25231,258,6,37,1,10),(25232,259,17,37,2,10),(25233,253,5,35,7,10),(25234,254,10,35,45,10),(25235,255,12,35,44,10),(25236,231,2,28,1,11),(25237,234,8,28,2,11),(25238,253,5,35,5,11),(25239,254,10,35,43,11),(25240,255,12,35,4,11),(25241,231,2,28,1,12),(25242,234,8,28,2,12),(25243,253,5,35,40,12),(25244,254,10,35,42,12),(25245,255,12,35,38,12),(25246,231,2,28,1,13),(25247,234,8,28,2,13),(25248,253,5,35,6,13),(25249,254,10,35,44,13),(25250,255,12,35,5,13),(25251,253,5,35,43,14),(25252,254,10,35,4,14),(25253,255,12,35,42,14),(25254,253,5,35,40,15),(25255,254,10,35,38,15),(25256,255,12,35,6,15),(25257,258,6,37,1,8),(25258,259,17,37,2,8),(25259,253,5,35,7,8),(25260,254,10,35,45,8),(25261,255,12,35,44,8),(25262,258,6,37,1,9),(25263,259,17,37,2,9),(25264,253,5,35,7,9),(25265,254,10,35,45,9),(25266,255,12,35,5,9),(25267,258,6,37,1,10),(25268,259,17,37,2,10),(25269,253,5,35,7,10),(25270,254,10,35,45,10),(25271,255,12,35,43,10),(25272,231,2,28,1,11),(25273,234,8,28,2,11),(25274,253,5,35,4,11),(25275,254,10,35,42,11),(25276,255,12,35,6,11),(25277,231,2,28,1,12),(25278,234,8,28,2,12),(25279,253,5,35,44,12),(25280,254,10,35,40,12),(25281,255,12,35,38,12),(25282,231,2,28,1,13),(25283,234,8,28,2,13),(25284,253,5,35,5,13),(25285,254,10,35,43,13),(25286,255,12,35,4,13),(25287,253,5,35,42,14),(25288,254,10,35,6,14),(25289,255,12,35,44,14),(25290,253,5,35,5,15),(25291,254,10,35,43,15),(25292,255,12,35,40,15),(25293,258,6,37,1,8),(25294,259,17,37,2,8),(25295,258,6,37,1,9),(25296,259,17,37,2,9),(25297,258,6,37,1,10),(25298,259,17,37,2,10),(25299,231,2,28,1,11),(25300,234,8,28,2,11),(25301,231,2,28,1,12),(25302,234,8,28,2,12),(25303,231,2,28,1,13),(25304,234,8,28,2,13),(25305,253,5,35,7,8),(25306,254,10,35,45,8),(25307,258,6,37,1,8),(25308,259,17,37,2,8),(25309,255,12,35,38,8),(25310,253,5,35,7,9),(25311,254,10,35,45,9),(25312,258,6,37,1,9),(25313,259,17,37,2,9),(25314,255,12,35,4,9),(25315,253,5,35,7,10),(25316,254,10,35,45,10),(25317,258,6,37,1,10),(25318,259,17,37,2,10),(25319,255,12,35,42,10),(25320,231,2,28,1,11),(25321,234,8,28,2,11),(25322,253,5,35,6,11),(25323,254,10,35,44,11),(25324,255,12,35,5,11),(25325,231,2,28,1,12),(25326,234,8,28,2,12),(25327,253,5,35,43,12),(25328,254,10,35,4,12),(25329,255,12,35,40,12),(25330,231,2,28,1,13),(25331,234,8,28,2,13),(25332,253,5,35,42,13),(25333,254,10,35,38,13),(25334,255,12,35,6,13),(25335,253,5,35,44,14),(25336,254,10,35,5,14),(25337,255,12,35,43,14),(25338,253,5,35,4,15),(25339,254,10,35,42,15),(25340,255,12,35,5,15),(25341,253,5,35,7,8),(25342,254,10,35,45,8),(25343,258,6,37,1,8),(25344,259,17,37,2,8),(25345,255,12,35,43,8),(25346,253,5,35,7,9),(25347,254,10,35,45,9),(25348,258,6,37,1,9),(25349,259,17,37,2,9),(25350,255,12,35,6,9),(25351,253,5,35,7,10),(25352,254,10,35,45,10),(25353,258,6,37,1,10),(25354,259,17,37,2,10),(25355,255,12,35,44,10),(25356,231,2,28,1,11),(25357,234,8,28,2,11),(25358,253,5,35,40,11),(25359,254,10,35,38,11),(25360,255,12,35,4,11),(25361,231,2,28,1,12),(25362,234,8,28,2,12),(25363,253,5,35,42,12),(25364,254,10,35,5,12),(25365,255,12,35,43,12),(25366,231,2,28,1,13),(25367,234,8,28,2,13),(25368,253,5,35,6,13),(25369,254,10,35,44,13),(25370,255,12,35,40,13),(25371,253,5,35,38,14),(25372,254,10,35,5,14),(25373,255,12,35,43,14),(25374,253,5,35,4,15),(25375,254,10,35,42,15),(25376,255,12,35,6,15),(25377,253,5,35,7,8),(25378,254,10,35,45,8),(25379,258,6,37,1,8),(25380,259,17,37,2,8),(25381,255,12,35,44,8),(25382,253,5,35,7,9),(25383,254,10,35,45,9),(25384,258,6,37,1,9),(25385,259,17,37,2,9),(25386,255,12,35,40,9),(25387,253,5,35,7,10),(25388,254,10,35,45,10),(25389,258,6,37,1,10),(25390,259,17,37,2,10),(25391,255,12,35,38,10),(25392,253,5,35,5,11),(25393,254,10,35,43,11),(25394,255,12,35,4,11),(25395,253,5,35,42,12),(25396,254,10,35,6,12),(25397,255,12,35,44,12),(25398,253,5,35,5,13),(25399,254,10,35,43,13),(25400,255,12,35,4,13),(25401,253,5,35,40,14),(25402,254,10,35,42,14),(25403,255,12,35,38,14),(25404,253,5,35,6,15),(25405,254,10,35,44,15),(25406,255,12,35,5,15),(25407,253,5,35,7,8),(25408,254,10,35,45,8),(25409,258,6,37,1,8),(25410,259,17,37,2,8),(25411,255,12,35,43,8),(25412,253,5,35,7,9),(25413,254,10,35,45,9),(25414,258,6,37,1,9),(25415,259,17,37,2,9),(25416,255,12,35,4,9),(25417,253,5,35,7,10),(25418,254,10,35,45,10),(25419,258,6,37,1,10),(25420,259,17,37,2,10),(25421,255,12,35,42,10),(25422,231,2,28,1,11),(25423,234,8,28,2,11),(25424,253,5,35,6,11),(25425,254,10,35,44,11),(25426,255,12,35,40,11),(25427,231,2,28,1,12),(25428,234,8,28,2,12),(25429,253,5,35,38,12),(25430,254,10,35,5,12),(25431,255,12,35,43,12),(25432,231,2,28,1,13),(25433,234,8,28,2,13),(25434,253,5,35,4,13),(25435,254,10,35,42,13),(25436,255,12,35,6,13),(25437,253,5,35,44,14),(25438,254,10,35,5,14),(25439,255,12,35,43,14),(25440,253,5,35,40,15),(25441,254,10,35,38,15),(25442,255,12,35,4,15),(25443,253,5,35,7,8),(25444,254,10,35,45,8),(25445,258,6,37,1,8),(25446,259,17,37,2,8),(25447,255,12,35,42,8),(25448,253,5,35,7,9),(25449,254,10,35,45,9),(25450,258,6,37,1,9),(25451,259,17,37,2,9),(25452,255,12,35,6,9),(25453,253,5,35,7,10),(25454,254,10,35,45,10),(25455,231,2,28,1,10),(25456,234,8,28,2,10),(25457,255,12,35,44,10),(25458,231,2,28,1,11),(25459,234,8,28,2,11),(25460,253,5,35,5,11),(25461,254,10,35,43,11),(25462,255,12,35,40,11),(25463,231,2,28,1,12),(25464,234,8,28,2,12),(25465,253,5,35,38,12),(25466,254,10,35,4,12),(25467,255,12,35,42,12),(25468,253,5,35,6,13),(25469,254,10,35,44,13),(25470,255,12,35,5,13),(25471,253,5,35,43,14),(25472,231,2,28,1,8),(25473,234,8,28,2,8),(25474,231,2,28,1,9),(25475,234,8,28,2,9),(25476,231,2,28,1,10),(25477,234,8,28,2,10),(25478,253,5,35,7,8),(25479,254,10,35,45,8),(25480,231,2,28,1,8),(25481,234,8,28,2,8),(25482,253,5,35,7,9),(25483,254,10,35,45,9),(25484,231,2,28,1,9),(25485,234,8,28,2,9),(25486,253,5,35,7,10),(25487,254,10,35,45,10),(25488,231,2,28,1,10),(25489,234,8,28,2,10),(25490,253,5,35,7,8),(25491,254,10,35,45,8),(25492,231,2,28,1,8),(25493,234,8,28,2,8),(25494,253,5,35,7,9),(25495,254,10,35,45,9),(25496,231,2,28,1,9),(25497,234,8,28,2,9),(25498,253,5,35,7,10),(25499,254,10,35,45,10),(25500,231,2,28,1,10),(25501,234,8,28,2,10),(25502,253,5,35,7,8),(25503,254,10,35,45,8),(25504,253,5,35,7,9),(25505,254,10,35,45,9),(25506,253,5,35,7,10),(25507,254,10,35,45,10),(25508,253,5,35,7,8),(25509,254,10,35,45,8),(25510,231,2,28,1,8),(25511,234,8,28,2,8),(25512,253,5,35,7,9),(25513,254,10,35,45,9),(25514,231,2,28,1,9),(25515,234,8,28,2,9),(25516,253,5,35,7,10),(25517,254,10,35,45,10),(25518,231,2,28,1,10),(25519,234,8,28,2,10),(25520,253,5,35,7,8),(25521,254,10,35,45,8),(25522,231,2,28,1,8),(25523,234,8,28,2,8),(25524,253,5,35,7,9),(25525,254,10,35,45,9),(25526,231,2,28,1,9),(25527,234,8,28,2,9),(25528,253,5,35,7,10),(25529,254,10,35,45,10),(25530,231,2,28,1,10),(25531,234,8,28,2,10),(25532,231,2,28,1,8),(25533,234,8,28,2,8),(25534,231,2,28,1,9),(25535,234,8,28,2,9),(25536,231,2,28,1,10),(25537,234,8,28,2,10),(25538,253,5,35,7,8),(25539,254,10,35,45,8),(25540,231,2,28,1,8),(25541,234,8,28,2,8),(25542,253,5,35,7,9),(25543,254,10,35,45,9),(25544,231,2,28,1,9),(25545,234,8,28,2,9),(25546,253,5,35,7,10),(25547,254,10,35,45,10),(25548,231,2,28,1,10),(25549,234,8,28,2,10),(25550,253,5,35,7,8),(25551,254,10,35,45,8),(25552,231,2,28,1,8),(25553,234,8,28,2,8),(25554,253,5,35,7,9),(25555,254,10,35,45,9),(25556,231,2,28,1,9),(25557,234,8,28,2,9),(25558,253,5,35,7,10),(25559,254,10,35,45,10),(25560,231,2,28,1,10),(25561,234,8,28,2,10),(25562,253,5,35,7,8),(25563,254,10,35,45,8),(25564,253,5,35,7,9),(25565,254,10,35,45,9),(25566,253,5,35,7,10),(25567,254,10,35,45,10),(25568,231,2,28,1,8),(25569,234,8,28,2,8),(25570,236,6,31,1,8),(25571,248,11,31,2,8),(25572,253,5,35,3,8),(25573,232,3,29,4,8),(25574,260,8,38,5,8),(25575,233,4,29,6,8),(25576,261,12,38,7,8),(25577,258,17,37,40,8),(25578,254,10,35,41,8),(25579,244,15,29,42,8),(25580,250,13,31,43,8),(25581,231,2,28,45,8),(25582,259,18,37,38,8),(25583,232,3,29,44,9),(25584,236,6,31,1,9),(25585,248,11,31,2,9),(25586,260,8,38,7,9),(25587,261,12,38,45,9),(25588,250,13,31,5,9),(25589,239,9,34,43,9),(25590,233,4,29,6,9),(25591,244,15,29,4,9),(25592,253,5,35,3,9),(25593,254,10,35,41,9),(25594,258,17,37,40,9),(25595,259,18,37,38,9),(25596,232,3,29,44,10),(25597,233,4,29,42,10),(25598,236,6,31,1,10),(25599,248,11,31,2,10),(25600,260,8,38,7,10),(25601,261,12,38,45,10),(25602,250,13,31,5,10),(25603,239,9,34,43,10),(25604,244,15,29,6,10),(25605,253,5,35,3,10),(25606,254,10,35,41,10),(25607,258,17,37,40,10),(25608,259,18,37,38,10),(25609,256,1,36,1,11),(25610,257,3,36,2,11),(25611,232,4,29,44,11),(25612,233,15,29,4,11),(25613,236,6,31,42,11),(25614,238,8,33,7,11),(25615,260,12,38,45,11),(25616,261,19,38,5,11),(25617,248,11,31,43,11),(25618,250,13,31,6,11),(25619,231,2,28,3,11),(25620,234,14,28,41,11),(25621,236,6,31,1,8),(25622,248,11,31,2,8),(25623,253,5,35,3,8),(25624,232,3,29,4,8),(25625,260,8,38,5,8),(25626,233,4,29,6,8),(25627,261,12,38,7,8),(25628,258,17,37,40,8),(25629,254,10,35,41,8),(25630,244,15,29,42,8),(25631,250,13,31,43,8),(25632,231,2,28,45,8),(25633,259,18,37,38,8),(25634,232,3,29,44,9),(25635,236,6,31,1,9),(25636,248,11,31,2,9),(25637,260,8,38,7,9),(25638,261,12,38,45,9),(25639,250,13,31,5,9),(25640,239,9,34,43,9),(25641,233,4,29,6,9),(25642,244,15,29,4,9),(25643,253,5,35,3,9),(25644,254,10,35,41,9),(25645,258,17,37,40,9),(25646,259,18,37,38,9),(25647,232,3,29,44,10),(25648,233,4,29,42,10),(25649,236,6,31,1,10),(25650,248,11,31,2,10),(25651,260,8,38,7,10),(25652,261,12,38,45,10),(25653,250,13,31,5,10),(25654,239,9,34,43,10),(25655,244,15,29,6,10),(25656,253,5,35,3,10),(25657,254,10,35,41,10),(25658,258,17,37,40,10),(25659,259,18,37,38,10),(25660,256,1,36,1,11),(25661,257,3,36,2,11),(25662,232,4,29,44,11),(25663,233,15,29,4,11),(25664,236,6,31,42,11),(25665,238,8,33,7,11),(25666,260,12,38,45,11),(25667,261,19,38,5,11),(25668,248,11,31,43,11),(25669,250,13,31,6,11),(25670,231,2,28,3,11),(25671,234,14,28,41,11),(25672,237,7,32,40,11),(25673,239,9,34,38,11),(25674,256,1,36,1,12),(25675,257,3,36,2,12),(25676,236,6,31,44,12),(25677,238,8,33,7,12),(25678,231,2,28,45,12),(25679,248,11,31,4,12),(25680,232,4,29,42,12),(25681,260,12,38,5,12),(25682,261,19,38,43,12),(25683,250,13,31,6,12),(25684,234,14,28,3,12),(25685,236,6,31,1,8),(25686,248,11,31,2,8),(25687,253,5,35,3,8),(25688,232,3,29,4,8),(25689,260,8,38,5,8),(25690,233,4,29,6,8),(25691,261,12,38,7,8),(25692,258,17,37,40,8),(25693,254,10,35,41,8),(25694,244,15,29,42,8),(25695,250,13,31,43,8),(25696,231,2,28,45,8),(25697,259,18,37,38,8),(25698,232,3,29,44,9),(25699,236,6,31,1,9),(25700,248,11,31,2,9),(25701,260,8,38,7,9),(25702,261,12,38,45,9),(25703,250,13,31,5,9),(25704,239,9,34,43,9),(25705,233,4,29,6,9),(25706,244,15,29,4,9),(25707,253,5,35,3,9),(25708,254,10,35,41,9),(25709,258,17,37,40,9),(25710,259,18,37,38,9),(25711,232,3,29,44,10),(25712,233,4,29,42,10),(25713,236,6,31,1,10),(25714,248,11,31,2,10),(25715,260,8,38,7,10),(25716,261,12,38,45,10),(25717,250,13,31,5,10),(25718,239,9,34,43,10),(25719,244,15,29,6,10),(25720,253,5,35,3,10),(25721,254,10,35,41,10),(25722,258,17,37,40,10),(25723,259,18,37,38,10),(25724,256,1,36,1,11),(25725,257,3,36,2,11),(25726,232,4,29,44,11),(25727,233,15,29,4,11),(25728,236,6,31,42,11),(25729,238,8,33,7,11),(25730,260,12,38,45,11),(25731,261,19,38,5,11),(25732,248,11,31,43,11),(25733,250,13,31,6,11),(25734,231,2,28,3,11),(25735,234,14,28,41,11),(25736,237,7,32,40,11),(25737,239,9,34,38,11),(25738,256,1,36,1,12),(25739,257,3,36,2,12),(25740,236,6,31,44,12),(25741,238,8,33,7,12),(25742,231,2,28,45,12),(25743,248,11,31,4,12),(25744,232,4,29,42,12),(25745,260,12,38,5,12),(25746,261,19,38,43,12),(25747,250,13,31,6,12),(25748,234,14,28,3,12),(25749,233,15,29,41,12),(25750,237,7,32,40,12),(25751,239,9,34,38,12),(25752,256,1,36,1,13),(25753,257,3,36,2,13),(25754,236,6,31,1,8),(25755,248,11,31,2,8),(25756,253,5,35,3,8),(25757,232,3,29,4,8),(25758,260,8,38,5,8),(25759,233,4,29,6,8),(25760,261,12,38,7,8),(25761,258,17,37,40,8),(25762,254,10,35,41,8),(25763,244,15,29,42,8),(25764,250,13,31,43,8),(25765,231,2,28,45,8),(25766,259,18,37,38,8),(25767,232,3,29,44,9),(25768,236,6,31,1,9),(25769,248,11,31,2,9),(25770,260,8,38,7,9),(25771,261,12,38,45,9),(25772,250,13,31,5,9),(25773,239,9,34,43,9),(25774,233,4,29,6,9),(25775,244,15,29,4,9),(25776,253,5,35,3,9),(25777,254,10,35,41,9),(25778,258,17,37,40,9),(25779,259,18,37,38,9),(25780,232,3,29,44,10),(25781,233,4,29,42,10),(25782,236,6,31,1,10),(25783,248,11,31,2,10),(25784,260,8,38,7,10),(25785,261,12,38,45,10),(25786,250,13,31,5,10),(25787,239,9,34,43,10),(25788,244,15,29,6,10),(25789,253,5,35,3,10),(25790,254,10,35,41,10),(25791,258,17,37,40,10),(25792,259,18,37,38,10),(25793,256,1,36,1,11),(25794,257,3,36,2,11),(25795,232,4,29,44,11),(25796,233,15,29,4,11),(25797,236,6,31,42,11),(25798,238,8,33,7,11),(25799,260,12,38,45,11),(25800,261,19,38,5,11),(25801,248,11,31,43,11),(25802,250,13,31,6,11),(25803,231,2,28,3,11),(25804,234,14,28,41,11),(25805,237,7,32,40,11),(25806,239,9,34,38,11),(25807,256,1,36,1,12),(25808,257,3,36,2,12),(25809,236,6,31,44,12),(25810,238,8,33,7,12),(25811,231,2,28,45,12),(25812,248,11,31,4,12),(25813,232,4,29,42,12),(25814,260,12,38,5,12),(25815,261,19,38,43,12),(25816,250,13,31,6,12),(25817,234,14,28,3,12),(25818,233,15,29,41,12),(25819,237,7,32,40,12),(25820,239,9,34,38,12),(25821,256,1,36,1,13),(25822,257,3,36,2,13),(25823,238,8,33,7,13),(25824,231,2,28,45,13),(25825,236,6,31,44,13),(25826,248,11,31,4,13),(25827,250,13,31,42,13),(25828,239,9,34,5,13),(25829,260,12,38,43,13),(25830,234,14,28,3,13),(25831,232,4,29,41,13),(25832,237,7,32,40,13),(25833,253,5,35,38,13),(25834,236,6,31,6,14),(25835,248,11,31,44,14),(25836,250,13,31,4,14),(25837,260,8,38,42,14),(25838,236,6,31,1,8),(25839,248,11,31,2,8),(25840,253,5,35,3,8),(25841,232,3,29,4,8),(25842,260,8,38,5,8),(25843,233,4,29,6,8),(25844,261,12,38,7,8),(25845,258,17,37,40,8),(25846,254,10,35,41,8),(25847,244,15,29,42,8),(25848,250,13,31,43,8),(25849,231,2,28,45,8),(25850,259,18,37,38,8),(25851,232,3,29,44,9),(25852,236,6,31,1,9),(25853,248,11,31,2,9),(25854,260,8,38,7,9),(25855,261,12,38,45,9),(25856,250,13,31,5,9),(25857,239,9,34,43,9),(25858,233,4,29,6,9),(25859,244,15,29,4,9),(25860,253,5,35,3,9),(25861,254,10,35,41,9),(25862,258,17,37,40,9),(25863,259,18,37,38,9),(25864,232,3,29,44,10),(25865,233,4,29,42,10),(25866,236,6,31,2,13),(25867,248,11,31,2,10),(25868,260,8,38,7,10),(25869,261,12,38,45,10),(25870,250,13,31,5,10),(25871,239,9,34,43,10),(25872,244,15,29,6,10),(25873,253,5,35,3,15),(25874,254,10,35,41,10),(25875,258,17,37,40,10),(25876,259,18,37,38,10),(25877,256,1,36,1,11),(25878,257,3,36,2,11),(25879,232,4,29,44,11),(25880,233,15,29,4,11),(25881,236,6,31,42,11),(25882,238,8,33,7,11),(25883,260,12,38,45,11),(25884,261,19,38,5,11),(25885,248,11,31,43,11),(25886,250,13,31,6,11),(25887,231,2,28,3,11),(25888,234,14,28,41,11),(25889,237,7,32,40,11),(25890,239,9,34,38,11),(25891,256,1,36,1,12),(25892,257,3,36,2,12),(25893,236,6,31,44,12),(25894,238,8,33,7,12),(25895,231,2,28,45,12),(25896,248,11,31,4,12),(25897,232,4,29,42,12),(25898,260,12,38,5,12),(25899,261,19,38,43,12),(25900,250,13,31,6,12),(25901,234,14,28,3,12),(25902,233,15,29,41,12),(25903,237,7,32,40,12),(25904,239,9,34,38,12),(25905,256,1,36,1,13),(25906,257,3,36,1,15),(25907,238,8,33,7,13),(25908,231,2,28,45,13),(25909,236,6,31,44,13),(25910,248,11,31,4,13),(25911,250,13,31,42,13),(25912,239,9,34,5,13),(25913,260,12,38,43,13),(25914,234,14,28,2,15),(25915,232,4,29,41,13),(25916,237,7,32,40,13),(25917,253,5,35,38,13),(25918,236,6,31,6,14),(25919,248,11,31,44,14),(25920,250,13,31,4,14),(25921,260,8,38,42,14),(25922,236,6,31,1,8),(25923,248,11,31,2,8),(25924,253,5,35,3,8),(25925,232,3,29,4,8),(25926,260,8,38,5,8),(25927,233,4,29,6,8),(25928,261,12,38,7,8),(25929,258,17,37,40,8),(25930,254,10,35,41,8),(25931,244,15,29,42,8),(25932,250,13,31,43,8),(25933,231,2,28,45,8),(25934,259,18,37,38,8),(25935,232,3,29,44,9),(25936,236,6,31,1,9),(25937,248,11,31,2,9),(25938,260,8,38,7,9),(25939,261,12,38,45,9),(25940,250,13,31,5,9),(25941,239,9,34,43,9),(25942,233,4,29,6,9),(25943,244,15,29,4,9),(25944,253,5,35,3,9),(25945,254,10,35,41,9),(25946,258,17,37,40,9),(25947,259,18,37,38,9),(25948,232,3,29,44,10),(25949,233,4,29,42,10),(25950,256,1,36,1,10),(25951,257,16,36,2,10),(25952,238,8,33,7,10),(25953,260,12,38,45,10),(25954,261,19,38,5,10),(25955,236,6,31,43,10),(25956,248,11,31,6,10),(25957,250,13,31,4,10),(25958,231,2,28,3,10),(25959,234,14,28,41,10),(25960,237,7,32,40,10),(25961,239,9,34,38,10),(25962,256,1,36,1,11),(25963,257,3,36,2,11),(25964,236,6,31,44,11),(25965,248,11,31,42,11),(25966,238,8,33,7,11),(25967,231,2,28,45,11),(25968,250,13,31,5,11),(25969,260,12,38,43,11),(25970,261,19,38,4,11),(25971,234,14,28,3,11),(25972,232,4,29,41,11),(25973,237,7,32,40,11),(25974,239,9,34,38,11),(25975,260,8,38,1,12),(25976,261,12,38,2,12),(25977,236,6,31,6,12),(25978,248,11,31,44,12),(25979,231,2,28,7,12),(25980,238,13,33,45,12),(25981,239,9,34,5,12),(25982,234,14,28,43,12),(25983,256,1,36,3,12),(25984,257,3,36,41,12),(25985,253,5,35,40,12),(25986,237,7,32,38,12),(25987,236,6,31,42,13),(25988,248,11,31,4,13),(25989,260,8,38,42,14),(25990,236,6,31,1,8),(25991,248,11,31,2,8),(25992,253,5,35,3,8),(25993,232,3,29,4,8),(25994,260,8,38,5,8),(25995,233,4,29,6,8),(25996,261,12,38,7,8),(25997,258,17,37,40,8),(25998,254,10,35,41,8),(25999,244,15,29,42,8),(26000,250,13,31,43,8),(26001,231,2,28,45,8),(26002,259,18,37,38,8),(26003,232,3,29,44,9),(26004,236,6,31,1,9),(26005,248,11,31,2,9),(26006,260,8,38,7,9),(26007,261,12,38,45,9),(26008,250,13,31,5,9),(26009,239,9,34,43,9),(26010,233,4,29,6,9),(26011,244,15,29,4,9),(26012,253,5,35,3,9),(26013,254,10,35,41,9),(26014,258,17,37,40,9),(26015,259,18,37,38,9),(26016,232,3,29,44,10),(26017,233,4,29,42,10),(26018,256,1,36,1,10),(26019,257,16,36,2,10),(26020,238,8,33,7,10),(26021,260,12,38,45,10),(26022,261,19,38,5,10),(26023,236,6,31,43,10),(26024,248,11,31,6,10),(26025,250,13,31,4,10),(26026,231,2,28,3,10),(26027,234,14,28,41,10),(26028,237,7,32,40,10),(26029,239,9,34,38,10),(26030,256,1,36,1,11),(26031,257,3,36,2,11),(26032,236,6,31,44,11),(26033,248,11,31,42,11),(26034,238,8,33,7,11),(26035,231,2,28,45,11),(26036,250,13,31,5,11),(26037,260,12,38,43,11),(26038,261,19,38,4,11),(26039,234,14,28,3,11),(26040,232,4,29,41,11),(26041,237,7,32,40,11),(26042,239,9,34,38,11),(26043,260,8,38,1,12),(26044,261,12,38,2,12),(26045,236,6,31,6,12),(26046,248,11,31,44,12),(26047,231,2,28,7,12),(26048,238,13,33,45,12),(26049,239,9,34,5,12),(26050,234,14,28,43,12),(26051,256,1,36,3,12),(26052,257,3,36,41,12),(26053,253,5,35,40,12),(26054,237,7,32,38,12),(26055,236,6,31,42,13),(26056,248,11,31,4,13),(26057,260,8,38,42,14),(26058,236,11,31,1,8),(26059,256,1,36,2,8),(26060,253,10,35,3,8),(26061,232,3,29,4,8),(26062,233,4,29,6,8),(26063,260,8,38,7,8),(26064,237,12,32,40,8),(26065,231,2,28,45,8),(26066,236,11,31,1,9),(26067,256,1,36,2,9),(26068,260,8,38,7,9),(26069,261,12,38,45,9),(26070,232,3,29,6,9),(26071,233,4,29,4,9),(26072,253,10,35,3,9),(26073,257,16,36,40,9),(26074,256,1,36,1,10),(26075,236,11,31,2,10),(26076,238,8,33,7,10),(26077,260,12,38,45,10),(26078,231,2,28,3,10),(26079,257,3,36,40,10),(26080,256,1,36,1,11),(26081,236,11,31,2,11),(26082,260,8,38,4,11),(26083,231,2,28,7,11),(26084,235,12,30,45,11),(26085,257,3,36,3,11),(26086,253,10,35,40,11),(26087,236,11,31,6,12),(26088,260,8,38,1,12),(26089,261,12,38,2,12),(26090,231,2,28,7,12),(26091,235,1,30,45,12),(26092,256,3,36,3,12),(26093,253,10,35,40,12),(26094,260,8,38,1,13),(26095,261,12,38,2,13),(26096,236,11,31,6,13),(26097,235,1,30,7,13),(26098,231,2,28,45,13),(26099,232,3,29,3,13),(26100,236,11,31,4,14),(26101,237,12,32,40,14),(26102,236,11,31,4,15),(26103,236,11,31,1,8),(26104,256,1,36,2,8),(26105,253,10,35,3,8),(26106,232,3,29,4,8),(26107,233,4,29,6,8),(26108,260,8,38,7,8),(26109,237,12,32,40,8),(26110,231,2,28,45,8),(26111,236,11,31,1,9),(26112,256,1,36,2,9),(26113,260,8,38,7,9),(26114,261,12,38,45,9),(26115,232,3,29,6,9),(26116,233,4,29,4,9),(26117,253,10,35,3,9),(26118,257,16,36,40,9),(26119,256,1,36,1,10),(26120,236,11,31,2,10),(26121,238,8,33,7,10),(26122,260,12,38,45,10),(26123,231,2,28,3,10),(26124,257,3,36,40,10),(26125,256,1,36,1,11),(26126,236,11,31,2,11),(26127,260,8,38,4,11),(26128,231,2,28,7,11),(26129,235,12,30,45,11),(26130,257,3,36,3,11),(26131,253,10,35,40,11),(26132,236,11,31,6,12),(26133,260,8,38,1,12),(26134,261,12,38,2,12),(26135,231,2,28,7,12),(26136,235,1,30,45,12),(26137,256,3,36,3,12),(26138,253,10,35,40,12),(26139,260,8,38,1,13),(26140,261,12,38,2,13),(26141,236,11,31,6,13),(26142,235,1,30,7,13),(26143,231,2,28,45,13),(26144,232,3,29,3,13),(26145,236,11,31,4,12),(26146,237,12,32,40,14),(26147,236,11,31,4,15),(26148,236,11,31,1,8),(26149,256,1,36,2,8),(26150,253,10,35,3,8),(26151,232,3,29,4,8),(26152,233,4,29,6,8),(26153,260,8,38,7,8),(26154,237,12,32,40,8),(26155,231,2,28,45,8),(26156,236,11,31,1,9),(26157,256,1,36,2,9),(26158,260,8,38,7,9),(26159,261,12,38,45,9),(26160,232,3,29,6,9),(26161,233,4,29,4,9),(26162,253,10,35,3,9),(26163,257,16,36,40,9),(26164,256,1,36,1,10),(26165,236,11,31,2,10),(26166,238,8,33,7,10),(26167,260,12,38,45,10),(26168,231,2,28,3,10),(26169,257,3,36,40,10),(26170,256,1,36,1,11),(26171,236,11,31,2,11),(26172,260,8,38,4,11),(26173,231,2,28,7,11),(26174,235,12,30,45,11),(26175,257,3,36,3,11),(26176,253,10,35,40,11),(26177,236,11,31,6,12),(26178,260,8,38,1,12),(26179,261,12,38,2,12),(26180,231,2,28,7,12),(26181,235,1,30,45,12),(26182,256,3,36,3,12),(26183,253,10,35,40,12),(26184,260,8,38,1,13),(26185,261,12,38,2,13),(26186,236,11,31,6,13),(26187,235,1,30,7,13),(26188,231,2,28,45,13),(26189,232,3,29,3,13),(26190,236,11,31,4,14),(26191,237,12,32,40,14),(26192,236,11,31,4,15),(26193,236,11,31,1,8),(26194,256,1,36,2,8),(26195,253,10,35,3,8),(26196,232,3,29,4,8),(26197,233,4,29,6,8),(26198,260,8,38,7,8),(26199,237,12,32,40,8),(26200,231,2,28,45,8),(26201,236,11,31,1,9),(26202,256,1,36,2,9),(26203,260,8,38,7,9),(26204,261,12,38,45,9),(26205,232,3,29,6,9),(26206,233,4,29,4,9),(26207,253,10,35,3,9),(26208,257,16,36,40,9),(26209,256,1,36,1,10),(26210,236,11,31,2,10),(26211,238,8,33,7,10),(26212,260,12,38,45,10),(26213,231,2,28,3,10),(26214,257,3,36,40,10),(26215,256,1,36,1,11),(26216,236,11,31,2,11),(26217,260,8,38,4,11),(26218,231,2,28,7,11),(26219,235,12,30,45,11),(26220,257,3,36,3,11),(26221,253,10,35,40,11),(26222,236,11,31,6,12),(26223,260,8,38,1,12),(26224,261,12,38,2,12),(26225,231,2,28,7,12),(26226,235,1,30,45,12),(26227,256,3,36,3,12),(26228,253,10,35,40,12),(26229,260,8,38,1,13),(26230,261,12,38,2,13),(26231,236,11,31,6,13),(26232,235,1,30,7,13),(26233,231,2,28,45,13),(26234,232,3,29,3,13),(26235,236,11,31,4,14),(26236,237,12,32,40,14),(26237,236,11,31,4,15),(26238,236,11,31,1,8),(26239,256,1,36,2,8),(26240,236,11,31,1,8),(26241,256,1,36,2,8),(26242,253,10,35,3,8),(26243,232,3,29,4,8),(26244,233,4,29,6,8),(26245,260,8,38,7,8),(26246,237,12,32,40,8),(26247,231,2,28,45,8),(26248,236,11,31,1,9),(26249,256,1,36,2,9),(26250,260,8,38,7,9),(26251,261,12,38,45,9),(26252,232,3,29,6,9),(26253,233,4,29,4,9),(26254,253,10,35,3,9),(26255,257,16,36,40,9),(26256,256,1,36,1,10),(26257,236,11,31,2,10),(26258,238,8,33,7,10),(26259,260,12,38,45,10),(26260,231,2,28,3,10),(26261,257,3,36,40,10),(26262,256,1,36,1,11),(26263,236,11,31,2,11),(26264,260,8,38,4,11),(26265,231,2,28,7,11),(26266,235,12,30,45,11),(26267,257,3,36,3,11),(26268,253,10,35,40,11),(26269,236,11,31,6,12),(26270,260,8,38,1,12),(26271,261,12,38,2,12),(26272,231,2,28,7,12),(26273,235,1,30,45,12),(26274,256,3,36,3,12),(26275,253,10,35,40,12),(26276,260,8,38,1,13),(26277,261,12,38,2,13),(26278,236,11,31,6,13),(26279,235,1,30,7,13),(26280,231,2,28,45,13),(26281,232,3,29,3,13),(26282,236,11,31,4,14),(26283,237,12,32,40,14),(26284,236,11,31,4,15),(26285,280,4,48,1,8),(26286,274,2,41,2,8),(26287,279,22,49,3,8),(26288,275,3,42,4,8),(26289,278,8,51,6,8),(26290,276,10,45,40,8),(26291,277,16,45,45,8),(26292,280,4,48,7,9),(26293,274,2,41,1,9),(26294,278,8,51,2,9),(26295,279,22,49,3,9),(26296,275,3,42,4,9),(26297,276,10,45,40,9),(26298,277,16,45,45,9),(26299,278,8,51,6,10),(26300,280,4,48,7,10),(26301,274,2,41,1,10),(26302,275,3,42,3,10),(26303,279,22,49,4,10),(26304,274,2,41,2,11),(26305,280,4,48,6,11),(26306,278,8,51,7,11),(26307,279,12,46,40,11),(26308,275,3,42,3,11),(26309,276,10,45,4,11),(26310,280,22,50,45,12),(26311,278,8,51,1,12),(26312,274,2,41,6,12),(26313,279,12,46,40,12),(26314,276,10,45,3,12),(26315,277,16,45,4,12),(26316,278,8,51,2,13),(26317,274,2,41,7,13),(26318,280,22,50,45,13),(26319,276,10,45,3,13),(26320,280,4,48,1,14),(26321,274,2,41,6,14),(26322,278,8,51,7,14),(26323,279,12,46,45,14),(26324,280,4,48,2,15),(26325,278,8,51,1,15),(26326,279,22,49,4,15),(26327,274,2,41,7,15);
/*!40000 ALTER TABLE `lessons` ENABLE KEYS */;
UNLOCK TABLES;

--
-- Table structure for table `pairs`
--

DROP TABLE IF EXISTS `pairs`;
/*!40101 SET @saved_cs_client     = @@character_set_client */;
/*!40101 SET character_set_client = utf8 */;
CREATE TABLE `pairs` (
  `id` int(11) NOT NULL AUTO_INCREMENT,
  `title` varchar(20) COLLATE utf8_unicode_ci NOT NULL,
  `beginning_of_period` time NOT NULL,
  `end_of_period` time NOT NULL,
  PRIMARY KEY (`id`)
) ENGINE=InnoDB AUTO_INCREMENT=16 DEFAULT CHARSET=utf8 COLLATE=utf8_unicode_ci;
/*!40101 SET character_set_client = @saved_cs_client */;

--
-- Dumping data for table `pairs`
--

LOCK TABLES `pairs` WRITE;
/*!40000 ALTER TABLE `pairs` DISABLE KEYS */;
INSERT INTO `pairs` VALUES (8,'Первый урок','08:00:00','08:45:00'),(9,'Второй урок','08:45:00','09:30:00'),(10,'Третий урок','09:40:00','10:25:00'),(11,'Четвертый урок','10:30:00','11:10:00'),(12,'Пятый урок','11:30:00','12:15:00'),(13,'Шестой урок','12:15:00','13:00:00'),(14,'Седьмой урок','13:10:00','13:55:00'),(15,'Восьмой урок','13:55:00','14:40:00');
/*!40000 ALTER TABLE `pairs` ENABLE KEYS */;
UNLOCK TABLES;

--
-- Table structure for table `schedules_lessons`
--

DROP TABLE IF EXISTS `schedules_lessons`;
/*!40101 SET @saved_cs_client     = @@character_set_client */;
/*!40101 SET character_set_client = utf8 */;
CREATE TABLE `schedules_lessons` (
  `id` int(11) NOT NULL AUTO_INCREMENT,
  `day_id` int(11) NOT NULL,
  `lesson_id` int(11) NOT NULL,
  PRIMARY KEY (`id`),
  UNIQUE KEY `day_id` (`day_id`,`lesson_id`)
) ENGINE=InnoDB DEFAULT CHARSET=utf8 COLLATE=utf8_unicode_ci;
/*!40101 SET character_set_client = @saved_cs_client */;

--
-- Dumping data for table `schedules_lessons`
--

LOCK TABLES `schedules_lessons` WRITE;
/*!40000 ALTER TABLE `schedules_lessons` DISABLE KEYS */;
/*!40000 ALTER TABLE `schedules_lessons` ENABLE KEYS */;
UNLOCK TABLES;

--
-- Table structure for table `social_users`
--

DROP TABLE IF EXISTS `social_users`;
/*!40101 SET @saved_cs_client     = @@character_set_client */;
/*!40101 SET character_set_client = utf8 */;
CREATE TABLE `social_users` (
  `id` int(11) NOT NULL AUTO_INCREMENT,
  `name` varchar(72) COLLATE utf8_unicode_ci NOT NULL,
  `via` varchar(5) COLLATE utf8_unicode_ci NOT NULL,
  `uid` varchar(20) COLLATE utf8_unicode_ci NOT NULL,
  `user_id` int(11) NOT NULL,
  PRIMARY KEY (`id`),
  KEY `social_users_user_id_45d94f36cdf24370_fk_users_user_ptr_id` (`user_id`),
  CONSTRAINT `social_users_user_id_45d94f36cdf24370_fk_users_user_ptr_id` FOREIGN KEY (`user_id`) REFERENCES `users` (`user_ptr_id`)
) ENGINE=InnoDB AUTO_INCREMENT=3 DEFAULT CHARSET=utf8 COLLATE=utf8_unicode_ci;
/*!40101 SET character_set_client = @saved_cs_client */;

--
-- Dumping data for table `social_users`
--

LOCK TABLES `social_users` WRITE;
/*!40000 ALTER TABLE `social_users` DISABLE KEYS */;
INSERT INTO `social_users` VALUES (2,'Виталий Сотников','vk','274309154',266);
/*!40000 ALTER TABLE `social_users` ENABLE KEYS */;
UNLOCK TABLES;

--
-- Table structure for table `specialities`
--

DROP TABLE IF EXISTS `specialities`;
/*!40101 SET @saved_cs_client     = @@character_set_client */;
/*!40101 SET character_set_client = utf8 */;
CREATE TABLE `specialities` (
  `id` int(11) NOT NULL AUTO_INCREMENT,
  `title` varchar(50) COLLATE utf8_unicode_ci NOT NULL,
  PRIMARY KEY (`id`)
) ENGINE=InnoDB AUTO_INCREMENT=10 DEFAULT CHARSET=utf8 COLLATE=utf8_unicode_ci;
/*!40101 SET character_set_client = @saved_cs_client */;

--
-- Dumping data for table `specialities`
--

LOCK TABLES `specialities` WRITE;
/*!40000 ALTER TABLE `specialities` DISABLE KEYS */;
INSERT INTO `specialities` VALUES (1,'Повар-кондитер'),(2,'Сварщик'),(3,'Электрик'),(4,'Информационные системы'),(5,'Сварочное искуство'),(6,'Программная инженерия'),(7,'Бизнес-информатика'),(8,'Металургия'),(9,'Журналистика');
/*!40000 ALTER TABLE `specialities` ENABLE KEYS */;
UNLOCK TABLES;

--
-- Table structure for table `specialities_courses`
--

DROP TABLE IF EXISTS `specialities_courses`;
/*!40101 SET @saved_cs_client     = @@character_set_client */;
/*!40101 SET character_set_client = utf8 */;
CREATE TABLE `specialities_courses` (
  `id` int(11) NOT NULL AUTO_INCREMENT,
  `speciality_id` int(11) NOT NULL,
  `course_id` int(11) NOT NULL,
  PRIMARY KEY (`id`),
  UNIQUE KEY `speciality_id` (`speciality_id`,`course_id`),
  KEY `timetable_spec_course_id_71d802e51be0adbc_fk_timetable_course_id` (`course_id`),
  CONSTRAINT `timetab_speciality_id_24802af661e7085_fk_timetable_speciality_id` FOREIGN KEY (`speciality_id`) REFERENCES `specialities` (`id`),
  CONSTRAINT `timetable_spec_course_id_71d802e51be0adbc_fk_timetable_course_id` FOREIGN KEY (`course_id`) REFERENCES `courses` (`id`)
) ENGINE=InnoDB AUTO_INCREMENT=20 DEFAULT CHARSET=utf8 COLLATE=utf8_unicode_ci;
/*!40101 SET character_set_client = @saved_cs_client */;

--
-- Dumping data for table `specialities_courses`
--

LOCK TABLES `specialities_courses` WRITE;
/*!40000 ALTER TABLE `specialities_courses` DISABLE KEYS */;
INSERT INTO `specialities_courses` VALUES (1,1,1),(2,1,2),(3,2,3),(4,2,4),(5,3,5),(6,3,6),(7,3,7),(8,4,8),(14,4,14),(9,5,9),(15,5,15),(10,6,10),(16,6,16),(11,7,11),(17,7,17),(12,8,12),(18,8,18),(13,9,13),(19,9,19);
/*!40000 ALTER TABLE `specialities_courses` ENABLE KEYS */;
UNLOCK TABLES;

--
-- Table structure for table `students`
--

DROP TABLE IF EXISTS `students`;
/*!40101 SET @saved_cs_client     = @@character_set_client */;
/*!40101 SET character_set_client = utf8 */;
CREATE TABLE `students` (
  `account_ptr_id` int(11) NOT NULL,
  `study_group_id` int(11) DEFAULT NULL,
  `learn_language` varchar(10) COLLATE utf8_unicode_ci DEFAULT NULL,
  `liberation` tinyint(1) DEFAULT '0',
  `orphan` tinyint(1) DEFAULT '0',
  PRIMARY KEY (`account_ptr_id`),
  KEY `students_0e939a4f` (`study_group_id`),
  CONSTRAINT `students_account_ptr_id_d6647667_fk_users_user_ptr_id` FOREIGN KEY (`account_ptr_id`) REFERENCES `users` (`user_ptr_id`),
  CONSTRAINT `study_group_id` FOREIGN KEY (`study_group_id`) REFERENCES `study_groups` (`id`)
) ENGINE=InnoDB DEFAULT CHARSET=utf8 COLLATE=utf8_unicode_ci;
/*!40101 SET character_set_client = @saved_cs_client */;

--
-- Dumping data for table `students`
--

LOCK TABLES `students` WRITE;
/*!40000 ALTER TABLE `students` DISABLE KEYS */;
INSERT INTO `students` VALUES (266,1,NULL,0,0);
/*!40000 ALTER TABLE `students` ENABLE KEYS */;
UNLOCK TABLES;

--
-- Table structure for table `students_studygroup`
--

DROP TABLE IF EXISTS `students_studygroup`;
/*!40101 SET @saved_cs_client     = @@character_set_client */;
/*!40101 SET character_set_client = utf8 */;
CREATE TABLE `students_studygroup` (
  `id` int(11) NOT NULL AUTO_INCREMENT,
  `student_id` int(11) NOT NULL,
  `studygroup_id` int(11) NOT NULL,
  `title` varchar(32) COLLATE utf8_unicode_ci DEFAULT NULL,
  PRIMARY KEY (`id`)
) ENGINE=InnoDB DEFAULT CHARSET=utf8 COLLATE=utf8_unicode_ci;
/*!40101 SET character_set_client = @saved_cs_client */;

--
-- Dumping data for table `students_studygroup`
--

LOCK TABLES `students_studygroup` WRITE;
/*!40000 ALTER TABLE `students_studygroup` DISABLE KEYS */;
/*!40000 ALTER TABLE `students_studygroup` ENABLE KEYS */;
UNLOCK TABLES;

--
-- Table structure for table `study_days`
--

DROP TABLE IF EXISTS `study_days`;
/*!40101 SET @saved_cs_client     = @@character_set_client */;
/*!40101 SET character_set_client = utf8 */;
CREATE TABLE `study_days` (
  `id` int(11) NOT NULL AUTO_INCREMENT,
  `title` varchar(20) COLLATE utf8_unicode_ci NOT NULL,
  `is_active` tinyint(1) NOT NULL,
  PRIMARY KEY (`id`)
) ENGINE=InnoDB AUTO_INCREMENT=8 DEFAULT CHARSET=utf8 COLLATE=utf8_unicode_ci;
/*!40101 SET character_set_client = @saved_cs_client */;

--
-- Dumping data for table `study_days`
--

LOCK TABLES `study_days` WRITE;
/*!40000 ALTER TABLE `study_days` DISABLE KEYS */;
INSERT INTO `study_days` VALUES (1,'Понедельник',1),(2,'Вторник',1),(3,'Среда',1),(4,'Четверг',1),(5,'Пятница',1),(6,'Суббота',1),(7,'Воскресенье',0);
/*!40000 ALTER TABLE `study_days` ENABLE KEYS */;
UNLOCK TABLES;

--
-- Table structure for table `study_groups`
--

DROP TABLE IF EXISTS `study_groups`;
/*!40101 SET @saved_cs_client     = @@character_set_client */;
/*!40101 SET character_set_client = utf8 */;
CREATE TABLE `study_groups` (
  `id` int(11) NOT NULL AUTO_INCREMENT,
  `title` varchar(10) COLLATE utf8_unicode_ci NOT NULL,
  PRIMARY KEY (`id`)
) ENGINE=InnoDB AUTO_INCREMENT=46 DEFAULT CHARSET=utf8 COLLATE=utf8_unicode_ci;
/*!40101 SET character_set_client = @saved_cs_client */;

--
-- Dumping data for table `study_groups`
--

LOCK TABLES `study_groups` WRITE;
/*!40000 ALTER TABLE `study_groups` DISABLE KEYS */;
INSERT INTO `study_groups` VALUES (1,'Альфа'),(2,'Бета'),(3,'Гамма'),(4,'Дельта'),(5,'Эпсилон'),(6,'Зета'),(7,'Тета'),(38,'Омега'),(39,'603-ИСЗ'),(40,'Каппа'),(41,'Йота'),(42,'Лямбда'),(43,'Сигма'),(44,'Тау'),(45,'Омикрон');
/*!40000 ALTER TABLE `study_groups` ENABLE KEYS */;
UNLOCK TABLES;

--
-- Table structure for table `timetables`
--

DROP TABLE IF EXISTS `timetables`;
/*!40101 SET @saved_cs_client     = @@character_set_client */;
/*!40101 SET character_set_client = utf8 */;
CREATE TABLE `timetables` (
  `id` int(11) NOT NULL AUTO_INCREMENT,
  `title` varchar(50) COLLATE utf8_unicode_ci NOT NULL,
  `beginning_of_period` date NOT NULL,
  `end_of_period` date NOT NULL,
  `segment_days` int(11) DEFAULT '7',
  `complex_pairs_in_day` int(11) DEFAULT '2',
  `total_hours` int(11) DEFAULT '0',
  `remain_hours` int(11) DEFAULT '0',
  `free_lessons` int(11) DEFAULT '2',
  PRIMARY KEY (`id`)
) ENGINE=InnoDB AUTO_INCREMENT=3 DEFAULT CHARSET=utf8 COLLATE=utf8_unicode_ci;
/*!40101 SET character_set_client = @saved_cs_client */;

--
-- Dumping data for table `timetables`
--

LOCK TABLES `timetables` WRITE;
/*!40000 ALTER TABLE `timetables` DISABLE KEYS */;
INSERT INTO `timetables` VALUES (2,'Тестовое','2016-06-01','2016-06-02',7,2,1925,1882,2);
/*!40000 ALTER TABLE `timetables` ENABLE KEYS */;
UNLOCK TABLES;

--
-- Table structure for table `timetables_banned_days`
--

DROP TABLE IF EXISTS `timetables_banned_days`;
/*!40101 SET @saved_cs_client     = @@character_set_client */;
/*!40101 SET character_set_client = utf8 */;
CREATE TABLE `timetables_banned_days` (
  `id` int(11) NOT NULL AUTO_INCREMENT,
  `discipline_id` int(11) NOT NULL,
  `pair_id` int(11) NOT NULL,
  `day_id` int(11) NOT NULL,
  `timetable_id` int(11) DEFAULT NULL,
  `bannedday_id` int(11) DEFAULT NULL,
  PRIMARY KEY (`id`),
  KEY `banned_periods_discipline_2a73e9e7` (`discipline_id`),
  KEY `day_id` (`day_id`),
  KEY `pair_id` (`pair_id`),
  KEY `timetables_banned_days_timetables__fk` (`timetable_id`),
  CONSTRAINT `banned_periods__discipline_id_54b4aff0da28f267_fk_disciplines_id` FOREIGN KEY (`discipline_id`) REFERENCES `disciplines` (`id`),
  CONSTRAINT `timetables_banned_days_ibfk_1` FOREIGN KEY (`day_id`) REFERENCES `study_days` (`id`),
  CONSTRAINT `timetables_banned_days_ibfk_2` FOREIGN KEY (`pair_id`) REFERENCES `pairs` (`id`),
  CONSTRAINT `timetables_banned_days_timetables__fk` FOREIGN KEY (`timetable_id`) REFERENCES `timetables` (`id`)
) ENGINE=InnoDB DEFAULT CHARSET=utf8 COLLATE=utf8_unicode_ci;
/*!40101 SET character_set_client = @saved_cs_client */;

--
-- Dumping data for table `timetables_banned_days`
--

LOCK TABLES `timetables_banned_days` WRITE;
/*!40000 ALTER TABLE `timetables_banned_days` DISABLE KEYS */;
/*!40000 ALTER TABLE `timetables_banned_days` ENABLE KEYS */;
UNLOCK TABLES;

--
-- Table structure for table `timetables_days`
--

DROP TABLE IF EXISTS `timetables_days`;
/*!40101 SET @saved_cs_client     = @@character_set_client */;
/*!40101 SET character_set_client = utf8 */;
CREATE TABLE `timetables_days` (
  `id` int(11) NOT NULL AUTO_INCREMENT,
  `timetable_id` int(11) NOT NULL,
  `day_id` int(11) NOT NULL,
  PRIMARY KEY (`id`),
  UNIQUE KEY `timetable_id` (`timetable_id`,`day_id`),
  KEY `timetables_days_day_id_6c49929889827e1a_fk_timetable_day_id` (`day_id`),
  CONSTRAINT `timetables_days_day_id_6c49929889827e1a_fk_timetable_day_id` FOREIGN KEY (`day_id`) REFERENCES `days` (`id`),
  CONSTRAINT `timetables_days_timetable_id_1b393e77c8df11b6_fk_timetables_id` FOREIGN KEY (`timetable_id`) REFERENCES `timetables` (`id`)
) ENGINE=InnoDB AUTO_INCREMENT=721 DEFAULT CHARSET=utf8 COLLATE=utf8_unicode_ci;
/*!40101 SET character_set_client = @saved_cs_client */;

--
-- Dumping data for table `timetables_days`
--

LOCK TABLES `timetables_days` WRITE;
/*!40000 ALTER TABLE `timetables_days` DISABLE KEYS */;
INSERT INTO `timetables_days` VALUES (720,2,720);
/*!40000 ALTER TABLE `timetables_days` ENABLE KEYS */;
UNLOCK TABLES;

--
-- Table structure for table `timetables_disciplines`
--

DROP TABLE IF EXISTS `timetables_disciplines`;
/*!40101 SET @saved_cs_client     = @@character_set_client */;
/*!40101 SET character_set_client = utf8 */;
CREATE TABLE `timetables_disciplines` (
  `id` int(11) NOT NULL AUTO_INCREMENT,
  `timetable_id` int(11) NOT NULL,
  `discipline_id` int(11) NOT NULL,
  PRIMARY KEY (`id`),
  UNIQUE KEY `timetable_id` (`timetable_id`,`discipline_id`),
  KEY `timetables_disciplines_60c87e86` (`timetable_id`),
  KEY `timetables_disciplines_e4266bb0` (`discipline_id`),
  CONSTRAINT `discipline_id_refs_id_a3e78653` FOREIGN KEY (`discipline_id`) REFERENCES `disciplines` (`id`),
  CONSTRAINT `timetable_id_refs_id_01962cf4` FOREIGN KEY (`timetable_id`) REFERENCES `timetables` (`id`)
) ENGINE=InnoDB AUTO_INCREMENT=27 DEFAULT CHARSET=utf8 COLLATE=utf8_unicode_ci;
/*!40101 SET character_set_client = @saved_cs_client */;

--
-- Dumping data for table `timetables_disciplines`
--

LOCK TABLES `timetables_disciplines` WRITE;
/*!40000 ALTER TABLE `timetables_disciplines` DISABLE KEYS */;
INSERT INTO `timetables_disciplines` VALUES (12,2,39),(13,2,40),(14,2,41),(15,2,42),(16,2,43),(17,2,44),(18,2,45),(19,2,46),(20,2,47),(21,2,48),(22,2,49),(23,2,50),(24,2,51),(25,2,52),(26,2,53);
/*!40000 ALTER TABLE `timetables_disciplines` ENABLE KEYS */;
UNLOCK TABLES;

--
-- Table structure for table `timetables_ignored_days`
--

DROP TABLE IF EXISTS `timetables_ignored_days`;
/*!40101 SET @saved_cs_client     = @@character_set_client */;
/*!40101 SET character_set_client = utf8 */;
CREATE TABLE `timetables_ignored_days` (
  `id` int(11) NOT NULL AUTO_INCREMENT,
  `timetable_id` int(11) NOT NULL,
  `ignoredday_id` int(11) NOT NULL,
  PRIMARY KEY (`id`),
  UNIQUE KEY `timetable_id` (`timetable_id`,`ignoredday_id`),
  KEY `timetables_ignor_ignoredday_id_14be40e41fb40a_fk_ignored_days_id` (`ignoredday_id`),
  CONSTRAINT `timetables_ignor_ignoredday_id_14be40e41fb40a_fk_ignored_days_id` FOREIGN KEY (`ignoredday_id`) REFERENCES `ignored_days` (`id`),
  CONSTRAINT `timetables_ignore_timetable_id_1966dddeab574887_fk_timetables_id` FOREIGN KEY (`timetable_id`) REFERENCES `timetables` (`id`)
) ENGINE=InnoDB DEFAULT CHARSET=utf8 COLLATE=utf8_unicode_ci;
/*!40101 SET character_set_client = @saved_cs_client */;

--
-- Dumping data for table `timetables_ignored_days`
--

LOCK TABLES `timetables_ignored_days` WRITE;
/*!40000 ALTER TABLE `timetables_ignored_days` DISABLE KEYS */;
/*!40000 ALTER TABLE `timetables_ignored_days` ENABLE KEYS */;
UNLOCK TABLES;

--
-- Table structure for table `timetables_pairs`
--

DROP TABLE IF EXISTS `timetables_pairs`;
/*!40101 SET @saved_cs_client     = @@character_set_client */;
/*!40101 SET character_set_client = utf8 */;
CREATE TABLE `timetables_pairs` (
  `id` int(11) NOT NULL AUTO_INCREMENT,
  `timetable_id` int(11) NOT NULL,
  `pair_id` int(11) NOT NULL,
  PRIMARY KEY (`id`),
  UNIQUE KEY `timetable_id` (`timetable_id`,`pair_id`),
  KEY `timetables_pairs_pair_id_7a98215cef668dc9_fk_pairs_id` (`pair_id`),
  CONSTRAINT `timetables_pairs_pair_id_7a98215cef668dc9_fk_pairs_id` FOREIGN KEY (`pair_id`) REFERENCES `pairs` (`id`),
  CONSTRAINT `timetables_pairs_timetable_id_5844ee70ed9d2975_fk_timetables_id` FOREIGN KEY (`timetable_id`) REFERENCES `timetables` (`id`)
) ENGINE=InnoDB DEFAULT CHARSET=utf8 COLLATE=utf8_unicode_ci;
/*!40101 SET character_set_client = @saved_cs_client */;

--
-- Dumping data for table `timetables_pairs`
--

LOCK TABLES `timetables_pairs` WRITE;
/*!40000 ALTER TABLE `timetables_pairs` DISABLE KEYS */;
/*!40000 ALTER TABLE `timetables_pairs` ENABLE KEYS */;
UNLOCK TABLES;

--
-- Table structure for table `timetables_specialities`
--

DROP TABLE IF EXISTS `timetables_specialities`;
/*!40101 SET @saved_cs_client     = @@character_set_client */;
/*!40101 SET character_set_client = utf8 */;
CREATE TABLE `timetables_specialities` (
  `id` int(11) NOT NULL AUTO_INCREMENT,
  `timetable_id` int(11) NOT NULL,
  `speciality_id` int(11) NOT NULL,
  PRIMARY KEY (`id`),
  UNIQUE KEY `timetable_id` (`timetable_id`,`speciality_id`),
  KEY `timeta_speciality_id_34b45a029901a350_fk_timetable_speciality_id` (`speciality_id`),
  CONSTRAINT `timeta_speciality_id_34b45a029901a350_fk_timetable_speciality_id` FOREIGN KEY (`speciality_id`) REFERENCES `specialities` (`id`),
  CONSTRAINT `timetables_specia_timetable_id_7e9c29c4f2251bc8_fk_timetables_id` FOREIGN KEY (`timetable_id`) REFERENCES `timetables` (`id`)
) ENGINE=InnoDB AUTO_INCREMENT=10 DEFAULT CHARSET=utf8 COLLATE=utf8_unicode_ci;
/*!40101 SET character_set_client = @saved_cs_client */;

--
-- Dumping data for table `timetables_specialities`
--

LOCK TABLES `timetables_specialities` WRITE;
/*!40000 ALTER TABLE `timetables_specialities` DISABLE KEYS */;
INSERT INTO `timetables_specialities` VALUES (4,2,4),(5,2,5),(6,2,6),(7,2,7),(8,2,8),(9,2,9);
/*!40000 ALTER TABLE `timetables_specialities` ENABLE KEYS */;
UNLOCK TABLES;

--
-- Table structure for table `tutors`
--

DROP TABLE IF EXISTS `tutors`;
/*!40101 SET @saved_cs_client     = @@character_set_client */;
/*!40101 SET character_set_client = utf8 */;
CREATE TABLE `tutors` (
  `account_ptr_id` int(11) NOT NULL,
  `disciplines` varchar(30) COLLATE utf8_unicode_ci DEFAULT NULL,
  PRIMARY KEY (`account_ptr_id`),
  CONSTRAINT `tutors_account_ptr_id_7cf44fdbfed49552_fk_users_user_ptr_id` FOREIGN KEY (`account_ptr_id`) REFERENCES `users` (`user_ptr_id`)
) ENGINE=InnoDB DEFAULT CHARSET=utf8 COLLATE=utf8_unicode_ci;
/*!40101 SET character_set_client = @saved_cs_client */;

--
-- Dumping data for table `tutors`
--

LOCK TABLES `tutors` WRITE;
/*!40000 ALTER TABLE `tutors` DISABLE KEYS */;
INSERT INTO `tutors` VALUES (231,''),(232,''),(233,''),(234,''),(235,''),(236,''),(237,''),(238,''),(239,''),(240,''),(241,''),(242,''),(243,''),(244,''),(245,''),(248,''),(249,''),(250,''),(251,''),(252,''),(253,''),(254,''),(255,''),(256,''),(257,''),(258,''),(259,''),(260,''),(261,''),(262,''),(265,''),(268,''),(269,''),(270,''),(273,''),(274,''),(275,''),(276,''),(277,''),(278,''),(279,''),(280,'');
/*!40000 ALTER TABLE `tutors` ENABLE KEYS */;
UNLOCK TABLES;

--
-- Table structure for table `users`
--

DROP TABLE IF EXISTS `users`;
/*!40101 SET @saved_cs_client     = @@character_set_client */;
/*!40101 SET character_set_client = utf8 */;
CREATE TABLE `users` (
  `user_ptr_id` int(11) NOT NULL,
  `birth_day` date NOT NULL,
  `middle_name` varchar(30) COLLATE utf8_unicode_ci NOT NULL,
  `gender` varchar(1) COLLATE utf8_unicode_ci NOT NULL,
  `passport_number` varchar(10) COLLATE utf8_unicode_ci NOT NULL,
  `registration` varchar(200) COLLATE utf8_unicode_ci NOT NULL,
  PRIMARY KEY (`user_ptr_id`),
  CONSTRAINT `users_user_ptr_id_2dfda47d4bafd6da_fk_auth_user_id` FOREIGN KEY (`user_ptr_id`) REFERENCES `auth_user` (`id`)
) ENGINE=InnoDB DEFAULT CHARSET=utf8 COLLATE=utf8_unicode_ci;
/*!40101 SET character_set_client = @saved_cs_client */;

--
-- Dumping data for table `users`
--

LOCK TABLES `users` WRITE;
/*!40000 ALTER TABLE `users` DISABLE KEYS */;
INSERT INTO `users` VALUES (231,'2016-02-22','Поликарпович','','',''),(232,'2016-02-22','Петрович','','',''),(233,'2016-02-22','Кузьмич','','',''),(234,'2016-02-22','Семёнович','','',''),(235,'2016-02-22','Дмитриевна','','',''),(236,'2016-02-22','Владимирович','','',''),(237,'2016-02-22','Владимировна','','',''),(238,'2016-02-22','Олегович','','',''),(239,'2016-02-22','Афанасьевич','','',''),(240,'2016-03-06','Фёдорович','','',''),(241,'2016-03-06','Васильевич','','',''),(242,'2016-03-06','Владимирович','','',''),(243,'2016-03-06','Сергеевич','','',''),(244,'2016-03-06','Афанасьевич','','',''),(245,'2016-03-06','Леонидовна','','',''),(248,'2016-03-06','Владимирович','','',''),(249,'2016-03-06','Кузьмич','','',''),(250,'2016-03-06','Александрович','','',''),(251,'2016-03-06','Владимирович','','',''),(252,'2016-03-06','Семёнович','','',''),(253,'2016-03-06','Поликарповна','','',''),(254,'2016-03-06','Олегович','','',''),(255,'2016-03-06','Николаевич','','',''),(256,'2016-03-06','Кузьмич','','',''),(257,'2016-03-06','Иванович','','',''),(258,'2016-03-06','Владимировна','','',''),(259,'2016-03-06','Рафитович','','',''),(260,'2016-03-06','Петрович','','',''),(261,'2016-03-06','Иванович','','',''),(262,'2016-03-06','Петрович','','',''),(265,'2016-03-06','Владимировна','','',''),(266,'2016-05-08','','','',''),(268,'2016-05-08','Иванович','','',''),(269,'2016-05-08','Александрович','','',''),(270,'2016-06-15','Кузьмич','','',''),(273,'2016-06-15','Петрович','','',''),(274,'2016-06-15','Владимировна','','',''),(275,'2016-06-15','Фридрихович','','',''),(276,'2016-06-15','Геннадьевич','','',''),(277,'2016-06-15','Поликарпович','','',''),(278,'2016-06-15','Михайлович','','',''),(279,'2016-06-15','Семёновна','','',''),(280,'2016-06-15','Леонидовна','','','');
/*!40000 ALTER TABLE `users` ENABLE KEYS */;
UNLOCK TABLES;
/*!40103 SET TIME_ZONE=@OLD_TIME_ZONE */;

/*!40101 SET SQL_MODE=@OLD_SQL_MODE */;
/*!40014 SET FOREIGN_KEY_CHECKS=@OLD_FOREIGN_KEY_CHECKS */;
/*!40014 SET UNIQUE_CHECKS=@OLD_UNIQUE_CHECKS */;
/*!40101 SET CHARACTER_SET_CLIENT=@OLD_CHARACTER_SET_CLIENT */;
/*!40101 SET CHARACTER_SET_RESULTS=@OLD_CHARACTER_SET_RESULTS */;
/*!40101 SET COLLATION_CONNECTION=@OLD_COLLATION_CONNECTION */;
/*!40111 SET SQL_NOTES=@OLD_SQL_NOTES */;

-- Dump completed on 2016-06-16  8:38:26
