-- MySQL dump 10.13  Distrib 5.6.28, for debian-linux-gnu (x86_64)
--
-- Host: localhost    Database: spark
-- ------------------------------------------------------
-- Server version	5.6.28-1

/*!40101 SET @OLD_CHARACTER_SET_CLIENT=@@CHARACTER_SET_CLIENT */;
/*!40101 SET @OLD_CHARACTER_SET_RESULTS=@@CHARACTER_SET_RESULTS */;
/*!40101 SET @OLD_COLLATION_CONNECTION=@@COLLATION_CONNECTION */;
/*!40101 SET NAMES utf8 */;
/*!40103 SET @OLD_TIME_ZONE=@@TIME_ZONE */;
/*!40103 SET TIME_ZONE='+00:00' */;
/*!40014 SET @OLD_UNIQUE_CHECKS=@@UNIQUE_CHECKS, UNIQUE_CHECKS=0 */;
/*!40014 SET @OLD_FOREIGN_KEY_CHECKS=@@FOREIGN_KEY_CHECKS, FOREIGN_KEY_CHECKS=0 */;
/*!40101 SET @OLD_SQL_MODE=@@SQL_MODE, SQL_MODE='NO_AUTO_VALUE_ON_ZERO' */;
/*!40111 SET @OLD_SQL_NOTES=@@SQL_NOTES, SQL_NOTES=0 */;

--
-- Table structure for table `auditories`
--
use spark;
DROP TABLE IF EXISTS `auditories`;
/*!40101 SET @saved_cs_client     = @@character_set_client */;
/*!40101 SET character_set_client = utf8 */;
CREATE TABLE `auditories` (
  `id` int(11) NOT NULL AUTO_INCREMENT,
  `number` int(10) unsigned NOT NULL,
  PRIMARY KEY (`id`)
) ENGINE=InnoDB AUTO_INCREMENT=20 DEFAULT CHARSET=utf8 COLLATE=utf8_unicode_ci;
/*!40101 SET character_set_client = @saved_cs_client */;

--
-- Dumping data for table `auditories`
--

LOCK TABLES `auditories` WRITE;
/*!40000 ALTER TABLE `auditories` DISABLE KEYS */;
INSERT INTO `auditories` VALUES (1,1),(2,2),(3,3),(4,12),(5,32),(6,15),(7,16),(8,22),(9,18),(10,9),(11,13),(12,11),(13,101),(14,43),(15,34),(16,5),(17,19),(18,23),(19,33);
/*!40000 ALTER TABLE `auditories` ENABLE KEYS */;
UNLOCK TABLES;

--
-- Table structure for table `auth_group`
--

DROP TABLE IF EXISTS `auth_group`;
/*!40101 SET @saved_cs_client     = @@character_set_client */;
/*!40101 SET character_set_client = utf8 */;
CREATE TABLE `auth_group` (
  `id` int(11) NOT NULL AUTO_INCREMENT,
  `name` varchar(80) COLLATE utf8_unicode_ci NOT NULL,
  PRIMARY KEY (`id`),
  UNIQUE KEY `name` (`name`)
) ENGINE=InnoDB AUTO_INCREMENT=3 DEFAULT CHARSET=utf8 COLLATE=utf8_unicode_ci;
/*!40101 SET character_set_client = @saved_cs_client */;

--
-- Dumping data for table `auth_group`
--

LOCK TABLES `auth_group` WRITE;
/*!40000 ALTER TABLE `auth_group` DISABLE KEYS */;
INSERT INTO `auth_group` VALUES (1,'students'),(2,'tutors');
/*!40000 ALTER TABLE `auth_group` ENABLE KEYS */;
UNLOCK TABLES;

--
-- Table structure for table `auth_group_permissions`
--

DROP TABLE IF EXISTS `auth_group_permissions`;
/*!40101 SET @saved_cs_client     = @@character_set_client */;
/*!40101 SET character_set_client = utf8 */;
CREATE TABLE `auth_group_permissions` (
  `id` int(11) NOT NULL AUTO_INCREMENT,
  `group_id` int(11) NOT NULL,
  `permission_id` int(11) NOT NULL,
  PRIMARY KEY (`id`),
  UNIQUE KEY `group_id` (`group_id`,`permission_id`),
  KEY `auth_group__permission_id_45f1ced3212351a2_fk_auth_permission_id` (`permission_id`),
  CONSTRAINT `auth_group__permission_id_45f1ced3212351a2_fk_auth_permission_id` FOREIGN KEY (`permission_id`) REFERENCES `auth_permission` (`id`),
  CONSTRAINT `auth_group_permission_group_id_2773e581295474f2_fk_auth_group_id` FOREIGN KEY (`group_id`) REFERENCES `auth_group` (`id`)
) ENGINE=InnoDB DEFAULT CHARSET=utf8 COLLATE=utf8_unicode_ci;
/*!40101 SET character_set_client = @saved_cs_client */;

--
-- Dumping data for table `auth_group_permissions`
--

LOCK TABLES `auth_group_permissions` WRITE;
/*!40000 ALTER TABLE `auth_group_permissions` DISABLE KEYS */;
/*!40000 ALTER TABLE `auth_group_permissions` ENABLE KEYS */;
UNLOCK TABLES;

--
-- Table structure for table `auth_permission`
--

DROP TABLE IF EXISTS `auth_permission`;
/*!40101 SET @saved_cs_client     = @@character_set_client */;
/*!40101 SET character_set_client = utf8 */;
CREATE TABLE `auth_permission` (
  `id` int(11) NOT NULL AUTO_INCREMENT,
  `name` varchar(255) COLLATE utf8_unicode_ci NOT NULL,
  `content_type_id` int(11) NOT NULL,
  `codename` varchar(100) COLLATE utf8_unicode_ci NOT NULL,
  PRIMARY KEY (`id`),
  UNIQUE KEY `content_type_id` (`content_type_id`,`codename`),
  CONSTRAINT `auth__content_type_id_3c155ead69a12a4c_fk_django_content_type_id` FOREIGN KEY (`content_type_id`) REFERENCES `django_content_type` (`id`)
) ENGINE=InnoDB AUTO_INCREMENT=100 DEFAULT CHARSET=utf8 COLLATE=utf8_unicode_ci;
/*!40101 SET character_set_client = @saved_cs_client */;

--
-- Dumping data for table `auth_permission`
--

LOCK TABLES `auth_permission` WRITE;
/*!40000 ALTER TABLE `auth_permission` DISABLE KEYS */;
INSERT INTO `auth_permission` VALUES (1,'Can add permission',1,'add_permission'),(2,'Can change permission',1,'change_permission'),(3,'Can delete permission',1,'delete_permission'),(4,'Can add group',2,'add_group'),(5,'Can change group',2,'change_group'),(6,'Can delete group',2,'delete_group'),(7,'Can add user',3,'add_user'),(8,'Can change user',3,'change_user'),(9,'Can delete user',3,'delete_user'),(10,'Can add content type',4,'add_contenttype'),(11,'Can change content type',4,'change_contenttype'),(12,'Can delete content type',4,'delete_contenttype'),(13,'Can add session',5,'add_session'),(14,'Can change session',5,'change_session'),(15,'Can delete session',5,'delete_session'),(16,'Can add log entry',6,'add_logentry'),(17,'Can change log entry',6,'change_logentry'),(18,'Can delete log entry',6,'delete_logentry'),(19,'Can add Пользователь',7,'add_account'),(20,'Can change Пользователь',7,'change_account'),(21,'Can delete Пользователь',7,'delete_account'),(22,'Can add social user',8,'add_socialuser'),(23,'Can change social user',8,'change_socialuser'),(24,'Can delete social user',8,'delete_socialuser'),(25,'Can add auditory',9,'add_auditory'),(26,'Can change auditory',9,'change_auditory'),(27,'Can delete auditory',9,'delete_auditory'),(28,'Can add course',10,'add_course'),(29,'Can change course',10,'change_course'),(30,'Can delete course',10,'delete_course'),(31,'Can add speciality',11,'add_speciality'),(32,'Can change speciality',11,'change_speciality'),(33,'Can delete speciality',11,'delete_speciality'),(34,'Can add Дисциплины',12,'add_discipline'),(35,'Can change Дисциплины',12,'change_discipline'),(36,'Can delete Дисциплины',12,'delete_discipline'),(37,'Can add banned period discipline',13,'add_bannedperioddiscipline'),(38,'Can change banned period discipline',13,'change_bannedperioddiscipline'),(39,'Can delete banned period discipline',13,'delete_bannedperioddiscipline'),(61,'Can add lesson',21,'add_lesson'),(62,'Can change lesson',21,'change_lesson'),(63,'Can delete lesson',21,'delete_lesson'),(64,'Can add day',22,'add_day'),(65,'Can change day',22,'change_day'),(66,'Can delete day',22,'delete_day'),(70,'Can add pair',25,'add_pair'),(71,'Can change pair',25,'change_pair'),(72,'Can delete pair',25,'delete_pair'),(73,'Can add Студенческая группа',26,'add_studygroup'),(74,'Can change Студенческая группа',26,'change_studygroup'),(75,'Can delete Студенческая группа',26,'delete_studygroup'),(76,'Can add ignored day',27,'add_ignoredday'),(77,'Can change ignored day',27,'change_ignoredday'),(78,'Can delete ignored day',27,'delete_ignoredday'),(79,'Can add study day',28,'add_studyday'),(80,'Can change study day',28,'change_studyday'),(81,'Can delete study day',28,'delete_studyday'),(82,'Can add banned day',29,'add_bannedday'),(83,'Can change banned day',29,'change_bannedday'),(84,'Can delete banned day',29,'delete_bannedday'),(85,'Can add Расписание',30,'add_timetable'),(86,'Can change Расписание',30,'change_timetable'),(87,'Can delete Расписание',30,'delete_timetable'),(88,'Can add Преподователи',31,'add_tutor'),(89,'Can change Преподователи',31,'change_tutor'),(90,'Can delete Преподователи',31,'delete_tutor'),(91,'Can add token',24,'add_token'),(92,'Can change token',24,'change_token'),(93,'Can delete token',24,'delete_token'),(94,'Can add Студент',32,'add_student'),(95,'Can change Студент',32,'change_student'),(96,'Can delete Студент',32,'delete_student'),(97,'Can add study group',33,'add_studygroup'),(98,'Can change study group',33,'change_studygroup'),(99,'Can delete study group',33,'delete_studygroup');
/*!40000 ALTER TABLE `auth_permission` ENABLE KEYS */;
UNLOCK TABLES;

--
-- Table structure for table `auth_user`
--

DROP TABLE IF EXISTS `auth_user`;
/*!40101 SET @saved_cs_client     = @@character_set_client */;
/*!40101 SET character_set_client = utf8 */;
CREATE TABLE `auth_user` (
  `id` int(11) NOT NULL AUTO_INCREMENT,
  `password` varchar(128) COLLATE utf8_unicode_ci NOT NULL,
  `last_login` datetime(6) DEFAULT NULL,
  `is_superuser` tinyint(1) NOT NULL,
  `username` varchar(30) COLLATE utf8_unicode_ci NOT NULL,
  `first_name` varchar(30) COLLATE utf8_unicode_ci NOT NULL,
  `last_name` varchar(30) COLLATE utf8_unicode_ci NOT NULL,
  `email` varchar(254) COLLATE utf8_unicode_ci NOT NULL,
  `is_staff` tinyint(1) NOT NULL,
  `is_active` tinyint(1) NOT NULL,
  `date_joined` datetime(6) NOT NULL,
  PRIMARY KEY (`id`),
  UNIQUE KEY `username` (`username`)
) ENGINE=InnoDB AUTO_INCREMENT=270 DEFAULT CHARSET=utf8 COLLATE=utf8_unicode_ci;
/*!40101 SET character_set_client = @saved_cs_client */;

--
-- Dumping data for table `auth_user`
--

LOCK TABLES `auth_user` WRITE;
/*!40000 ALTER TABLE `auth_user` DISABLE KEYS */;
INSERT INTO `auth_user` VALUES (7,'pbkdf2_sha256$24000$a2D0ivA2jjVv$NrRt6S3AYAChNuCmBcNzV2oEeG0m1FxVBfh2BVfNhvA=','2016-05-21 16:01:54.579007',1,'user','','','',1,1,'2015-11-08 14:30:40.784633'),(186,'pbkdf2_sha256$20000$fenvISAxDQLr$ucOldTkkbI7TQHbdmv/BRaQF/iQvEa0z/i6I1Fo2FZs=',NULL,0,'schedule','','','',0,1,'2015-12-07 15:56:31.000000'),(203,'',NULL,0,'Олег Симов','Олег','Симов','',0,1,'2015-12-24 15:31:04.474636'),(209,'',NULL,0,'сячам ячмся','сячам','ячмся','',0,1,'2016-01-08 15:17:58.106206'),(217,'',NULL,0,'йцамва цавмаавмыxx','йцамва','цавмаавмыxx','',0,1,'2016-01-08 16:47:00.874807'),(223,'',NULL,0,'Олег Югайнов','Олег','Югайнов','',0,1,'2016-01-09 11:35:13.610315'),(224,'pbkdf2_sha256$24000$lIdnjz2DNNiG$/g2qk4+mvN22+18ZpuvefFRyj+PnSPa6r3cUcHNThz8=',NULL,0,'Кхмеров Олег','Олег','Кхмеров','',0,1,'2016-01-09 11:36:39.745396'),(227,'pbkdf2_sha256$24000$g21h1HHFaTBV$zb7P3U7HvvJjh25Ix1NUrwPSp6nS3SCTlXcrPdZhLHo=',NULL,0,'Петров Петр','Петр','Петров','',0,1,'2016-01-10 07:57:29.234002'),(228,'pbkdf2_sha256$24000$xgoLEiI65qt9$GH99jVniATueUcc7DzK/EuzjJaF7kXlaCEYzj+/IYiU=','2016-01-16 04:36:24.699872',0,'Сидоров Сидр','Сидр','Сидоров','xxx@xxx.xxx',0,1,'2016-01-10 09:57:40.417272'),(229,'',NULL,0,'йцуайайца уауауа','йцуайайца','уауауа','',0,1,'2016-02-12 10:19:58.272251'),(230,'pbkdf2_sha256$24000$CDKYHYQfPjVm$3oK9G1pxr358DT28Mclw1PJgKvart60XkUvnLtqLMAQ=',NULL,0,'Симонов  Олег','Олег','Симонов ','ss@sss.ru',0,1,'2016-02-12 10:31:43.253534'),(231,'',NULL,0,'Иван Кузьменко','Иван','Кузьменко','',0,1,'2016-02-22 09:41:31.747888'),(232,'',NULL,0,'Олег Ефросенко','Олег','Ефросенко','',0,1,'2016-02-22 09:42:15.691978'),(233,'',NULL,0,'Андрей Симонов','Андрей','Симонов','',0,1,'2016-02-22 09:42:38.999017'),(234,'',NULL,0,'Карл Алиготов','Карл','Алиготов','',0,1,'2016-02-22 09:43:33.711244'),(235,'',NULL,0,'Ольга Коновалова','Ольга','Коновалова','',0,1,'2016-02-22 09:44:18.288634'),(236,'',NULL,0,'Максим Костромин','Максим','Костромин','',0,1,'2016-02-22 09:44:49.239331'),(237,'',NULL,0,'Наталья Сычева','Наталья','Сычева','',0,1,'2016-02-22 09:45:33.036235'),(238,'',NULL,0,'Денис Симаков','Денис','Симаков','',0,1,'2016-02-22 09:46:19.017360'),(239,'',NULL,0,'Максим Шварц','Максим','Шварц','',0,1,'2016-02-22 09:47:20.436540'),(240,'',NULL,0,'Максим Петренко','Максим','Петренко','',0,1,'2016-03-06 05:20:56.142979'),(241,'',NULL,0,'Олег Сидоров','Олег','Сидоров','',0,1,'2016-03-06 05:22:31.068598'),(242,'',NULL,0,'Александр Рогачёв','Александр','Рогачёв','',0,1,'2016-03-06 05:22:56.646649'),(243,'',NULL,0,'Николай Валуев','Николай','Валуев','',0,1,'2016-03-06 05:24:55.281494'),(244,'',NULL,0,'Олег Симонов','Олег','Симонов','',0,1,'2016-03-06 05:25:15.545348'),(245,'',NULL,0,'Мария Коновалова','Мария','Коновалова','',0,1,'2016-03-06 05:25:52.768961'),(248,'',NULL,0,'Виктор Шварц','Виктор','Шварц','',0,1,'2016-03-06 05:29:52.640442'),(249,'',NULL,0,'Пётр Сухоруков','Пётр','Сухоруков','',0,1,'2016-03-06 05:30:28.687177'),(250,'',NULL,0,'Олег Маценко','Олег','Маценко','',0,1,'2016-03-06 05:32:45.066896'),(251,'',NULL,0,'Анатолий Симаков','Анатолий','Симаков','',0,1,'2016-03-06 05:33:26.088736'),(252,'',NULL,0,'Константин Озеров','Константин','Озеров','',0,1,'2016-03-06 05:33:54.685659'),(253,'',NULL,0,'Мария Сидорова','Мария','Сидорова','',0,1,'2016-03-06 05:34:20.230688'),(254,'',NULL,0,'Анатолий Кузьменко','Анатолий','Кузьменко','',0,1,'2016-03-06 05:34:37.458028'),(255,'',NULL,0,'Игорь Сухоруков','Игорь','Сухоруков','',0,1,'2016-03-06 05:35:00.084405'),(256,'',NULL,0,'Андрей Сидоров','Андрей','Сидоров','',0,1,'2016-03-06 05:35:22.344921'),(257,'',NULL,0,'Дмитрий Шварц','Дмитрий','Шварц','',0,1,'2016-03-06 05:36:10.436503'),(258,'',NULL,0,'Зоя Петренко','Зоя','Петренко','',0,1,'2016-03-06 05:36:29.998419'),(259,'',NULL,0,'Эльдар Насипов','Эльдар','Насипов','',0,1,'2016-03-06 05:36:54.559332'),(260,'',NULL,0,'Андрей Торосов','Андрей','Торосов','',0,1,'2016-03-06 05:37:30.608827'),(261,'',NULL,0,'Игорь Шварц','Игорь','Шварц','',0,1,'2016-03-06 05:37:57.217265'),(262,'',NULL,0,'Василий Клосс','Василий','Клосс','',0,1,'2016-03-06 05:38:58.458483'),(265,'',NULL,0,'Анастасия Коновалова','Анастасия','Коновалова','',0,1,'2016-03-06 05:39:56.050452'),(266,'pbkdf2_sha256$24000$4qD4QH7CxvbP$7R2QXJ3We9IP7ejBz1kD9nWRtriEFnyD/72lxMsSdEs=','2016-05-21 16:10:40.056130',0,'Виталий','Виталий','Сотников','',0,1,'2016-05-08 07:49:21.000000'),(267,'pbkdf2_sha256$24000$CD4MiEuxXde1$SHwEIgCWvP7PGP+tP+bf2K5v9f9KZlgSRGADtFKtNFY=',NULL,0,'Ivan_Ivanov','','','',0,1,'2016-05-08 08:48:13.077379'),(268,'pbkdf2_sha256$24000$4DWnBgu5Pvk7$pumMlhXkYlnJcUQrbFsgDNOxzZs67n/f2Skba0IRHs0=',NULL,0,'Иванов Иван','Иван','Иванов','',0,1,'2016-05-08 08:49:29.538494'),(269,'pbkdf2_sha256$24000$bcTlk2oLJGOZ$PY+ZRgexv7+huBbDql3YMkXnuoJWH30Qc7M5Xy92jY4=','2016-05-08 09:13:53.655900',0,'Таранов Иван','Иван','Таранов','taranov@example.com',0,1,'2016-05-08 08:54:16.492152');
/*!40000 ALTER TABLE `auth_user` ENABLE KEYS */;
UNLOCK TABLES;

--
-- Table structure for table `auth_user_groups`
--

DROP TABLE IF EXISTS `auth_user_groups`;
/*!40101 SET @saved_cs_client     = @@character_set_client */;
/*!40101 SET character_set_client = utf8 */;
CREATE TABLE `auth_user_groups` (
  `id` int(11) NOT NULL AUTO_INCREMENT,
  `user_id` int(11) NOT NULL,
  `group_id` int(11) NOT NULL,
  PRIMARY KEY (`id`),
  UNIQUE KEY `user_id` (`user_id`,`group_id`),
  KEY `auth_user_groups_group_id_7b5800753ce08501_fk_auth_group_id` (`group_id`),
  CONSTRAINT `auth_user_groups_group_id_7b5800753ce08501_fk_auth_group_id` FOREIGN KEY (`group_id`) REFERENCES `auth_group` (`id`),
  CONSTRAINT `auth_user_groups_user_id_11eba963a6e2db22_fk_auth_user_id` FOREIGN KEY (`user_id`) REFERENCES `auth_user` (`id`)
) ENGINE=InnoDB AUTO_INCREMENT=80 DEFAULT CHARSET=utf8 COLLATE=utf8_unicode_ci;
/*!40101 SET character_set_client = @saved_cs_client */;

--
-- Dumping data for table `auth_user_groups`
--

LOCK TABLES `auth_user_groups` WRITE;
/*!40000 ALTER TABLE `auth_user_groups` DISABLE KEYS */;
INSERT INTO `auth_user_groups` VALUES (17,203,2),(22,209,1),(30,217,2),(38,223,2),(39,224,2),(42,227,2),(43,228,1),(44,229,2),(45,230,1),(46,231,2),(47,232,2),(48,233,2),(49,234,2),(50,235,2),(51,236,2),(52,237,2),(53,238,2),(54,239,2),(55,240,2),(56,241,2),(57,242,2),(58,243,2),(59,244,2),(60,245,2),(61,248,2),(62,249,2),(63,250,2),(64,251,2),(65,252,2),(66,253,2),(67,254,2),(68,255,2),(69,256,2),(70,257,2),(71,258,2),(72,259,2),(73,260,2),(74,261,2),(75,262,2),(76,265,2),(77,266,1),(78,268,2),(79,269,2);
/*!40000 ALTER TABLE `auth_user_groups` ENABLE KEYS */;
UNLOCK TABLES;

--
-- Table structure for table `auth_user_user_permissions`
--

DROP TABLE IF EXISTS `auth_user_user_permissions`;
/*!40101 SET @saved_cs_client     = @@character_set_client */;
/*!40101 SET character_set_client = utf8 */;
CREATE TABLE `auth_user_user_permissions` (
  `id` int(11) NOT NULL AUTO_INCREMENT,
  `user_id` int(11) NOT NULL,
  `permission_id` int(11) NOT NULL,
  PRIMARY KEY (`id`),
  UNIQUE KEY `user_id` (`user_id`,`permission_id`),
  KEY `auth_user_u_permission_id_550e0735cccf4a20_fk_auth_permission_id` (`permission_id`),
  CONSTRAINT `auth_user_u_permission_id_550e0735cccf4a20_fk_auth_permission_id` FOREIGN KEY (`permission_id`) REFERENCES `auth_permission` (`id`),
  CONSTRAINT `auth_user_user_permissi_user_id_119ca3bf21d32e01_fk_auth_user_id` FOREIGN KEY (`user_id`) REFERENCES `auth_user` (`id`)
) ENGINE=InnoDB AUTO_INCREMENT=3 DEFAULT CHARSET=utf8 COLLATE=utf8_unicode_ci;
/*!40101 SET character_set_client = @saved_cs_client */;

--
-- Dumping data for table `auth_user_user_permissions`
--

LOCK TABLES `auth_user_user_permissions` WRITE;
/*!40000 ALTER TABLE `auth_user_user_permissions` DISABLE KEYS */;
INSERT INTO `auth_user_user_permissions` VALUES (1,186,19),(2,186,88);
/*!40000 ALTER TABLE `auth_user_user_permissions` ENABLE KEYS */;
UNLOCK TABLES;

--
-- Table structure for table `authtoken_token`
--

DROP TABLE IF EXISTS `authtoken_token`;
/*!40101 SET @saved_cs_client     = @@character_set_client */;
/*!40101 SET character_set_client = utf8 */;
CREATE TABLE `authtoken_token` (
  `key` varchar(40) COLLATE utf8_unicode_ci NOT NULL,
  `created` datetime(6) NOT NULL,
  `user_id` int(11) NOT NULL,
  PRIMARY KEY (`key`),
  UNIQUE KEY `user_id` (`user_id`),
  CONSTRAINT `authtoken_token_user_id_33122e7bbc0230d6_fk_auth_user_id` FOREIGN KEY (`user_id`) REFERENCES `auth_user` (`id`)
) ENGINE=InnoDB DEFAULT CHARSET=utf8 COLLATE=utf8_unicode_ci;
/*!40101 SET character_set_client = @saved_cs_client */;

--
-- Dumping data for table `authtoken_token`
--

LOCK TABLES `authtoken_token` WRITE;
/*!40000 ALTER TABLE `authtoken_token` DISABLE KEYS */;
INSERT INTO `authtoken_token` VALUES ('2cb39149ad82f39253b54a4f561ec6ff27185510','2015-11-18 16:53:38.157436',186);
/*!40000 ALTER TABLE `authtoken_token` ENABLE KEYS */;
UNLOCK TABLES;

--
-- Table structure for table `banned_periods_discipline`
--

DROP TABLE IF EXISTS `banned_periods_discipline`;
/*!40101 SET @saved_cs_client     = @@character_set_client */;
/*!40101 SET character_set_client = utf8 */;
CREATE TABLE `banned_periods_discipline` (
  `id` int(11) NOT NULL AUTO_INCREMENT,
  `day_id` int(11) NOT NULL,
  `discipline_id` int(11) NOT NULL,
  `pair_id` int(11) NOT NULL,
  PRIMARY KEY (`id`),
  KEY `banned_periods_discipli_day_id_2f5bf40a2622272e_fk_study_days_id` (`day_id`),
  KEY `banned_periods__discipline_id_39dedfc16f343821_fk_disciplines_id` (`discipline_id`),
  KEY `banned_periods_discipline_pair_id_6e77c063776c91a4_fk_pairs_id` (`pair_id`),
  CONSTRAINT `banned_periods__discipline_id_39dedfc16f343821_fk_disciplines_id` FOREIGN KEY (`discipline_id`) REFERENCES `disciplines` (`id`),
  CONSTRAINT `banned_periods_discipli_day_id_2f5bf40a2622272e_fk_study_days_id` FOREIGN KEY (`day_id`) REFERENCES `study_days` (`id`),
  CONSTRAINT `banned_periods_discipline_pair_id_6e77c063776c91a4_fk_pairs_id` FOREIGN KEY (`pair_id`) REFERENCES `pairs` (`id`)
) ENGINE=InnoDB AUTO_INCREMENT=5 DEFAULT CHARSET=utf8 COLLATE=utf8_unicode_ci;
/*!40101 SET character_set_client = @saved_cs_client */;

--
-- Dumping data for table `banned_periods_discipline`
--

LOCK TABLES `banned_periods_discipline` WRITE;
/*!40000 ALTER TABLE `banned_periods_discipline` DISABLE KEYS */;
INSERT INTO `banned_periods_discipline` VALUES (1,2,30,8),(2,2,35,8),(3,5,28,12),(4,1,36,8);
/*!40000 ALTER TABLE `banned_periods_discipline` ENABLE KEYS */;
UNLOCK TABLES;

--
-- Table structure for table `courses`
--

DROP TABLE IF EXISTS `courses`;
/*!40101 SET @saved_cs_client     = @@character_set_client */;
/*!40101 SET character_set_client = utf8 */;
CREATE TABLE `courses` (
  `id` int(11) NOT NULL AUTO_INCREMENT,
  `title` varchar(20) COLLATE utf8_unicode_ci DEFAULT NULL,
  PRIMARY KEY (`id`)
) ENGINE=InnoDB AUTO_INCREMENT=8 DEFAULT CHARSET=utf8 COLLATE=utf8_unicode_ci;
/*!40101 SET character_set_client = @saved_cs_client */;

--
-- Dumping data for table `courses`
--

LOCK TABLES `courses` WRITE;
/*!40000 ALTER TABLE `courses` DISABLE KEYS */;
INSERT INTO `courses` VALUES (1,'Первый курс'),(2,'Второй курс'),(3,'Первый курс'),(4,'Второй курс'),(5,'Первый курс'),(6,'Второй курс'),(7,'Третий курс');
/*!40000 ALTER TABLE `courses` ENABLE KEYS */;
UNLOCK TABLES;

--
-- Table structure for table `courses_groups`
--

DROP TABLE IF EXISTS `courses_groups`;
/*!40101 SET @saved_cs_client     = @@character_set_client */;
/*!40101 SET character_set_client = utf8 */;
CREATE TABLE `courses_groups` (
  `id` int(11) NOT NULL AUTO_INCREMENT,
  `course_id` int(11) NOT NULL,
  `studygroup_id` int(11) NOT NULL,
  PRIMARY KEY (`id`),
  UNIQUE KEY `course_id` (`course_id`,`studygroup_id`),
  KEY `courses_groups_studygroup_id_16dd96c6b0c3b117_fk_study_groups_id` (`studygroup_id`),
  CONSTRAINT `courses_groups_course_id_39bf5ec6a61d4141_fk_courses_id` FOREIGN KEY (`course_id`) REFERENCES `courses` (`id`),
  CONSTRAINT `courses_groups_studygroup_id_16dd96c6b0c3b117_fk_study_groups_id` FOREIGN KEY (`studygroup_id`) REFERENCES `study_groups` (`id`)
) ENGINE=InnoDB AUTO_INCREMENT=15 DEFAULT CHARSET=utf8 COLLATE=utf8_unicode_ci;
/*!40101 SET character_set_client = @saved_cs_client */;

--
-- Dumping data for table `courses_groups`
--

LOCK TABLES `courses_groups` WRITE;
/*!40000 ALTER TABLE `courses_groups` DISABLE KEYS */;
INSERT INTO `courses_groups` VALUES (1,1,1),(2,1,2),(3,2,3),(10,2,41),(4,3,4),(11,3,42),(5,4,5),(12,4,43),(6,5,6),(13,5,44),(7,6,7),(14,6,45),(9,7,38),(8,7,40);
/*!40000 ALTER TABLE `courses_groups` ENABLE KEYS */;
UNLOCK TABLES;

--
-- Table structure for table `days`
--

DROP TABLE IF EXISTS `days`;
/*!40101 SET @saved_cs_client     = @@character_set_client */;
/*!40101 SET character_set_client = utf8 */;
CREATE TABLE `days` (
  `id` int(11) NOT NULL AUTO_INCREMENT,
  `date` date NOT NULL,
  PRIMARY KEY (`id`)
) ENGINE=InnoDB AUTO_INCREMENT=383 DEFAULT CHARSET=utf8 COLLATE=utf8_unicode_ci;
/*!40101 SET character_set_client = @saved_cs_client */;

--
-- Dumping data for table `days`
--

LOCK TABLES `days` WRITE;
/*!40000 ALTER TABLE `days` DISABLE KEYS */;
INSERT INTO `days` VALUES (324,'2015-09-01'),(325,'2015-09-02'),(326,'2015-09-03'),(327,'2015-09-04'),(328,'2015-09-05'),(329,'2015-09-07'),(330,'2015-09-08'),(331,'2015-09-09'),(332,'2015-09-10'),(333,'2015-09-11'),(334,'2015-09-12'),(335,'2015-09-14'),(336,'2015-09-15'),(337,'2015-09-16'),(338,'2015-09-17'),(339,'2015-09-18'),(340,'2015-09-19'),(341,'2015-09-21'),(342,'2015-09-22'),(343,'2015-09-23'),(344,'2015-09-24'),(345,'2015-09-25'),(346,'2015-09-26'),(347,'2015-09-28'),(348,'2015-09-29'),(349,'2015-09-30'),(350,'2015-10-01'),(351,'2015-10-02'),(352,'2015-10-03'),(353,'2015-10-05'),(354,'2015-10-06'),(355,'2015-10-07'),(356,'2015-10-08'),(357,'2015-10-09'),(358,'2015-10-10'),(359,'2015-10-12'),(360,'2015-10-13'),(361,'2015-10-14'),(362,'2015-10-15'),(363,'2015-10-16'),(364,'2015-10-17'),(365,'2015-10-19'),(366,'2015-10-20'),(367,'2015-10-21'),(368,'2015-10-22'),(369,'2015-10-23'),(370,'2015-10-24'),(371,'2015-10-26'),(372,'2015-10-27'),(373,'2015-10-28'),(374,'2015-10-29'),(375,'2015-10-30'),(376,'2015-10-31'),(377,'2015-11-02'),(378,'2015-11-03'),(379,'2015-11-04'),(380,'2015-11-05'),(381,'2015-11-06'),(382,'2015-11-07');
/*!40000 ALTER TABLE `days` ENABLE KEYS */;
UNLOCK TABLES;

--
-- Table structure for table `days_lessons`
--

DROP TABLE IF EXISTS `days_lessons`;
/*!40101 SET @saved_cs_client     = @@character_set_client */;
/*!40101 SET character_set_client = utf8 */;
CREATE TABLE `days_lessons` (
  `id` int(11) NOT NULL AUTO_INCREMENT,
  `day_id` int(11) NOT NULL,
  `lesson_id` int(11) NOT NULL,
  PRIMARY KEY (`id`),
  UNIQUE KEY `day_id` (`day_id`,`lesson_id`),
  KEY `schedule_day_les_lesson_id_bba1f2ce9c3098e_fk_schedule_lesson_id` (`lesson_id`),
  CONSTRAINT `schedule_day_les_lesson_id_bba1f2ce9c3098e_fk_schedule_lesson_id` FOREIGN KEY (`lesson_id`) REFERENCES `lessons` (`id`),
  CONSTRAINT `schedule_day_lessons_day_id_263b5849ded8941a_fk_schedule_day_id` FOREIGN KEY (`day_id`) REFERENCES `days` (`id`)
) ENGINE=InnoDB AUTO_INCREMENT=10175 DEFAULT CHARSET=utf8 COLLATE=utf8_unicode_ci;
/*!40101 SET character_set_client = @saved_cs_client */;

--
-- Dumping data for table `days_lessons`
--

LOCK TABLES `days_lessons` WRITE;
/*!40000 ALTER TABLE `days_lessons` DISABLE KEYS */;
INSERT INTO `days_lessons` VALUES (7105,324,7104),(7106,324,7105),(7107,324,7106),(7108,324,7107),(7109,324,7108),(7110,324,7109),(7111,324,7110),(7112,324,7111),(7113,324,7112),(7114,324,7113),(7115,324,7114),(7116,324,7115),(7117,324,7116),(7118,324,7117),(7119,324,7118),(7120,324,7119),(7121,324,7120),(7122,324,7121),(7123,324,7122),(7124,324,7123),(7125,324,7124),(7126,324,7125),(7127,324,7126),(7128,324,7127),(7129,324,7128),(7130,324,7129),(7131,324,7130),(7132,324,7131),(7133,324,7132),(7134,324,7133),(7135,324,7134),(7136,324,7135),(7137,324,7136),(7138,324,7137),(7139,324,7138),(7140,324,7139),(7141,324,7140),(7142,324,7141),(7143,324,7142),(7144,324,7143),(7145,324,7144),(7146,324,7145),(7147,324,7146),(7148,324,7147),(7149,324,7148),(7150,324,7149),(7151,324,7150),(7152,324,7151),(7153,324,7152),(7154,324,7153),(7155,324,7154),(7156,324,7155),(7157,324,7156),(7158,324,7157),(7159,324,7158),(7160,324,7159),(7161,324,7160),(7162,324,7161),(7163,324,7162),(7164,324,7163),(7165,324,7164),(7166,324,7165),(7167,324,7166),(7168,324,7167),(7169,324,7168),(7170,324,7169),(7171,324,7170),(7172,324,7171),(7173,324,7172),(7174,324,7173),(7175,324,7174),(7176,324,7175),(7177,324,7176),(7178,324,7177),(7179,324,7178),(7180,324,7179),(7181,324,7180),(7182,324,7181),(7183,324,7182),(7184,324,7183),(7185,324,7184),(7186,324,7185),(7187,324,7186),(7188,324,7187),(7189,324,7188),(7190,324,7189),(7191,324,7190),(7192,324,7191),(7193,324,7192),(7194,324,7193),(7195,324,7194),(7196,324,7195),(7197,324,7196),(7198,324,7197),(7199,324,7198),(7200,325,7199),(7201,325,7200),(7202,325,7201),(7203,325,7202),(7204,325,7203),(7205,325,7204),(7206,325,7205),(7207,325,7206),(7208,325,7207),(7209,325,7208),(7210,325,7209),(7211,325,7210),(7212,325,7211),(7213,325,7212),(7214,325,7213),(7215,325,7214),(7216,325,7215),(7217,325,7216),(7218,325,7217),(7219,325,7218),(7220,325,7219),(7221,325,7220),(7222,325,7221),(7223,325,7222),(7224,325,7223),(7225,325,7224),(7226,325,7225),(7227,325,7226),(7228,325,7227),(7229,325,7228),(7230,325,7229),(7231,325,7230),(7232,325,7231),(7233,325,7232),(7234,325,7233),(7235,325,7234),(7236,325,7235),(7237,325,7236),(7238,325,7237),(7239,325,7238),(7240,325,7239),(7241,325,7240),(7242,325,7241),(7243,325,7242),(7244,325,7243),(7245,325,7244),(7246,325,7245),(7247,325,7246),(7248,325,7247),(7249,325,7248),(7250,325,7249),(7251,325,7250),(7252,325,7251),(7253,325,7252),(7254,325,7253),(7255,325,7254),(7256,325,7255),(7257,325,7256),(7258,325,7257),(7259,325,7258),(7260,325,7259),(7261,325,7260),(7262,325,7261),(7263,325,7262),(7264,325,7263),(7265,325,7264),(7266,325,7265),(7267,325,7266),(7268,325,7267),(7269,325,7268),(7270,325,7269),(7271,325,7270),(7272,325,7271),(7273,325,7272),(7274,325,7273),(7275,325,7274),(7276,325,7275),(7277,325,7276),(7278,325,7277),(7279,325,7278),(7280,325,7279),(7281,325,7280),(7282,325,7281),(7283,325,7282),(7284,325,7283),(7285,325,7284),(7286,325,7285),(7287,325,7286),(7288,325,7287),(7289,325,7288),(7290,325,7289),(7291,325,7290),(7292,325,7291),(7293,325,7292),(7294,325,7293),(7295,325,7294),(7296,325,7295),(7297,325,7296),(7298,325,7297),(7299,325,7298),(7300,325,7299),(7301,325,7300),(7302,325,7301),(7303,325,7302),(7304,326,7303),(7305,326,7304),(7306,326,7305),(7307,326,7306),(7308,326,7307),(7309,326,7308),(7310,326,7309),(7311,326,7310),(7312,326,7311),(7313,326,7312),(7314,326,7313),(7315,326,7314),(7316,326,7315),(7317,326,7316),(7318,326,7317),(7319,326,7318),(7320,326,7319),(7321,326,7320),(7322,326,7321),(7323,326,7322),(7324,326,7323),(7325,326,7324),(7326,326,7325),(7327,326,7326),(7328,326,7327),(7329,326,7328),(7330,326,7329),(7331,326,7330),(7332,326,7331),(7333,326,7332),(7334,326,7333),(7335,326,7334),(7336,326,7335),(7337,326,7336),(7338,326,7337),(7339,326,7338),(7340,326,7339),(7341,326,7340),(7342,326,7341),(7343,326,7342),(7344,326,7343),(7345,326,7344),(7346,326,7345),(7347,326,7346),(7348,326,7347),(7349,326,7348),(7350,326,7349),(7351,326,7350),(7352,326,7351),(7353,326,7352),(7354,326,7353),(7355,326,7354),(7356,326,7355),(7357,326,7356),(7358,326,7357),(7359,326,7358),(7360,326,7359),(7361,326,7360),(7362,326,7361),(7363,326,7362),(7364,326,7363),(7365,326,7364),(7366,326,7365),(7367,326,7366),(7368,326,7367),(7369,326,7368),(7370,326,7369),(7371,326,7370),(7372,326,7371),(7373,326,7372),(7374,326,7373),(7375,326,7374),(7376,326,7375),(7377,326,7376),(7378,326,7377),(7379,326,7378),(7380,326,7379),(7381,326,7380),(7382,326,7381),(7383,326,7382),(7384,326,7383),(7385,326,7384),(7386,326,7385),(7387,326,7386),(7388,326,7387),(7389,326,7388),(7390,326,7389),(7391,326,7390),(7392,326,7391),(7393,326,7392),(7394,326,7393),(7395,326,7394),(7396,326,7395),(7397,326,7396),(7398,326,7397),(7399,326,7398),(7400,326,7399),(7401,326,7400),(7402,326,7401),(7403,326,7402),(7404,326,7403),(7405,326,7404),(7406,326,7405),(7407,326,7406),(7408,326,7407),(7409,326,7408),(7410,327,7409),(7411,327,7410),(7412,327,7411),(7413,327,7412),(7414,327,7413),(7415,327,7414),(7416,327,7415),(7417,327,7416),(7418,327,7417),(7419,327,7418),(7420,327,7419),(7421,327,7420),(7422,327,7421),(7423,327,7422),(7424,327,7423),(7425,327,7424),(7426,327,7425),(7427,327,7426),(7428,327,7427),(7429,327,7428),(7430,327,7429),(7431,327,7430),(7432,327,7431),(7433,327,7432),(7434,327,7433),(7435,327,7434),(7436,327,7435),(7437,327,7436),(7438,327,7437),(7439,327,7438),(7440,327,7439),(7441,327,7440),(7442,327,7441),(7443,327,7442),(7444,327,7443),(7445,327,7444),(7446,327,7445),(7447,327,7446),(7448,327,7447),(7449,327,7448),(7450,327,7449),(7451,327,7450),(7452,327,7451),(7453,327,7452),(7454,327,7453),(7455,327,7454),(7456,327,7455),(7457,327,7456),(7458,327,7457),(7459,327,7458),(7460,327,7459),(7461,327,7460),(7462,327,7461),(7463,327,7462),(7464,327,7463),(7465,327,7464),(7466,327,7465),(7467,327,7466),(7468,327,7467),(7469,327,7468),(7470,327,7469),(7471,327,7470),(7472,327,7471),(7473,327,7472),(7474,327,7473),(7475,327,7474),(7476,327,7475),(7477,327,7476),(7478,327,7477),(7479,327,7478),(7480,327,7479),(7481,327,7480),(7482,327,7481),(7483,327,7482),(7484,327,7483),(7485,327,7484),(7486,327,7485),(7487,327,7486),(7488,327,7487),(7489,327,7488),(7490,327,7489),(7491,327,7490),(7492,327,7491),(7493,327,7492),(7494,327,7493),(7495,327,7494),(7496,327,7495),(7497,327,7496),(7498,327,7497),(7499,327,7498),(7500,327,7499),(7501,327,7500),(7502,327,7501),(7503,327,7502),(7504,327,7503),(7505,327,7504),(7506,327,7505),(7507,327,7506),(7508,327,7507),(7509,327,7508),(7510,328,7509),(7511,328,7510),(7512,328,7511),(7513,328,7512),(7514,328,7513),(7515,328,7514),(7516,328,7515),(7517,328,7516),(7518,328,7517),(7519,328,7518),(7520,328,7519),(7521,328,7520),(7522,328,7521),(7523,328,7522),(7524,328,7523),(7525,328,7524),(7526,328,7525),(7527,328,7526),(7528,328,7527),(7529,328,7528),(7530,328,7529),(7531,328,7530),(7532,328,7531),(7533,328,7532),(7534,328,7533),(7535,328,7534),(7536,328,7535),(7537,328,7536),(7538,328,7537),(7539,328,7538),(7540,328,7539),(7541,328,7540),(7542,328,7541),(7543,328,7542),(7544,328,7543),(7545,328,7544),(7546,328,7545),(7547,328,7546),(7548,328,7547),(7549,328,7548),(7550,328,7549),(7551,328,7550),(7552,328,7551),(7553,328,7552),(7554,328,7553),(7555,328,7554),(7556,328,7555),(7557,328,7556),(7558,328,7557),(7559,328,7558),(7560,328,7559),(7561,328,7560),(7562,328,7561),(7563,328,7562),(7564,328,7563),(7565,328,7564),(7566,328,7565),(7567,328,7566),(7568,328,7567),(7569,328,7568),(7570,328,7569),(7571,328,7570),(7572,328,7571),(7573,328,7572),(7574,328,7573),(7575,328,7574),(7576,328,7575),(7577,328,7576),(7578,328,7577),(7579,328,7578),(7580,328,7579),(7581,328,7580),(7582,328,7581),(7583,328,7582),(7584,328,7583),(7585,328,7584),(7586,328,7585),(7587,328,7586),(7588,328,7587),(7589,328,7588),(7590,328,7589),(7591,328,7590),(7592,328,7591),(7593,328,7592),(7594,328,7593),(7595,328,7594),(7596,328,7595),(7597,328,7596),(7598,328,7597),(7599,328,7598),(7600,328,7599),(7601,328,7600),(7602,328,7601),(7603,328,7602),(7604,328,7603),(7605,328,7604),(7606,328,7605),(7607,328,7606),(7608,328,7607),(7609,328,7608),(7610,328,7609),(7611,328,7610),(7612,328,7611),(7613,328,7612),(7614,328,7613),(7615,329,7614),(7616,329,7615),(7617,329,7616),(7618,329,7617),(7619,329,7618),(7620,329,7619),(7621,329,7620),(7622,329,7621),(7623,329,7622),(7624,329,7623),(7625,329,7624),(7626,329,7625),(7627,329,7626),(7628,329,7627),(7629,329,7628),(7630,329,7629),(7631,329,7630),(7632,329,7631),(7633,329,7632),(7634,329,7633),(7635,329,7634),(7636,329,7635),(7637,329,7636),(7638,329,7637),(7639,329,7638),(7640,329,7639),(7641,329,7640),(7642,329,7641),(7643,329,7642),(7644,329,7643),(7645,329,7644),(7646,329,7645),(7647,329,7646),(7648,329,7647),(7649,329,7648),(7650,329,7649),(7651,329,7650),(7652,329,7651),(7653,329,7652),(7654,329,7653),(7655,329,7654),(7656,329,7655),(7657,329,7656),(7658,329,7657),(7659,329,7658),(7660,329,7659),(7661,329,7660),(7662,329,7661),(7663,329,7662),(7664,329,7663),(7665,329,7664),(7666,329,7665),(7667,329,7666),(7668,329,7667),(7669,329,7668),(7670,329,7669),(7671,329,7670),(7672,329,7671),(7673,329,7672),(7674,329,7673),(7675,329,7674),(7676,329,7675),(7677,329,7676),(7678,329,7677),(7679,329,7678),(7680,329,7679),(7681,329,7680),(7682,329,7681),(7683,329,7682),(7684,329,7683),(7685,329,7684),(7686,329,7685),(7687,329,7686),(7688,329,7687),(7689,329,7688),(7690,329,7689),(7691,329,7690),(7692,329,7691),(7693,329,7692),(7694,329,7693),(7695,329,7694),(7696,329,7695),(7697,329,7696),(7698,329,7697),(7699,329,7698),(7700,329,7699),(7701,329,7700),(7702,329,7701),(7703,329,7702),(7704,329,7703),(7705,329,7704),(7706,329,7705),(7707,329,7706),(7708,329,7707),(7709,329,7708),(7710,329,7709),(7711,329,7710),(7712,329,7711),(7713,330,7712),(7714,330,7713),(7715,330,7714),(7716,330,7715),(7717,330,7716),(7718,330,7717),(7719,330,7718),(7720,330,7719),(7721,330,7720),(7722,330,7721),(7723,330,7722),(7724,330,7723),(7725,330,7724),(7726,330,7725),(7727,330,7726),(7728,330,7727),(7729,330,7728),(7730,330,7729),(7731,330,7730),(7732,330,7731),(7733,330,7732),(7734,330,7733),(7735,330,7734),(7736,330,7735),(7737,330,7736),(7738,330,7737),(7739,330,7738),(7740,330,7739),(7741,330,7740),(7742,330,7741),(7743,330,7742),(7744,330,7743),(7745,330,7744),(7746,330,7745),(7747,330,7746),(7748,330,7747),(7749,330,7748),(7750,330,7749),(7751,330,7750),(7752,330,7751),(7753,330,7752),(7754,330,7753),(7755,330,7754),(7756,330,7755),(7757,330,7756),(7758,330,7757),(7759,330,7758),(7760,330,7759),(7761,330,7760),(7762,330,7761),(7763,330,7762),(7764,330,7763),(7765,330,7764),(7766,330,7765),(7767,330,7766),(7768,330,7767),(7769,330,7768),(7770,330,7769),(7771,330,7770),(7772,330,7771),(7773,330,7772),(7774,330,7773),(7775,330,7774),(7776,330,7775),(7777,330,7776),(7778,330,7777),(7779,330,7778),(7780,330,7779),(7781,330,7780),(7782,330,7781),(7783,330,7782),(7784,330,7783),(7785,330,7784),(7786,330,7785),(7787,330,7786),(7788,330,7787),(7789,330,7788),(7790,330,7789),(7791,330,7790),(7792,330,7791),(7793,330,7792),(7794,330,7793),(7795,330,7794),(7796,330,7795),(7797,330,7796),(7798,330,7797),(7799,330,7798),(7800,330,7799),(7801,330,7800),(7802,330,7801),(7803,330,7802),(7804,330,7803),(7805,330,7804),(7806,330,7805),(7807,330,7806),(7808,330,7807),(7809,331,7808),(7810,331,7809),(7811,331,7810),(7812,331,7811),(7813,331,7812),(7814,331,7813),(7815,331,7814),(7816,331,7815),(7817,331,7816),(7818,331,7817),(7819,331,7818),(7820,331,7819),(7821,331,7820),(7822,331,7821),(7823,331,7822),(7824,331,7823),(7825,331,7824),(7826,331,7825),(7827,331,7826),(7828,331,7827),(7829,331,7828),(7830,331,7829),(7831,331,7830),(7832,331,7831),(7833,331,7832),(7834,331,7833),(7835,331,7834),(7836,331,7835),(7837,331,7836),(7838,331,7837),(7839,331,7838),(7840,331,7839),(7841,331,7840),(7842,331,7841),(7843,331,7842),(7844,331,7843),(7845,331,7844),(7846,331,7845),(7847,331,7846),(7848,331,7847),(7849,331,7848),(7850,331,7849),(7851,331,7850),(7852,331,7851),(7853,331,7852),(7854,331,7853),(7855,331,7854),(7856,331,7855),(7857,331,7856),(7858,331,7857),(7859,331,7858),(7860,331,7859),(7861,331,7860),(7862,331,7861),(7863,331,7862),(7864,331,7863),(7865,331,7864),(7866,331,7865),(7867,331,7866),(7868,331,7867),(7869,331,7868),(7870,331,7869),(7871,331,7870),(7872,331,7871),(7873,331,7872),(7874,331,7873),(7875,331,7874),(7876,331,7875),(7877,331,7876),(7878,331,7877),(7879,331,7878),(7880,331,7879),(7881,331,7880),(7882,331,7881),(7883,331,7882),(7884,331,7883),(7885,331,7884),(7886,331,7885),(7887,331,7886),(7888,331,7887),(7889,331,7888),(7890,331,7889),(7891,331,7890),(7892,331,7891),(7893,331,7892),(7894,331,7893),(7895,331,7894),(7896,331,7895),(7897,331,7896),(7898,331,7897),(7899,331,7898),(7900,331,7899),(7901,331,7900),(7902,331,7901),(7903,331,7902),(7904,331,7903),(7905,331,7904),(7906,331,7905),(7907,331,7906),(7908,331,7907),(7909,331,7908),(7910,331,7909),(7911,331,7910),(7912,331,7911),(7913,331,7912),(7914,332,7913),(7915,332,7914),(7916,332,7915),(7917,332,7916),(7918,332,7917),(7919,332,7918),(7920,332,7919),(7921,332,7920),(7922,332,7921),(7923,332,7922),(7924,332,7923),(7925,332,7924),(7926,332,7925),(7927,332,7926),(7928,332,7927),(7929,332,7928),(7930,332,7929),(7931,332,7930),(7932,332,7931),(7933,332,7932),(7934,332,7933),(7935,332,7934),(7936,332,7935),(7937,332,7936),(7938,332,7937),(7939,332,7938),(7940,332,7939),(7941,332,7940),(7942,332,7941),(7943,332,7942),(7944,332,7943),(7945,332,7944),(7946,332,7945),(7947,332,7946),(7948,332,7947),(7949,332,7948),(7950,332,7949),(7951,332,7950),(7952,332,7951),(7953,332,7952),(7954,332,7953),(7955,332,7954),(7956,332,7955),(7957,332,7956),(7958,332,7957),(7959,332,7958),(7960,332,7959),(7961,332,7960),(7962,332,7961),(7963,332,7962),(7964,332,7963),(7965,332,7964),(7966,332,7965),(7967,332,7966),(7968,332,7967),(7969,332,7968),(7970,332,7969),(7971,332,7970),(7972,332,7971),(7973,332,7972),(7974,332,7973),(7975,332,7974),(7976,332,7975),(7977,332,7976),(7978,332,7977),(7979,332,7978),(7980,332,7979),(7981,332,7980),(7982,332,7981),(7983,332,7982),(7984,332,7983),(7985,332,7984),(7986,332,7985),(7987,332,7986),(7988,332,7987),(7989,332,7988),(7990,332,7989),(7991,332,7990),(7992,332,7991),(7993,332,7992),(7994,332,7993),(7995,332,7994),(7996,332,7995),(7997,332,7996),(7998,332,7997),(7999,332,7998),(8000,332,7999),(8001,332,8000),(8002,332,8001),(8003,332,8002),(8004,332,8003),(8005,332,8004),(8006,332,8005),(8007,332,8006),(8008,332,8007),(8009,332,8008),(8010,332,8009),(8011,332,8010),(8012,332,8011),(8013,332,8012),(8014,332,8013),(8015,332,8014),(8016,332,8015),(8017,333,8016),(8018,333,8017),(8019,333,8018),(8020,333,8019),(8021,333,8020),(8022,333,8021),(8023,333,8022),(8024,333,8023),(8025,333,8024),(8026,333,8025),(8027,333,8026),(8028,333,8027),(8029,333,8028),(8030,333,8029),(8031,333,8030),(8032,333,8031),(8033,333,8032),(8034,333,8033),(8035,333,8034),(8036,333,8035),(8037,333,8036),(8038,333,8037),(8039,333,8038),(8040,333,8039),(8041,333,8040),(8042,333,8041),(8043,333,8042),(8044,333,8043),(8045,333,8044),(8046,333,8045),(8047,333,8046),(8048,333,8047),(8049,333,8048),(8050,333,8049),(8051,333,8050),(8052,333,8051),(8053,333,8052),(8054,333,8053),(8055,333,8054),(8056,333,8055),(8057,333,8056),(8058,333,8057),(8059,333,8058),(8060,333,8059),(8061,333,8060),(8062,333,8061),(8063,333,8062),(8064,333,8063),(8065,333,8064),(8066,333,8065),(8067,333,8066),(8068,333,8067),(8069,333,8068),(8070,333,8069),(8071,333,8070),(8072,333,8071),(8073,333,8072),(8074,333,8073),(8075,333,8074),(8076,333,8075),(8077,333,8076),(8078,333,8077),(8079,333,8078),(8080,333,8079),(8081,333,8080),(8082,333,8081),(8083,333,8082),(8084,333,8083),(8085,333,8084),(8086,333,8085),(8087,333,8086),(8088,333,8087),(8089,333,8088),(8090,333,8089),(8091,333,8090),(8092,333,8091),(8093,333,8092),(8094,333,8093),(8095,333,8094),(8096,333,8095),(8097,333,8096),(8098,333,8097),(8099,333,8098),(8100,333,8099),(8101,333,8100),(8102,333,8101),(8103,333,8102),(8104,333,8103),(8105,333,8104),(8106,333,8105),(8107,333,8106),(8108,333,8107),(8109,333,8108),(8110,333,8109),(8111,333,8110),(8112,333,8111),(8113,333,8112),(8114,333,8113),(8115,333,8114),(8116,334,8115),(8117,334,8116),(8118,334,8117),(8119,334,8118),(8120,334,8119),(8121,334,8120),(8122,334,8121),(8123,334,8122),(8124,334,8123),(8125,334,8124),(8126,334,8125),(8127,334,8126),(8128,334,8127),(8129,334,8128),(8130,334,8129),(8131,334,8130),(8132,334,8131),(8133,334,8132),(8134,334,8133),(8135,334,8134),(8136,334,8135),(8137,334,8136),(8138,334,8137),(8139,334,8138),(8140,334,8139),(8141,334,8140),(8142,334,8141),(8143,334,8142),(8144,334,8143),(8145,334,8144),(8146,334,8145),(8147,334,8146),(8148,334,8147),(8149,334,8148),(8150,334,8149),(8151,334,8150),(8152,334,8151),(8153,334,8152),(8154,334,8153),(8155,334,8154),(8156,334,8155),(8157,334,8156),(8158,334,8157),(8159,334,8158),(8160,334,8159),(8161,334,8160),(8162,334,8161),(8163,334,8162),(8164,334,8163),(8165,334,8164),(8166,334,8165),(8167,334,8166),(8168,334,8167),(8169,334,8168),(8170,334,8169),(8171,334,8170),(8172,334,8171),(8173,334,8172),(8174,334,8173),(8175,334,8174),(8176,334,8175),(8177,334,8176),(8178,334,8177),(8179,334,8178),(8180,334,8179),(8181,334,8180),(8182,334,8181),(8183,334,8182),(8184,334,8183),(8185,334,8184),(8186,334,8185),(8187,334,8186),(8188,334,8187),(8189,334,8188),(8190,334,8189),(8191,334,8190),(8192,334,8191),(8193,334,8192),(8194,334,8193),(8195,334,8194),(8196,334,8195),(8197,334,8196),(8198,334,8197),(8199,334,8198),(8200,334,8199),(8201,334,8200),(8202,334,8201),(8203,334,8202),(8204,334,8203),(8205,334,8204),(8206,334,8205),(8207,334,8206),(8208,334,8207),(8209,334,8208),(8210,334,8209),(8211,334,8210),(8212,334,8211),(8213,334,8212),(8214,334,8213),(8215,334,8214),(8216,334,8215),(8217,334,8216),(8218,335,8217),(8219,335,8218),(8220,335,8219),(8221,335,8220),(8222,335,8221),(8223,335,8222),(8224,335,8223),(8225,335,8224),(8226,335,8225),(8227,335,8226),(8228,335,8227),(8229,335,8228),(8230,335,8229),(8231,335,8230),(8232,335,8231),(8233,335,8232),(8234,335,8233),(8235,335,8234),(8236,335,8235),(8237,335,8236),(8238,335,8237),(8239,335,8238),(8240,335,8239),(8241,335,8240),(8242,335,8241),(8243,335,8242),(8244,335,8243),(8245,335,8244),(8246,335,8245),(8247,335,8246),(8248,335,8247),(8249,335,8248),(8250,335,8249),(8251,335,8250),(8252,335,8251),(8253,335,8252),(8254,335,8253),(8255,335,8254),(8256,335,8255),(8257,335,8256),(8258,335,8257),(8259,335,8258),(8260,335,8259),(8261,335,8260),(8262,335,8261),(8263,335,8262),(8264,335,8263),(8265,335,8264),(8266,335,8265),(8267,335,8266),(8268,335,8267),(8269,335,8268),(8270,335,8269),(8271,335,8270),(8272,335,8271),(8273,335,8272),(8274,335,8273),(8275,335,8274),(8276,335,8275),(8277,335,8276),(8278,335,8277),(8279,335,8278),(8280,335,8279),(8281,335,8280),(8282,335,8281),(8283,335,8282),(8284,335,8283),(8285,335,8284),(8286,335,8285),(8287,335,8286),(8288,335,8287),(8289,335,8288),(8290,335,8289),(8291,335,8290),(8292,335,8291),(8293,335,8292),(8294,335,8293),(8295,335,8294),(8296,335,8295),(8297,335,8296),(8298,335,8297),(8299,335,8298),(8300,335,8299),(8301,335,8300),(8302,335,8301),(8303,335,8302),(8304,335,8303),(8305,335,8304),(8306,335,8305),(8307,335,8306),(8308,335,8307),(8309,335,8308),(8310,335,8309),(8311,335,8310),(8312,335,8311),(8313,335,8312),(8314,335,8313),(8315,335,8314),(8316,335,8315),(8317,335,8316),(8318,335,8317),(8319,336,8318),(8320,336,8319),(8321,336,8320),(8322,336,8321),(8323,336,8322),(8324,336,8323),(8325,336,8324),(8326,336,8325),(8327,336,8326),(8328,336,8327),(8329,336,8328),(8330,336,8329),(8331,336,8330),(8332,336,8331),(8333,336,8332),(8334,336,8333),(8335,336,8334),(8336,336,8335),(8337,336,8336),(8338,336,8337),(8339,336,8338),(8340,336,8339),(8341,336,8340),(8342,336,8341),(8343,336,8342),(8344,336,8343),(8345,336,8344),(8346,336,8345),(8347,336,8346),(8348,336,8347),(8349,336,8348),(8350,336,8349),(8351,336,8350),(8352,336,8351),(8353,336,8352),(8354,336,8353),(8355,336,8354),(8356,336,8355),(8357,336,8356),(8358,336,8357),(8359,336,8358),(8360,336,8359),(8361,336,8360),(8362,336,8361),(8363,336,8362),(8364,336,8363),(8365,336,8364),(8366,336,8365),(8367,336,8366),(8368,336,8367),(8369,336,8368),(8370,336,8369),(8371,336,8370),(8372,336,8371),(8373,336,8372),(8374,336,8373),(8375,336,8374),(8376,336,8375),(8377,336,8376),(8378,336,8377),(8379,336,8378),(8380,336,8379),(8381,336,8380),(8382,336,8381),(8383,336,8382),(8384,336,8383),(8385,336,8384),(8386,336,8385),(8387,336,8386),(8388,336,8387),(8389,336,8388),(8390,336,8389),(8391,336,8390),(8392,336,8391),(8393,336,8392),(8394,336,8393),(8395,336,8394),(8396,336,8395),(8397,336,8396),(8398,336,8397),(8399,336,8398),(8400,336,8399),(8401,337,8400),(8402,337,8401),(8403,337,8402),(8404,337,8403),(8405,337,8404),(8406,337,8405),(8407,337,8406),(8408,337,8407),(8409,337,8408),(8410,337,8409),(8411,337,8410),(8412,337,8411),(8413,337,8412),(8414,337,8413),(8415,337,8414),(8416,337,8415),(8417,337,8416),(8418,337,8417),(8419,337,8418),(8420,337,8419),(8421,337,8420),(8422,337,8421),(8423,337,8422),(8424,337,8423),(8425,337,8424),(8426,337,8425),(8427,337,8426),(8428,337,8427),(8429,337,8428),(8430,337,8429),(8431,337,8430),(8432,337,8431),(8433,337,8432),(8434,337,8433),(8435,337,8434),(8436,337,8435),(8437,337,8436),(8438,337,8437),(8439,337,8438),(8440,337,8439),(8441,337,8440),(8442,337,8441),(8443,337,8442),(8444,337,8443),(8445,337,8444),(8446,337,8445),(8447,337,8446),(8448,337,8447),(8449,337,8448),(8450,337,8449),(8451,337,8450),(8452,337,8451),(8453,337,8452),(8454,337,8453),(8455,337,8454),(8456,337,8455),(8457,337,8456),(8458,337,8457),(8459,337,8458),(8460,337,8459),(8461,337,8460),(8462,337,8461),(8463,337,8462),(8464,337,8463),(8465,337,8464),(8466,337,8465),(8467,337,8466),(8468,337,8467),(8469,337,8468),(8470,337,8469),(8471,337,8470),(8472,337,8471),(8473,337,8472),(8474,337,8473),(8475,337,8474),(8476,337,8475),(8477,337,8476),(8478,337,8477),(8479,337,8478),(8480,337,8479),(8481,337,8480),(8482,337,8481),(8483,337,8482),(8484,337,8483),(8485,337,8484),(8486,337,8485),(8487,337,8486),(8488,337,8487),(8489,337,8488),(8490,337,8489),(8491,337,8490),(8492,337,8491),(8493,337,8492),(8494,337,8493),(8495,337,8494),(8496,337,8495),(8497,337,8496),(8498,337,8497),(8499,337,8498),(8500,337,8499),(8501,337,8500),(8502,337,8501),(8503,338,8502),(8504,338,8503),(8505,338,8504),(8506,338,8505),(8507,338,8506),(8508,338,8507),(8509,338,8508),(8510,338,8509),(8511,338,8510),(8512,338,8511),(8513,338,8512),(8514,338,8513),(8515,338,8514),(8516,338,8515),(8517,338,8516),(8518,338,8517),(8519,338,8518),(8520,338,8519),(8521,338,8520),(8522,338,8521),(8523,338,8522),(8524,338,8523),(8525,338,8524),(8526,338,8525),(8527,338,8526),(8528,338,8527),(8529,338,8528),(8530,338,8529),(8531,338,8530),(8532,338,8531),(8533,338,8532),(8534,338,8533),(8535,338,8534),(8536,338,8535),(8537,338,8536),(8538,338,8537),(8539,338,8538),(8540,338,8539),(8541,338,8540),(8542,338,8541),(8543,338,8542),(8544,338,8543),(8545,338,8544),(8546,338,8545),(8547,338,8546),(8548,338,8547),(8549,338,8548),(8550,338,8549),(8551,338,8550),(8552,338,8551),(8553,338,8552),(8554,338,8553),(8555,338,8554),(8556,338,8555),(8557,338,8556),(8558,338,8557),(8559,338,8558),(8560,338,8559),(8561,338,8560),(8562,338,8561),(8563,338,8562),(8564,338,8563),(8565,338,8564),(8566,338,8565),(8567,338,8566),(8568,338,8567),(8569,338,8568),(8570,338,8569),(8571,338,8570),(8572,338,8571),(8573,338,8572),(8574,338,8573),(8575,338,8574),(8576,338,8575),(8577,338,8576),(8578,338,8577),(8579,338,8578),(8580,338,8579),(8581,338,8580),(8582,338,8581),(8583,338,8582),(8584,338,8583),(8585,338,8584),(8586,338,8585),(8587,338,8586),(8588,338,8587),(8589,338,8588),(8590,338,8589),(8591,338,8590),(8592,338,8591),(8593,338,8592),(8594,338,8593),(8595,338,8594),(8596,338,8595),(8597,338,8596),(8598,338,8597),(8599,338,8598),(8600,338,8599),(8601,339,8600),(8602,339,8601),(8603,339,8602),(8604,339,8603),(8605,339,8604),(8606,339,8605),(8607,339,8606),(8608,339,8607),(8609,339,8608),(8610,339,8609),(8611,339,8610),(8612,339,8611),(8613,339,8612),(8614,339,8613),(8615,339,8614),(8616,339,8615),(8617,339,8616),(8618,339,8617),(8619,339,8618),(8620,339,8619),(8621,339,8620),(8622,339,8621),(8623,339,8622),(8624,339,8623),(8625,339,8624),(8626,339,8625),(8627,339,8626),(8628,339,8627),(8629,339,8628),(8630,339,8629),(8631,339,8630),(8632,339,8631),(8633,339,8632),(8634,339,8633),(8635,339,8634),(8636,339,8635),(8637,339,8636),(8638,339,8637),(8639,339,8638),(8640,339,8639),(8641,339,8640),(8642,339,8641),(8643,339,8642),(8644,339,8643),(8645,339,8644),(8646,339,8645),(8647,339,8646),(8648,339,8647),(8649,339,8648),(8650,339,8649),(8651,339,8650),(8652,339,8651),(8653,339,8652),(8654,339,8653),(8655,339,8654),(8656,339,8655),(8657,339,8656),(8658,339,8657),(8659,339,8658),(8660,339,8659),(8661,339,8660),(8662,339,8661),(8663,339,8662),(8664,339,8663),(8665,339,8664),(8666,339,8665),(8667,339,8666),(8668,339,8667),(8669,339,8668),(8670,339,8669),(8671,339,8670),(8672,339,8671),(8673,339,8672),(8674,339,8673),(8675,339,8674),(8676,339,8675),(8677,339,8676),(8678,339,8677),(8679,339,8678),(8680,339,8679),(8681,339,8680),(8682,339,8681),(8683,339,8682),(8684,339,8683),(8685,339,8684),(8686,339,8685),(8687,340,8686),(8688,340,8687),(8689,340,8688),(8690,340,8689),(8691,340,8690),(8692,340,8691),(8693,340,8692),(8694,340,8693),(8695,340,8694),(8696,340,8695),(8697,340,8696),(8698,340,8697),(8699,340,8698),(8700,340,8699),(8701,340,8700),(8702,340,8701),(8703,340,8702),(8704,340,8703),(8705,340,8704),(8706,340,8705),(8707,340,8706),(8708,340,8707),(8709,340,8708),(8710,340,8709),(8711,340,8710),(8712,340,8711),(8713,340,8712),(8714,340,8713),(8715,340,8714),(8716,340,8715),(8717,340,8716),(8718,340,8717),(8719,340,8718),(8720,340,8719),(8721,340,8720),(8722,340,8721),(8723,340,8722),(8724,340,8723),(8725,340,8724),(8726,340,8725),(8727,340,8726),(8728,340,8727),(8729,340,8728),(8730,340,8729),(8731,340,8730),(8732,340,8731),(8733,340,8732),(8734,340,8733),(8735,340,8734),(8736,340,8735),(8737,340,8736),(8738,340,8737),(8739,340,8738),(8740,340,8739),(8741,340,8740),(8742,340,8741),(8743,340,8742),(8744,340,8743),(8745,340,8744),(8746,340,8745),(8747,340,8746),(8748,340,8747),(8749,340,8748),(8750,340,8749),(8751,340,8750),(8752,340,8751),(8753,340,8752),(8754,340,8753),(8755,340,8754),(8756,340,8755),(8757,340,8756),(8758,340,8757),(8759,340,8758),(8760,340,8759),(8761,340,8760),(8762,340,8761),(8763,340,8762),(8764,340,8763),(8765,340,8764),(8766,340,8765),(8767,340,8766),(8768,340,8767),(8769,340,8768),(8770,340,8769),(8771,340,8770),(8772,340,8771),(8773,340,8772),(8774,340,8773),(8775,340,8774),(8776,340,8775),(8777,340,8776),(8778,340,8777),(8779,340,8778),(8780,340,8779),(8781,341,8780),(8782,341,8781),(8783,341,8782),(8784,341,8783),(8785,341,8784),(8786,341,8785),(8787,341,8786),(8788,341,8787),(8789,341,8788),(8790,341,8789),(8791,341,8790),(8792,341,8791),(8793,341,8792),(8794,341,8793),(8795,341,8794),(8796,341,8795),(8797,341,8796),(8798,341,8797),(8799,341,8798),(8800,341,8799),(8801,341,8800),(8802,341,8801),(8803,341,8802),(8804,341,8803),(8805,341,8804),(8806,341,8805),(8807,341,8806),(8808,341,8807),(8809,341,8808),(8810,341,8809),(8811,341,8810),(8812,341,8811),(8813,341,8812),(8814,341,8813),(8815,341,8814),(8816,341,8815),(8817,341,8816),(8818,341,8817),(8819,341,8818),(8820,341,8819),(8821,341,8820),(8822,341,8821),(8823,341,8822),(8824,341,8823),(8825,341,8824),(8826,341,8825),(8827,341,8826),(8828,341,8827),(8829,341,8828),(8830,341,8829),(8831,341,8830),(8832,341,8831),(8833,341,8832),(8834,341,8833),(8835,341,8834),(8836,341,8835),(8837,341,8836),(8838,341,8837),(8839,341,8838),(8840,341,8839),(8841,341,8840),(8842,341,8841),(8843,341,8842),(8844,341,8843),(8845,341,8844),(8846,341,8845),(8847,341,8846),(8848,341,8847),(8849,341,8848),(8850,341,8849),(8851,341,8850),(8852,341,8851),(8853,341,8852),(8854,341,8853),(8855,341,8854),(8856,341,8855),(8857,341,8856),(8858,341,8857),(8859,341,8858),(8860,341,8859),(8861,341,8860),(8862,341,8861),(8863,341,8862),(8864,341,8863),(8865,341,8864),(8866,341,8865),(8867,341,8866),(8868,341,8867),(8869,341,8868),(8870,342,8869),(8871,342,8870),(8872,342,8871),(8873,342,8872),(8874,342,8873),(8875,342,8874),(8876,342,8875),(8877,342,8876),(8878,342,8877),(8879,342,8878),(8880,342,8879),(8881,342,8880),(8882,342,8881),(8883,342,8882),(8884,342,8883),(8885,342,8884),(8886,342,8885),(8887,342,8886),(8888,342,8887),(8889,342,8888),(8890,342,8889),(8891,342,8890),(8892,342,8891),(8893,342,8892),(8894,342,8893),(8895,342,8894),(8896,342,8895),(8897,342,8896),(8898,342,8897),(8899,342,8898),(8900,342,8899),(8901,342,8900),(8902,342,8901),(8903,342,8902),(8904,342,8903),(8905,342,8904),(8906,342,8905),(8907,342,8906),(8908,342,8907),(8909,342,8908),(8910,342,8909),(8911,342,8910),(8912,342,8911),(8913,342,8912),(8914,342,8913),(8915,342,8914),(8916,342,8915),(8917,342,8916),(8918,342,8917),(8919,342,8918),(8920,342,8919),(8921,342,8920),(8922,342,8921),(8923,342,8922),(8924,342,8923),(8925,342,8924),(8926,342,8925),(8927,342,8926),(8928,342,8927),(8929,342,8928),(8930,343,8929),(8931,343,8930),(8932,343,8931),(8933,343,8932),(8934,343,8933),(8935,343,8934),(8936,343,8935),(8937,343,8936),(8938,343,8937),(8939,343,8938),(8940,343,8939),(8941,343,8940),(8942,343,8941),(8943,343,8942),(8944,343,8943),(8945,343,8944),(8946,343,8945),(8947,343,8946),(8948,343,8947),(8949,343,8948),(8950,343,8949),(8951,343,8950),(8952,343,8951),(8953,343,8952),(8954,343,8953),(8955,343,8954),(8956,343,8955),(8957,343,8956),(8958,343,8957),(8959,343,8958),(8960,343,8959),(8961,343,8960),(8962,343,8961),(8963,343,8962),(8964,343,8963),(8965,343,8964),(8966,343,8965),(8967,343,8966),(8968,343,8967),(8969,343,8968),(8970,343,8969),(8971,343,8970),(8972,343,8971),(8973,343,8972),(8974,343,8973),(8975,343,8974),(8976,343,8975),(8977,343,8976),(8978,343,8977),(8979,343,8978),(8980,343,8979),(8981,343,8980),(8982,343,8981),(8983,343,8982),(8984,343,8983),(8985,343,8984),(8986,343,8985),(8987,343,8986),(8988,343,8987),(8989,343,8988),(8990,343,8989),(8991,343,8990),(8992,343,8991),(8993,343,8992),(8994,343,8993),(8995,343,8994),(8996,343,8995),(8997,343,8996),(8998,343,8997),(8999,343,8998),(9000,343,8999),(9001,343,9000),(9002,343,9001),(9003,343,9002),(9004,343,9003),(9005,343,9004),(9006,343,9005),(9007,343,9006),(9008,343,9007),(9009,343,9008),(9010,343,9009),(9011,343,9010),(9012,343,9011),(9013,343,9012),(9014,343,9013),(9015,343,9014),(9016,344,9015),(9017,344,9016),(9018,344,9017),(9019,344,9018),(9020,344,9019),(9021,344,9020),(9022,344,9021),(9023,344,9022),(9024,344,9023),(9025,344,9024),(9026,344,9025),(9027,344,9026),(9028,344,9027),(9029,344,9028),(9030,344,9029),(9031,344,9030),(9032,344,9031),(9033,344,9032),(9034,344,9033),(9035,344,9034),(9036,344,9035),(9037,344,9036),(9038,344,9037),(9039,344,9038),(9040,344,9039),(9041,344,9040),(9042,344,9041),(9043,344,9042),(9044,344,9043),(9045,344,9044),(9046,344,9045),(9047,344,9046),(9048,344,9047),(9049,344,9048),(9050,344,9049),(9051,344,9050),(9052,344,9051),(9053,344,9052),(9054,344,9053),(9055,344,9054),(9056,344,9055),(9057,344,9056),(9058,344,9057),(9059,344,9058),(9060,344,9059),(9061,344,9060),(9062,344,9061),(9063,344,9062),(9064,344,9063),(9065,344,9064),(9066,344,9065),(9067,344,9066),(9068,344,9067),(9069,344,9068),(9070,344,9069),(9071,344,9070),(9072,344,9071),(9073,344,9072),(9074,344,9073),(9075,344,9074),(9076,344,9075),(9077,344,9076),(9078,344,9077),(9079,344,9078),(9080,344,9079),(9081,344,9080),(9082,344,9081),(9083,344,9082),(9084,344,9083),(9085,344,9084),(9086,344,9085),(9087,344,9086),(9088,344,9087),(9089,344,9088),(9090,344,9089),(9091,344,9090),(9092,344,9091),(9093,344,9092),(9094,344,9093),(9095,344,9094),(9096,345,9095),(9097,345,9096),(9098,345,9097),(9099,345,9098),(9100,345,9099),(9101,345,9100),(9102,345,9101),(9103,345,9102),(9104,345,9103),(9105,345,9104),(9106,345,9105),(9107,345,9106),(9108,345,9107),(9109,345,9108),(9110,345,9109),(9111,345,9110),(9112,345,9111),(9113,345,9112),(9114,345,9113),(9115,345,9114),(9116,345,9115),(9117,345,9116),(9118,345,9117),(9119,345,9118),(9120,345,9119),(9121,345,9120),(9122,345,9121),(9123,345,9122),(9124,345,9123),(9125,345,9124),(9126,345,9125),(9127,345,9126),(9128,345,9127),(9129,345,9128),(9130,345,9129),(9131,345,9130),(9132,345,9131),(9133,345,9132),(9134,345,9133),(9135,345,9134),(9136,345,9135),(9137,345,9136),(9138,345,9137),(9139,345,9138),(9140,345,9139),(9141,345,9140),(9142,345,9141),(9143,345,9142),(9144,345,9143),(9145,345,9144),(9146,345,9145),(9147,345,9146),(9148,345,9147),(9149,345,9148),(9150,345,9149),(9151,345,9150),(9152,345,9151),(9153,345,9152),(9154,345,9153),(9155,345,9154),(9156,345,9155),(9157,345,9156),(9158,345,9157),(9159,346,9158),(9160,346,9159),(9161,346,9160),(9162,346,9161),(9163,346,9162),(9164,346,9163),(9165,346,9164),(9166,346,9165),(9167,346,9166),(9168,346,9167),(9169,346,9168),(9170,346,9169),(9171,346,9170),(9172,346,9171),(9173,346,9172),(9174,346,9173),(9175,346,9174),(9176,346,9175),(9177,346,9176),(9178,346,9177),(9179,346,9178),(9180,346,9179),(9181,346,9180),(9182,346,9181),(9183,346,9182),(9184,346,9183),(9185,346,9184),(9186,346,9185),(9187,346,9186),(9188,346,9187),(9189,346,9188),(9190,346,9189),(9191,346,9190),(9192,346,9191),(9193,346,9192),(9194,346,9193),(9195,346,9194),(9196,346,9195),(9197,346,9196),(9198,346,9197),(9199,346,9198),(9200,346,9199),(9201,346,9200),(9202,346,9201),(9203,346,9202),(9204,346,9203),(9205,346,9204),(9206,346,9205),(9207,346,9206),(9208,346,9207),(9209,346,9208),(9210,346,9209),(9211,346,9210),(9212,346,9211),(9213,346,9212),(9214,346,9213),(9215,346,9214),(9216,346,9215),(9217,346,9216),(9218,346,9217),(9219,346,9218),(9220,346,9219),(9221,346,9220),(9222,346,9221),(9223,346,9222),(9224,346,9223),(9225,346,9224),(9226,346,9225),(9227,346,9226),(9228,346,9227),(9229,346,9228),(9230,347,9229),(9231,347,9230),(9232,347,9231),(9233,347,9232),(9234,347,9233),(9235,347,9234),(9236,347,9235),(9237,347,9236),(9238,347,9237),(9239,347,9238),(9240,347,9239),(9241,347,9240),(9242,347,9241),(9243,347,9242),(9244,347,9243),(9245,347,9244),(9246,347,9245),(9247,347,9246),(9248,347,9247),(9249,347,9248),(9250,347,9249),(9251,347,9250),(9252,347,9251),(9253,347,9252),(9254,347,9253),(9255,347,9254),(9256,347,9255),(9257,347,9256),(9258,347,9257),(9259,347,9258),(9260,347,9259),(9261,347,9260),(9262,347,9261),(9263,347,9262),(9264,347,9263),(9265,347,9264),(9266,347,9265),(9267,347,9266),(9268,347,9267),(9269,347,9268),(9270,347,9269),(9271,347,9270),(9272,347,9271),(9273,347,9272),(9274,347,9273),(9275,347,9274),(9276,347,9275),(9277,347,9276),(9278,347,9277),(9279,347,9278),(9280,347,9279),(9281,347,9280),(9282,347,9281),(9283,347,9282),(9284,347,9283),(9285,347,9284),(9286,347,9285),(9287,347,9286),(9288,347,9287),(9289,347,9288),(9290,348,9289),(9291,348,9290),(9292,348,9291),(9293,348,9292),(9294,348,9293),(9295,348,9294),(9296,348,9295),(9297,348,9296),(9298,348,9297),(9299,348,9298),(9300,348,9299),(9301,348,9300),(9302,348,9301),(9303,348,9302),(9304,348,9303),(9305,348,9304),(9306,348,9305),(9307,348,9306),(9308,348,9307),(9309,348,9308),(9310,348,9309),(9311,348,9310),(9312,348,9311),(9313,348,9312),(9314,348,9313),(9315,348,9314),(9316,348,9315),(9317,348,9316),(9318,348,9317),(9319,348,9318),(9320,348,9319),(9321,348,9320),(9322,348,9321),(9323,348,9322),(9324,348,9323),(9325,348,9324),(9326,349,9325),(9327,349,9326),(9328,349,9327),(9329,349,9328),(9330,349,9329),(9331,349,9330),(9332,349,9331),(9333,349,9332),(9334,349,9333),(9335,349,9334),(9336,349,9335),(9337,349,9336),(9338,349,9337),(9339,349,9338),(9340,349,9339),(9341,349,9340),(9342,349,9341),(9343,349,9342),(9344,349,9343),(9345,349,9344),(9346,349,9345),(9347,349,9346),(9348,349,9347),(9349,349,9348),(9350,349,9349),(9351,349,9350),(9352,349,9351),(9353,349,9352),(9354,349,9353),(9355,349,9354),(9356,349,9355),(9357,349,9356),(9358,349,9357),(9359,349,9358),(9360,349,9359),(9361,349,9360),(9362,349,9361),(9363,349,9362),(9364,349,9363),(9365,349,9364),(9366,349,9365),(9367,349,9366),(9368,349,9367),(9369,349,9368),(9370,349,9369),(9371,349,9370),(9372,349,9371),(9373,349,9372),(9374,349,9373),(9375,349,9374),(9376,349,9375),(9377,349,9376),(9378,349,9377),(9379,349,9378),(9380,349,9379),(9381,349,9380),(9382,350,9381),(9383,350,9382),(9384,350,9383),(9385,350,9384),(9386,350,9385),(9387,350,9386),(9388,350,9387),(9389,350,9388),(9390,350,9389),(9391,350,9390),(9392,350,9391),(9393,350,9392),(9394,350,9393),(9395,350,9394),(9396,350,9395),(9397,350,9396),(9398,350,9397),(9399,350,9398),(9400,350,9399),(9401,350,9400),(9402,350,9401),(9403,350,9402),(9404,350,9403),(9405,350,9404),(9406,350,9405),(9407,350,9406),(9408,350,9407),(9409,350,9408),(9410,350,9409),(9411,350,9410),(9412,350,9411),(9413,350,9412),(9414,350,9413),(9415,350,9414),(9416,350,9415),(9417,350,9416),(9418,350,9417),(9419,350,9418),(9420,350,9419),(9421,350,9420),(9422,350,9421),(9423,350,9422),(9424,350,9423),(9425,350,9424),(9426,350,9425),(9427,350,9426),(9428,351,9427),(9429,351,9428),(9430,351,9429),(9431,351,9430),(9432,351,9431),(9433,351,9432),(9434,351,9433),(9435,351,9434),(9436,351,9435),(9437,351,9436),(9438,351,9437),(9439,351,9438),(9440,351,9439),(9441,351,9440),(9442,351,9441),(9443,351,9442),(9444,351,9443),(9445,351,9444),(9446,351,9445),(9447,351,9446),(9448,351,9447),(9449,351,9448),(9450,351,9449),(9451,351,9450),(9452,351,9451),(9453,351,9452),(9454,351,9453),(9455,351,9454),(9456,351,9455),(9457,351,9456),(9458,351,9457),(9459,351,9458),(9460,351,9459),(9461,351,9460),(9462,352,9461),(9463,352,9462),(9464,352,9463),(9465,352,9464),(9466,352,9465),(9467,352,9466),(9468,352,9467),(9469,352,9468),(9470,352,9469),(9471,352,9470),(9472,352,9471),(9473,352,9472),(9474,352,9473),(9475,352,9474),(9476,352,9475),(9477,352,9476),(9478,352,9477),(9479,352,9478),(9480,352,9479),(9481,352,9480),(9482,352,9481),(9483,352,9482),(9484,352,9483),(9485,352,9484),(9486,352,9485),(9487,352,9486),(9488,352,9487),(9489,352,9488),(9490,352,9489),(9491,352,9490),(9492,352,9491),(9493,352,9492),(9494,352,9493),(9495,352,9494),(9496,352,9495),(9497,352,9496),(9498,352,9497),(9499,352,9498),(9500,352,9499),(9501,352,9500),(9502,353,9501),(9503,353,9502),(9504,353,9503),(9505,353,9504),(9506,353,9505),(9507,353,9506),(9508,353,9507),(9509,353,9508),(9510,353,9509),(9511,353,9510),(9512,353,9511),(9513,353,9512),(9514,353,9513),(9515,353,9514),(9516,353,9515),(9517,353,9516),(9518,353,9517),(9519,353,9518),(9520,353,9519),(9521,353,9520),(9522,353,9521),(9523,353,9522),(9524,353,9523),(9525,353,9524),(9526,353,9525),(9527,353,9526),(9528,353,9527),(9529,353,9528),(9530,353,9529),(9531,353,9530),(9532,353,9531),(9533,353,9532),(9534,353,9533),(9535,353,9534),(9536,353,9535),(9537,353,9536),(9538,353,9537),(9539,353,9538),(9540,353,9539),(9541,353,9540),(9542,354,9541),(9543,354,9542),(9544,354,9543),(9545,354,9544),(9546,354,9545),(9547,354,9546),(9548,354,9547),(9549,354,9548),(9550,354,9549),(9551,354,9550),(9552,354,9551),(9553,354,9552),(9554,355,9553),(9555,355,9554),(9556,355,9555),(9557,355,9556),(9558,355,9557),(9559,355,9558),(9560,355,9559),(9561,355,9560),(9562,355,9561),(9563,355,9562),(9564,355,9563),(9565,355,9564),(9566,355,9565),(9567,355,9566),(9568,355,9567),(9569,355,9568),(9570,355,9569),(9571,355,9570),(9572,355,9571),(9573,355,9572),(9574,355,9573),(9575,355,9574),(9576,355,9575),(9577,355,9576),(9578,355,9577),(9579,355,9578),(9580,355,9579),(9581,355,9580),(9582,355,9581),(9583,355,9582),(9584,355,9583),(9585,355,9584),(9586,355,9585),(9587,355,9586),(9588,355,9587),(9589,355,9588),(9590,355,9589),(9591,355,9590),(9592,355,9591),(9593,356,9592),(9594,356,9593),(9595,356,9594),(9596,356,9595),(9597,356,9596),(9598,356,9597),(9599,356,9598),(9600,356,9599),(9601,356,9600),(9602,356,9601),(9603,356,9602),(9604,356,9603),(9605,356,9604),(9606,356,9605),(9607,356,9606),(9608,356,9607),(9609,356,9608),(9610,356,9609),(9611,356,9610),(9612,356,9611),(9613,356,9612),(9614,356,9613),(9615,356,9614),(9616,356,9615),(9617,356,9616),(9618,356,9617),(9619,356,9618),(9620,356,9619),(9621,356,9620),(9622,356,9621),(9623,356,9622),(9624,356,9623),(9625,356,9624),(9626,356,9625),(9627,356,9626),(9628,356,9627),(9629,356,9628),(9630,356,9629),(9631,356,9630),(9632,357,9631),(9633,357,9632),(9634,357,9633),(9635,357,9634),(9636,357,9635),(9637,357,9636),(9638,357,9637),(9639,357,9638),(9640,357,9639),(9641,357,9640),(9642,357,9641),(9643,357,9642),(9644,357,9643),(9645,357,9644),(9646,357,9645),(9647,357,9646),(9648,357,9647),(9649,357,9648),(9650,357,9649),(9651,357,9650),(9652,357,9651),(9653,357,9652),(9654,357,9653),(9655,357,9654),(9656,357,9655),(9657,357,9656),(9658,357,9657),(9659,357,9658),(9660,357,9659),(9661,357,9660),(9662,357,9661),(9663,358,9662),(9664,358,9663),(9665,358,9664),(9666,358,9665),(9667,358,9666),(9668,358,9667),(9669,358,9668),(9670,358,9669),(9671,358,9670),(9672,358,9671),(9673,358,9672),(9674,358,9673),(9675,358,9674),(9676,358,9675),(9677,358,9676),(9678,358,9677),(9679,358,9678),(9680,358,9679),(9681,358,9680),(9682,358,9681),(9683,358,9682),(9684,358,9683),(9685,358,9684),(9686,358,9685),(9687,358,9686),(9688,358,9687),(9689,358,9688),(9690,358,9689),(9691,358,9690),(9692,358,9691),(9693,358,9692),(9694,358,9693),(9695,358,9694),(9696,358,9695),(9697,358,9696),(9698,358,9697),(9699,358,9698),(9700,358,9699),(9701,358,9700),(9702,358,9701),(9703,358,9702),(9704,358,9703),(9705,359,9704),(9706,359,9705),(9707,359,9706),(9708,359,9707),(9709,359,9708),(9710,359,9709),(9711,359,9710),(9712,359,9711),(9713,359,9712),(9714,359,9713),(9715,359,9714),(9716,359,9715),(9717,359,9716),(9718,359,9717),(9719,359,9718),(9720,359,9719),(9721,359,9720),(9722,359,9721),(9723,359,9722),(9724,359,9723),(9725,359,9724),(9726,359,9725),(9727,359,9726),(9728,359,9727),(9729,359,9728),(9730,359,9729),(9731,359,9730),(9732,359,9731),(9733,359,9732),(9734,359,9733),(9735,359,9734),(9736,359,9735),(9737,359,9736),(9738,359,9737),(9739,359,9738),(9740,359,9739),(9741,360,9740),(9742,360,9741),(9743,360,9742),(9744,360,9743),(9745,360,9744),(9746,360,9745),(9747,360,9746),(9748,360,9747),(9749,360,9748),(9750,360,9749),(9751,360,9750),(9752,360,9751),(9753,361,9752),(9754,361,9753),(9755,361,9754),(9756,361,9755),(9757,361,9756),(9758,361,9757),(9759,361,9758),(9760,361,9759),(9761,361,9760),(9762,361,9761),(9763,361,9762),(9764,361,9763),(9765,361,9764),(9766,361,9765),(9767,361,9766),(9768,361,9767),(9769,361,9768),(9770,361,9769),(9771,361,9770),(9772,361,9771),(9773,361,9772),(9774,361,9773),(9775,361,9774),(9776,361,9775),(9777,361,9776),(9778,361,9777),(9779,361,9778),(9780,361,9779),(9781,361,9780),(9782,361,9781),(9783,361,9782),(9784,361,9783),(9785,361,9784),(9786,361,9785),(9787,361,9786),(9788,361,9787),(9789,362,9788),(9790,362,9789),(9791,362,9790),(9792,362,9791),(9793,362,9792),(9794,362,9793),(9795,362,9794),(9796,362,9795),(9797,362,9796),(9798,362,9797),(9799,362,9798),(9800,362,9799),(9801,362,9800),(9802,362,9801),(9803,362,9802),(9804,362,9803),(9805,362,9804),(9806,362,9805),(9807,362,9806),(9808,362,9807),(9809,362,9808),(9810,362,9809),(9811,362,9810),(9812,362,9811),(9813,362,9812),(9814,362,9813),(9815,362,9814),(9816,362,9815),(9817,362,9816),(9818,362,9817),(9819,362,9818),(9820,362,9819),(9821,362,9820),(9822,362,9821),(9823,362,9822),(9824,362,9823),(9825,363,9824),(9826,363,9825),(9827,363,9826),(9828,363,9827),(9829,363,9828),(9830,363,9829),(9831,363,9830),(9832,363,9831),(9833,363,9832),(9834,363,9833),(9835,363,9834),(9836,363,9835),(9837,363,9836),(9838,363,9837),(9839,363,9838),(9840,363,9839),(9841,363,9840),(9842,363,9841),(9843,363,9842),(9844,363,9843),(9845,363,9844),(9846,363,9845),(9847,363,9846),(9848,363,9847),(9849,363,9848),(9850,363,9849),(9851,363,9850),(9852,363,9851),(9853,363,9852),(9854,363,9853),(9855,364,9854),(9856,364,9855),(9857,364,9856),(9858,364,9857),(9859,364,9858),(9860,364,9859),(9861,364,9860),(9862,364,9861),(9863,364,9862),(9864,364,9863),(9865,364,9864),(9866,364,9865),(9867,364,9866),(9868,364,9867),(9869,364,9868),(9870,364,9869),(9871,364,9870),(9872,364,9871),(9873,364,9872),(9874,364,9873),(9875,364,9874),(9876,364,9875),(9877,364,9876),(9878,364,9877),(9879,364,9878),(9880,364,9879),(9881,364,9880),(9882,364,9881),(9883,364,9882),(9884,364,9883),(9885,364,9884),(9886,364,9885),(9887,364,9886),(9888,364,9887),(9889,364,9888),(9890,364,9889),(9891,365,9890),(9892,365,9891),(9893,365,9892),(9894,365,9893),(9895,365,9894),(9896,365,9895),(9897,365,9896),(9898,365,9897),(9899,365,9898),(9900,365,9899),(9901,365,9900),(9902,365,9901),(9903,365,9902),(9904,365,9903),(9905,365,9904),(9906,365,9905),(9907,365,9906),(9908,365,9907),(9909,365,9908),(9910,365,9909),(9911,365,9910),(9912,365,9911),(9913,365,9912),(9914,365,9913),(9915,365,9914),(9916,365,9915),(9917,365,9916),(9918,365,9917),(9919,365,9918),(9920,365,9919),(9921,365,9920),(9922,365,9921),(9923,365,9922),(9924,365,9923),(9925,365,9924),(9926,365,9925),(9927,366,9926),(9928,366,9927),(9929,366,9928),(9930,366,9929),(9931,366,9930),(9932,366,9931),(9933,366,9932),(9934,366,9933),(9935,366,9934),(9936,366,9935),(9937,366,9936),(9938,366,9937),(9939,367,9938),(9940,367,9939),(9941,367,9940),(9942,367,9941),(9943,367,9942),(9944,367,9943),(9945,367,9944),(9946,367,9945),(9947,367,9946),(9948,367,9947),(9949,367,9948),(9950,367,9949),(9951,367,9950),(9952,367,9951),(9953,367,9952),(9954,367,9953),(9955,367,9954),(9956,367,9955),(9957,367,9956),(9958,367,9957),(9959,367,9958),(9960,367,9959),(9961,367,9960),(9962,367,9961),(9963,367,9962),(9964,367,9963),(9965,367,9964),(9966,367,9965),(9967,367,9966),(9968,367,9967),(9969,367,9968),(9970,367,9969),(9971,367,9970),(9972,367,9971),(9973,367,9972),(9974,367,9973),(9975,368,9974),(9976,368,9975),(9977,368,9976),(9978,368,9977),(9979,368,9978),(9980,368,9979),(9981,368,9980),(9982,368,9981),(9983,368,9982),(9984,368,9983),(9985,368,9984),(9986,368,9985),(9987,368,9986),(9988,368,9987),(9989,368,9988),(9990,368,9989),(9991,368,9990),(9992,368,9991),(9993,368,9992),(9994,368,9993),(9995,368,9994),(9996,368,9995),(9997,368,9996),(9998,368,9997),(9999,368,9998),(10000,368,9999),(10001,368,10000),(10002,368,10001),(10003,368,10002),(10004,368,10003),(10005,368,10004),(10006,368,10005),(10007,368,10006),(10008,368,10007),(10009,368,10008),(10010,368,10009),(10011,369,10010),(10012,369,10011),(10013,369,10012),(10014,369,10013),(10015,369,10014),(10016,369,10015),(10017,369,10016),(10018,369,10017),(10019,369,10018),(10020,369,10019),(10021,369,10020),(10022,369,10021),(10023,369,10022),(10024,369,10023),(10025,369,10024),(10026,369,10025),(10027,369,10026),(10028,369,10027),(10029,369,10028),(10030,369,10029),(10031,369,10030),(10032,369,10031),(10033,369,10032),(10034,369,10033),(10035,369,10034),(10036,369,10035),(10037,369,10036),(10038,369,10037),(10039,369,10038),(10040,369,10039),(10041,370,10040),(10042,370,10041),(10043,370,10042),(10044,370,10043),(10045,370,10044),(10046,370,10045),(10047,370,10046),(10048,370,10047),(10049,370,10048),(10050,370,10049),(10051,370,10050),(10052,370,10051),(10053,370,10052),(10054,370,10053),(10055,370,10054),(10056,370,10055),(10057,370,10056),(10058,370,10057),(10059,370,10058),(10060,370,10059),(10061,370,10060),(10062,370,10061),(10063,370,10062),(10064,370,10063),(10065,370,10064),(10066,370,10065),(10067,370,10066),(10068,370,10067),(10069,371,10068),(10070,371,10069),(10071,371,10070),(10072,371,10071),(10073,371,10072),(10074,371,10073),(10075,371,10074),(10076,371,10075),(10077,371,10076),(10078,371,10077),(10079,371,10078),(10080,371,10079),(10081,372,10080),(10082,372,10081),(10083,372,10082),(10084,372,10083),(10085,372,10084),(10086,372,10085),(10087,373,10086),(10088,373,10087),(10089,373,10088),(10090,373,10089),(10091,373,10090),(10092,373,10091),(10093,373,10092),(10094,373,10093),(10095,373,10094),(10096,373,10095),(10097,373,10096),(10098,373,10097),(10099,374,10098),(10100,374,10099),(10101,374,10100),(10102,374,10101),(10103,374,10102),(10104,374,10103),(10105,374,10104),(10106,374,10105),(10107,374,10106),(10108,374,10107),(10109,374,10108),(10110,374,10109),(10111,375,10110),(10112,375,10111),(10113,375,10112),(10114,375,10113),(10115,375,10114),(10116,375,10115),(10117,376,10116),(10118,376,10117),(10119,376,10118),(10120,376,10119),(10121,376,10120),(10122,376,10121),(10123,376,10122),(10124,376,10123),(10125,376,10124),(10126,376,10125),(10127,376,10126),(10128,376,10127),(10129,377,10128),(10130,377,10129),(10131,377,10130),(10132,377,10131),(10133,377,10132),(10134,377,10133),(10135,377,10134),(10136,377,10135),(10137,377,10136),(10138,377,10137),(10139,377,10138),(10140,377,10139),(10141,378,10140),(10142,378,10141),(10143,378,10142),(10144,378,10143),(10145,378,10144),(10146,378,10145),(10147,379,10146),(10148,379,10147),(10149,379,10148),(10150,379,10149),(10151,379,10150),(10152,379,10151),(10153,379,10152),(10154,379,10153),(10155,379,10154),(10156,379,10155),(10157,379,10156),(10158,379,10157),(10159,380,10158),(10160,380,10159),(10161,380,10160),(10162,380,10161),(10163,380,10162),(10164,380,10163),(10165,380,10164),(10166,380,10165),(10167,380,10166),(10168,380,10167),(10169,380,10168),(10170,380,10169),(10171,381,10170),(10172,381,10171),(10173,382,10172),(10174,382,10173);
/*!40000 ALTER TABLE `days_lessons` ENABLE KEYS */;
UNLOCK TABLES;

--
-- Table structure for table `disciplines`
--

DROP TABLE IF EXISTS `disciplines`;
/*!40101 SET @saved_cs_client     = @@character_set_client */;
/*!40101 SET character_set_client = utf8 */;
CREATE TABLE `disciplines` (
  `id` int(11) NOT NULL AUTO_INCREMENT,
  `title` varchar(30) COLLATE utf8_unicode_ci DEFAULT NULL,
  `tutors` text COLLATE utf8_unicode_ci,
  PRIMARY KEY (`id`)
) ENGINE=InnoDB AUTO_INCREMENT=39 DEFAULT CHARSET=utf8 COLLATE=utf8_unicode_ci;
/*!40101 SET character_set_client = @saved_cs_client */;

--
-- Dumping data for table `disciplines`
--

LOCK TABLES `disciplines` WRITE;
/*!40000 ALTER TABLE `disciplines` DISABLE KEYS */;
INSERT INTO `disciplines` VALUES (28,'Основы социологии и политологи','[231, 234, 240, 241, 242, 243]'),(29,'Русский язык','[232, 233, 244, 245]'),(30,'Литература','[235, 249, 250]'),(31,'Математика','[236, 248, 250]'),(32,'Информатика','[237, 251, 252]'),(33,'История','[238, 265]'),(34,'Обществознание','[239, 262]'),(35,'Физика','[253, 254, 255]'),(36,'Физическая культура','[256, 257]'),(37,'Экономика','[258, 259]'),(38,'География','[260, 261]');
/*!40000 ALTER TABLE `disciplines` ENABLE KEYS */;
UNLOCK TABLES;

--
-- Table structure for table `disciplines_auditories`
--

DROP TABLE IF EXISTS `disciplines_auditories`;
/*!40101 SET @saved_cs_client     = @@character_set_client */;
/*!40101 SET character_set_client = utf8 */;
CREATE TABLE `disciplines_auditories` (
  `id` int(11) NOT NULL AUTO_INCREMENT,
  `discipline_id` int(11) NOT NULL,
  `auditory_id` int(11) NOT NULL,
  PRIMARY KEY (`id`),
  UNIQUE KEY `discipline_id` (`discipline_id`,`auditory_id`),
  KEY `discipline_auditory_id_453fcbb70f42bb22_fk_timetable_auditory_id` (`auditory_id`),
  CONSTRAINT `discipline_auditory_id_453fcbb70f42bb22_fk_timetable_auditory_id` FOREIGN KEY (`auditory_id`) REFERENCES `auditories` (`id`),
  CONSTRAINT `disciplines_audi_discipline_id_d332473ebaaf166_fk_disciplines_id` FOREIGN KEY (`discipline_id`) REFERENCES `disciplines` (`id`)
) ENGINE=InnoDB AUTO_INCREMENT=36 DEFAULT CHARSET=utf8 COLLATE=utf8_unicode_ci;
/*!40101 SET character_set_client = @saved_cs_client */;

--
-- Dumping data for table `disciplines_auditories`
--

LOCK TABLES `disciplines_auditories` WRITE;
/*!40000 ALTER TABLE `disciplines_auditories` DISABLE KEYS */;
INSERT INTO `disciplines_auditories` VALUES (3,28,2),(26,28,8),(18,28,14),(4,29,3),(5,29,4),(25,29,15),(24,30,1),(6,30,5),(17,30,12),(7,31,6),(23,31,11),(16,31,13),(8,32,7),(22,32,11),(14,32,12),(9,33,8),(21,33,13),(20,34,8),(10,34,9),(12,34,11),(15,35,5),(11,35,10),(19,35,12),(27,36,1),(28,36,3),(29,36,16),(31,37,6),(30,37,17),(32,37,18),(34,38,8),(33,38,12),(35,38,19);
/*!40000 ALTER TABLE `disciplines_auditories` ENABLE KEYS */;
UNLOCK TABLES;

--
-- Table structure for table `disciplines_course`
--

DROP TABLE IF EXISTS `disciplines_course`;
/*!40101 SET @saved_cs_client     = @@character_set_client */;
/*!40101 SET character_set_client = utf8 */;
CREATE TABLE `disciplines_course` (
  `id` int(11) NOT NULL AUTO_INCREMENT,
  `duration` int(10) unsigned NOT NULL,
  `course_id` int(11) NOT NULL,
  `depend_id` int(11) DEFAULT NULL,
  `discipline_id` int(11) NOT NULL,
  PRIMARY KEY (`id`),
  KEY `disciplines_course_course_id_20590b0714836273_fk_courses_id` (`course_id`),
  KEY `disciplines_cou_discipline_id_3d338ce677e81431_fk_disciplines_id` (`discipline_id`),
  KEY `disciplines_course_depend_id_464e22cc2e0c59bf_fk_disciplines_id` (`depend_id`),
  CONSTRAINT `disciplines_cou_discipline_id_3d338ce677e81431_fk_disciplines_id` FOREIGN KEY (`discipline_id`) REFERENCES `disciplines` (`id`),
  CONSTRAINT `disciplines_course_course_id_20590b0714836273_fk_courses_id` FOREIGN KEY (`course_id`) REFERENCES `courses` (`id`),
  CONSTRAINT `disciplines_course_depend_id_464e22cc2e0c59bf_fk_disciplines_id` FOREIGN KEY (`depend_id`) REFERENCES `disciplines` (`id`)
) ENGINE=InnoDB DEFAULT CHARSET=utf8 COLLATE=utf8_unicode_ci;
/*!40101 SET character_set_client = @saved_cs_client */;

--
-- Dumping data for table `disciplines_course`
--

LOCK TABLES `disciplines_course` WRITE;
/*!40000 ALTER TABLE `disciplines_course` DISABLE KEYS */;
/*!40000 ALTER TABLE `disciplines_course` ENABLE KEYS */;
UNLOCK TABLES;

--
-- Table structure for table `django_admin_log`
--

DROP TABLE IF EXISTS `django_admin_log`;
/*!40101 SET @saved_cs_client     = @@character_set_client */;
/*!40101 SET character_set_client = utf8 */;
CREATE TABLE `django_admin_log` (
  `id` int(11) NOT NULL AUTO_INCREMENT,
  `action_time` datetime(6) NOT NULL,
  `object_id` longtext COLLATE utf8_unicode_ci,
  `object_repr` varchar(200) COLLATE utf8_unicode_ci NOT NULL,
  `action_flag` smallint(5) unsigned NOT NULL,
  `change_message` longtext COLLATE utf8_unicode_ci NOT NULL,
  `content_type_id` int(11) DEFAULT NULL,
  `user_id` int(11) NOT NULL,
  PRIMARY KEY (`id`),
  KEY `djang_content_type_id_188980ca75629997_fk_django_content_type_id` (`content_type_id`),
  KEY `django_admin_log_user_id_23a1528057a5de30_fk_auth_user_id` (`user_id`),
  CONSTRAINT `djang_content_type_id_188980ca75629997_fk_django_content_type_id` FOREIGN KEY (`content_type_id`) REFERENCES `django_content_type` (`id`),
  CONSTRAINT `django_admin_log_user_id_23a1528057a5de30_fk_auth_user_id` FOREIGN KEY (`user_id`) REFERENCES `auth_user` (`id`)
) ENGINE=InnoDB AUTO_INCREMENT=53 DEFAULT CHARSET=utf8 COLLATE=utf8_unicode_ci;
/*!40101 SET character_set_client = @saved_cs_client */;

--
-- Dumping data for table `django_admin_log`
--

LOCK TABLES `django_admin_log` WRITE;
/*!40000 ALTER TABLE `django_admin_log` DISABLE KEYS */;
INSERT INTO `django_admin_log` VALUES (1,'2015-11-10 17:31:54.470998','1','students',1,'',2,7),(2,'2015-11-10 17:32:32.512597','2','tutors',1,'',2,7),(3,'2015-11-10 19:01:48.239006','185','TestUser',2,'Изменен is_staff.',3,7),(4,'2015-12-07 15:56:31.258894','186','schedule',1,'',3,7),(5,'2015-12-07 15:57:40.030382','186','schedule',2,'Изменен user_permissions.',3,7),(6,'2015-12-07 15:57:55.490366','2cb39149ad82f39253b54a4f561ec6ff27185510','2cb39149ad82f39253b54a4f561ec6ff27185510',2,'Изменен user.',24,7),(7,'2016-01-09 11:32:02.254757','186','schedule',2,'Изменен user_permissions.',3,7),(8,'2016-05-07 15:02:00.858240','6','vk274309154',2,'Изменен is_superuser.',3,7),(9,'2016-05-07 15:45:30.070366','6','vk274309154',2,'Изменен is_superuser.',3,7),(10,'2016-05-08 06:57:17.364677','6','vk274309154',3,'',3,7),(11,'2016-05-08 06:58:24.559135','225','1 2',3,'',3,7),(12,'2016-05-08 06:58:24.572082','216','asdыфвxcx фыамвсмч',3,'',3,7),(13,'2016-05-08 06:58:24.589107','221','bcdevsdzv fqdsfvdfsadaf',3,'',3,7),(14,'2016-05-08 06:58:24.602989','222','dafsdsvcbxvxzd fqwfevvsdf',3,'',3,7),(15,'2016-05-08 06:58:24.615488','219','dasdsad asdafsas',3,'',3,7),(16,'2016-05-08 06:58:24.630798','197','dbvnshgfdvbfdn hrefgsbtefvdbgf',3,'',3,7),(17,'2016-05-08 06:58:24.645152','204','dfvsf sasfdsvfaf',3,'',3,7),(18,'2016-05-08 06:58:24.661729','211','dqwdas dsadfawr',3,'',3,7),(19,'2016-05-08 06:58:24.677120','212','dvdsfdgs sdfadgsbfs',3,'',3,7),(20,'2016-05-08 06:58:24.693249','215','dwqdq dqwdw',3,'',3,7),(21,'2016-05-08 06:58:24.708620','200','edfvbdgfsdasad qw',3,'',3,7),(22,'2016-05-08 06:58:24.731614','190','erewrgfbgd egwrberw',3,'',3,7),(23,'2016-05-08 06:58:24.747362','220','fagsdsasfds фамымвафыа',3,'',3,7),(24,'2016-05-08 06:58:24.763349','226','fefwfe efwe',3,'',3,7),(25,'2016-05-08 06:58:24.782306','198','fngshdfcvbfng thegbdnfhgd',3,'',3,7),(26,'2016-05-08 06:58:24.799789','193','fqwfe fqwfqw',3,'',3,7),(27,'2016-05-08 06:58:24.814087','214','fwef efdsaw',3,'',3,7),(28,'2016-05-08 06:58:24.830147','205','fwefwe',3,'',3,7),(29,'2016-05-08 06:58:24.850469','188','gewrbergwe gqewrfrg',3,'',3,7),(30,'2016-05-08 06:58:24.866530','191','hnethrgr ewqrteqhr',3,'',3,7),(31,'2016-05-08 06:58:24.880779','195','hrengfd hqrgeh',3,'',3,7),(32,'2016-05-08 06:58:24.894116','185','jvbiv biuv',3,'',3,7),(33,'2016-05-08 06:58:24.912826','192','qthergdhrhqef hqren',3,'',3,7),(34,'2016-05-08 06:58:24.925641','213','qwdqwf qfqwfsvdfvsfd',3,'',3,7),(35,'2016-05-08 06:58:24.941350','206','qwefewf wefwef',3,'',3,7),(36,'2016-05-08 06:58:24.955399','208','qwefewfваыа wefwefячачя',3,'',3,7),(37,'2016-05-08 06:58:24.970847','201','qwfqwfwefvwef qwfqwfwefvf',3,'',3,7),(38,'2016-05-08 06:58:24.985694','194','rewegrebntrg wge',3,'',3,7),(39,'2016-05-08 06:58:24.999038','189','rhgesgnr rwegwrhen',3,'',3,7),(40,'2016-05-08 06:58:25.012784','199','tgbfv  thgnfb ',3,'',3,7),(41,'2016-05-08 06:58:25.025288','187','wqegrwqeg ewqegwre',3,'',3,7),(42,'2016-05-08 06:58:25.037950','196','wthfbdvsns hterhfngfd',3,'',3,7),(43,'2016-05-08 06:58:25.049982','218','xxxxxa xxxxa',3,'',3,7),(44,'2016-05-08 06:58:36.549784','202','',3,'',3,7),(45,'2016-05-08 06:59:03.884503','210','ачвм яамяаяы',3,'',3,7),(46,'2016-05-08 08:48:13.127456','267','Ivan_Ivanov',1,'Добавлено.',3,7),(47,'2016-05-21 13:47:20.353076','266','Сотников Виталий',2,'Изменен password.',3,7),(48,'2016-05-21 13:48:19.359900','266','SV',2,'Изменен username.',3,7),(49,'2016-05-21 13:48:45.164290','267','Ivan_Ivanov',2,'Изменен password.',3,7),(50,'2016-05-21 13:51:04.901634','267','Ivan_Ivanov',2,'Изменен password.',3,7),(51,'2016-05-21 14:01:06.962107','266','Виталий',2,'Изменен username.',3,7),(52,'2016-05-21 14:04:03.485821','266','Виталий',2,'Изменен password.',3,7);
/*!40000 ALTER TABLE `django_admin_log` ENABLE KEYS */;
UNLOCK TABLES;

--
-- Table structure for table `django_content_type`
--

DROP TABLE IF EXISTS `django_content_type`;
/*!40101 SET @saved_cs_client     = @@character_set_client */;
/*!40101 SET character_set_client = utf8 */;
CREATE TABLE `django_content_type` (
  `id` int(11) NOT NULL AUTO_INCREMENT,
  `app_label` varchar(100) COLLATE utf8_unicode_ci NOT NULL,
  `model` varchar(100) COLLATE utf8_unicode_ci NOT NULL,
  PRIMARY KEY (`id`),
  UNIQUE KEY `django_content_type_app_label_6aeeaabbe33cc07d_uniq` (`app_label`,`model`)
) ENGINE=InnoDB AUTO_INCREMENT=34 DEFAULT CHARSET=utf8 COLLATE=utf8_unicode_ci;
/*!40101 SET character_set_client = @saved_cs_client */;

--
-- Dumping data for table `django_content_type`
--

LOCK TABLES `django_content_type` WRITE;
/*!40000 ALTER TABLE `django_content_type` DISABLE KEYS */;
INSERT INTO `django_content_type` VALUES (7,'accounts','account'),(8,'accounts','socialuser'),(6,'admin','logentry'),(9,'auditories','auditory'),(2,'auth','group'),(1,'auth','permission'),(3,'auth','user'),(24,'authtoken','token'),(13,'banned_days','bannedperioddiscipline'),(4,'contenttypes','contenttype'),(10,'courses','course'),(29,'days','bannedday'),(27,'days','ignoredday'),(28,'days','studyday'),(12,'disciplines','discipline'),(25,'pairs','pair'),(5,'sessions','session'),(11,'specialities','speciality'),(32,'students','student'),(33,'students','studygroup'),(26,'study_groups','studygroup'),(22,'timetable','day'),(21,'timetable','lesson'),(30,'timetable','timetable'),(31,'tutors','tutor');
/*!40000 ALTER TABLE `django_content_type` ENABLE KEYS */;
UNLOCK TABLES;

--
-- Table structure for table `django_migrations`
--

DROP TABLE IF EXISTS `django_migrations`;
/*!40101 SET @saved_cs_client     = @@character_set_client */;
/*!40101 SET character_set_client = utf8 */;
CREATE TABLE `django_migrations` (
  `id` int(11) NOT NULL AUTO_INCREMENT,
  `app` varchar(255) COLLATE utf8_unicode_ci NOT NULL,
  `name` varchar(255) COLLATE utf8_unicode_ci NOT NULL,
  `applied` datetime(6) NOT NULL,
  PRIMARY KEY (`id`)
) ENGINE=InnoDB AUTO_INCREMENT=35 DEFAULT CHARSET=utf8 COLLATE=utf8_unicode_ci;
/*!40101 SET character_set_client = @saved_cs_client */;

--
-- Dumping data for table `django_migrations`
--

LOCK TABLES `django_migrations` WRITE;
/*!40000 ALTER TABLE `django_migrations` DISABLE KEYS */;
INSERT INTO `django_migrations` VALUES (1,'contenttypes','0001_initial','2015-11-08 13:56:54.204195'),(2,'contenttypes','0002_remove_content_type_name','2015-11-08 13:56:54.453609'),(3,'auth','0001_initial','2015-11-08 13:56:55.574207'),(4,'auth','0002_alter_permission_name_max_length','2015-11-08 13:56:55.686891'),(5,'auth','0003_alter_user_email_max_length','2015-11-08 13:56:55.787810'),(6,'auth','0004_alter_user_username_opts','2015-11-08 13:56:55.818798'),(7,'auth','0005_alter_user_last_login_null','2015-11-08 13:56:55.962406'),(8,'auth','0006_require_contenttypes_0002','2015-11-08 13:56:55.970588'),(9,'accounts','0001_initial','2015-11-08 13:56:56.276090'),(10,'admin','0001_initial','2015-11-08 13:56:56.579117'),(11,'sessions','0001_initial','2015-11-08 13:56:56.711813'),(12,'timetable','0001_initial','2015-12-07 15:19:57.259088'),(13,'timetable','0002_auto_20151207_2021','2015-12-07 15:22:35.632670'),(14,'timetable','0003_auto_20151207_2030','2015-12-07 15:30:16.152312'),(15,'schedule','0001_initial','2015-12-07 15:30:17.418576'),(16,'days','0001_initial','2015-12-14 18:06:01.167383'),(17,'days','0002_auto_20151214_2309','2015-12-14 18:11:11.790121'),(18,'days','0003_bannedday','2015-12-14 18:11:59.181881'),(19,'timetable','0002_timetable_days','2015-12-27 07:02:21.846803'),(20,'timetable','0003_auto_20151227_1210','2015-12-27 07:10:41.154143'),(21,'accounts','0002_auto_20160104_1855','2016-01-04 13:55:36.452956'),(22,'authtoken','0001_initial','2016-01-04 13:56:50.240845'),(23,'accounts','0002_auto_20160104_1856','2016-01-04 13:57:34.707202'),(24,'tutors','0001_initial','2016-01-04 13:59:01.587567'),(25,'admin','0002_logentry_remove_auto_add','2016-01-08 13:33:02.317313'),(26,'auth','0007_alter_validators_add_error_messages','2016-01-08 13:33:02.349065'),(27,'students','0001_initial','2016-01-08 13:33:02.573528'),(28,'students','0002_studygroup','2016-01-08 13:34:00.499421'),(29,'students','0003_student_group','2016-01-08 13:38:52.580728'),(30,'students','0004_auto_20160108_1834','2016-01-08 13:38:52.689836'),(31,'accounts','0002_auto_20160216_2054','2016-02-16 15:54:52.936757'),(32,'timetable','0004_auto_20160221_1732','2016-02-21 12:32:18.078834'),(33,'accounts','0002_auto_20160509_1323','2016-05-21 13:41:45.416396'),(34,'tutors','0002_auto_20160508_1713','2016-05-21 13:41:45.576139');
/*!40000 ALTER TABLE `django_migrations` ENABLE KEYS */;
UNLOCK TABLES;

--
-- Table structure for table `django_session`
--

DROP TABLE IF EXISTS `django_session`;
/*!40101 SET @saved_cs_client     = @@character_set_client */;
/*!40101 SET character_set_client = utf8 */;
CREATE TABLE `django_session` (
  `session_key` varchar(40) COLLATE utf8_unicode_ci NOT NULL,
  `session_data` longtext COLLATE utf8_unicode_ci NOT NULL,
  `expire_date` datetime(6) NOT NULL,
  PRIMARY KEY (`session_key`),
  KEY `django_session_de54fa62` (`expire_date`)
) ENGINE=InnoDB DEFAULT CHARSET=utf8 COLLATE=utf8_unicode_ci;
/*!40101 SET character_set_client = @saved_cs_client */;

--
-- Dumping data for table `django_session`
--

LOCK TABLES `django_session` WRITE;
/*!40000 ALTER TABLE `django_session` DISABLE KEYS */;
INSERT INTO `django_session` VALUES ('0clo5xhlk6jyoyyfrc32mrkb9jkldfqy','YWY5MjllZjIzMDg0MmFjNjhjNDEwNDlkODU4YjhkMjc0YWQ5NDliODp7Il9hdXRoX3VzZXJfaGFzaCI6IjUyOGFkMGRkZDIxNmJiNGI5NGU5NjEyODFiM2FhYTdmZjc0NDQ2MjYiLCJfYXV0aF91c2VyX2JhY2tlbmQiOiJkamFuZ28uY29udHJpYi5hdXRoLmJhY2tlbmRzLk1vZGVsQmFja2VuZCIsIl9hdXRoX3VzZXJfaWQiOiI3In0=','2015-11-24 14:56:02.972945'),('2iy2qqtohxj41folngc6uz4zgodg84hz','YTg4ZmVjY2NjZDBjNzUyNDMzZjcxMzE1NTE3N2E0OGUyNjEzNjU2Yjp7Il9hdXRoX3VzZXJfaWQiOiIyNjYiLCJfYXV0aF91c2VyX2hhc2giOiJlZmNlN2I3NjY5YTVjNTIzM2Q0ZWMwZGEwMGQ2Nzg4Yzk3ZjE2Y2ViIiwiX2F1dGhfdXNlcl9iYWNrZW5kIjoiZGphbmdvLmNvbnRyaWIuYXV0aC5iYWNrZW5kcy5Nb2RlbEJhY2tlbmQifQ==','2016-06-04 16:10:40.177212'),('2ncx86d13cirbg7buntet0gvlsm47bvd','OTEyMTE1ZWU1NGU4OGY4ZGI5NWU5ODRmYjhjMWVkMzc4MTY3NTU4NTp7Il9hdXRoX3VzZXJfaWQiOiI2IiwiX2F1dGhfdXNlcl9iYWNrZW5kIjoiZGphbmdvLmNvbnRyaWIuYXV0aC5iYWNrZW5kcy5Nb2RlbEJhY2tlbmQiLCJfYXV0aF91c2VyX2hhc2giOiI5YmE5ZmJhNmJjZDgxODhhNzA4ZjQzNjYyNWYwZmYyNDMwOWUzNDc5In0=','2016-01-24 05:30:08.158207'),('2o5ojt7l5a7ov3oyggej60rh8oqq2p4r','NmEwYWIzYzAwODg5ZDIxNzdkNzBmNDhhMTgzMjBiNjYwNTcyZWQwNjp7fQ==','2016-01-24 03:46:11.785826'),('2tctpucz4hq04u5966e7tkl8hn1pu9zq','ZTNmZDE0MWNmN2VhOGE0YWYxYzJmMjNlZDI0MTA5NWYyMjgwNjc4ZTp7Il9hdXRoX3VzZXJfYmFja2VuZCI6ImRqYW5nby5jb250cmliLmF1dGguYmFja2VuZHMuTW9kZWxCYWNrZW5kIiwiX2F1dGhfdXNlcl9pZCI6IjciLCJfYXV0aF91c2VyX2hhc2giOiI1MjhhZDBkZGQyMTZiYjRiOTRlOTYxMjgxYjNhYWE3ZmY3NDQ0NjI2In0=','2015-11-24 14:43:13.794420'),('36ldlkeroxeybadnur79phlw492fejjc','NjNhOGU3NTVjNDYzOWYzMGQxNWRlMTI0NjcxNmNhYzExNmFmM2RkNjp7Il9hdXRoX3VzZXJfaWQiOiI3IiwiX2F1dGhfdXNlcl9oYXNoIjoiNTI4YWQwZGRkMjE2YmI0Yjk0ZTk2MTI4MWIzYWFhN2ZmNzQ0NDYyNiIsIl9hdXRoX3VzZXJfYmFja2VuZCI6ImRqYW5nby5jb250cmliLmF1dGguYmFja2VuZHMuTW9kZWxCYWNrZW5kIn0=','2015-11-24 14:33:33.899688'),('3thxska2ses5jmiafxazzllpoof4gp78','NmEwYWIzYzAwODg5ZDIxNzdkNzBmNDhhMTgzMjBiNjYwNTcyZWQwNjp7fQ==','2016-06-04 15:53:36.284284'),('477ajx8a7d0wofe8l62k8swjfp6w7mav','OGY4M2E5NmQ3NGQyYTEwYmYwZTE5YjAxMTlmMDMwNzhmNDkxNjgxMjp7Il9hdXRoX3VzZXJfaGFzaCI6IjcwNjNiNTFiZDYyMDc1MzJlMzM2YTBiNTkyM2Y1YTI4ODA0Mzg2MTAiLCJfYXV0aF91c2VyX2lkIjoiNyIsIl9hdXRoX3VzZXJfYmFja2VuZCI6ImRqYW5nby5jb250cmliLmF1dGguYmFja2VuZHMuTW9kZWxCYWNrZW5kIn0=','2016-01-30 04:29:21.161383'),('4n41s2e8846p807i7en2o08oql7mk3ik','MGM2NTdjNzFmYjZjMmUyYTBlYTllMDk1MTE0ZmUwOTVmMDE3MDgwNTp7Il9hdXRoX3VzZXJfaGFzaCI6IjUyOGFkMGRkZDIxNmJiNGI5NGU5NjEyODFiM2FhYTdmZjc0NDQ2MjYiLCJfYXV0aF91c2VyX2lkIjoiNyIsIl9hdXRoX3VzZXJfYmFja2VuZCI6ImRqYW5nby5jb250cmliLmF1dGguYmFja2VuZHMuTW9kZWxCYWNrZW5kIn0=','2015-11-24 14:44:01.468470'),('5d13ilmmeqh6v5dqtrpmk1r15c00iam2','OGY4M2E5NmQ3NGQyYTEwYmYwZTE5YjAxMTlmMDMwNzhmNDkxNjgxMjp7Il9hdXRoX3VzZXJfaGFzaCI6IjcwNjNiNTFiZDYyMDc1MzJlMzM2YTBiNTkyM2Y1YTI4ODA0Mzg2MTAiLCJfYXV0aF91c2VyX2lkIjoiNyIsIl9hdXRoX3VzZXJfYmFja2VuZCI6ImRqYW5nby5jb250cmliLmF1dGguYmFja2VuZHMuTW9kZWxCYWNrZW5kIn0=','2016-01-30 04:36:58.759594'),('5y9mhoje7qf9pg7aus50vvqp8hn32fez','MGIyODAyNGY3ZWQyMDQyNDk5ZGE3YzUyYzRkMTZjOWY3ZWJmMTAxZjp7Il9hdXRoX3VzZXJfaWQiOiI3IiwiX2F1dGhfdXNlcl9iYWNrZW5kIjoiZGphbmdvLmNvbnRyaWIuYXV0aC5iYWNrZW5kcy5Nb2RlbEJhY2tlbmQiLCJfYXV0aF91c2VyX2hhc2giOiI1MjhhZDBkZGQyMTZiYjRiOTRlOTYxMjgxYjNhYWE3ZmY3NDQ0NjI2In0=','2015-11-24 14:48:46.104099'),('65dmgc9umd1ffwed3q4lcjpvwylm66gh','ODIxOWIwNGJlNjE1YTI4ZDY0OTEwY2U1M2JlNTM3MzBmMjdjYTE4YTp7Il9hdXRoX3VzZXJfYmFja2VuZCI6ImRqYW5nby5jb250cmliLmF1dGguYmFja2VuZHMuTW9kZWxCYWNrZW5kIiwiX2F1dGhfdXNlcl9oYXNoIjoiNTI4YWQwZGRkMjE2YmI0Yjk0ZTk2MTI4MWIzYWFhN2ZmNzQ0NDYyNiIsIl9hdXRoX3VzZXJfaWQiOiI3In0=','2015-11-24 14:19:15.574475'),('6bhc2io5loxyhfwzmiqb3m2mqfk23zci','NTg1ZDRhYzE2NjMxY2IyYTc2MDExNjc5YmRlZDI5ZjJhNWYyMjM1Yjp7Il9hdXRoX3VzZXJfYmFja2VuZCI6ImRqYW5nby5jb250cmliLmF1dGguYmFja2VuZHMuTW9kZWxCYWNrZW5kIiwiX2F1dGhfdXNlcl9pZCI6IjYiLCJfYXV0aF91c2VyX2hhc2giOiI5YmE5ZmJhNmJjZDgxODhhNzA4ZjQzNjYyNWYwZmYyNDMwOWUzNDc5In0=','2016-03-01 15:58:04.636659'),('6nny3am8gnfbrmeqi64trsh2d7gnqvkg','YWY5MjllZjIzMDg0MmFjNjhjNDEwNDlkODU4YjhkMjc0YWQ5NDliODp7Il9hdXRoX3VzZXJfaGFzaCI6IjUyOGFkMGRkZDIxNmJiNGI5NGU5NjEyODFiM2FhYTdmZjc0NDQ2MjYiLCJfYXV0aF91c2VyX2JhY2tlbmQiOiJkamFuZ28uY29udHJpYi5hdXRoLmJhY2tlbmRzLk1vZGVsQmFja2VuZCIsIl9hdXRoX3VzZXJfaWQiOiI3In0=','2015-12-21 15:55:53.150635'),('742kquq854pk4h5mc0vthb4f7egkpyih','ODIxOWIwNGJlNjE1YTI4ZDY0OTEwY2U1M2JlNTM3MzBmMjdjYTE4YTp7Il9hdXRoX3VzZXJfYmFja2VuZCI6ImRqYW5nby5jb250cmliLmF1dGguYmFja2VuZHMuTW9kZWxCYWNrZW5kIiwiX2F1dGhfdXNlcl9oYXNoIjoiNTI4YWQwZGRkMjE2YmI0Yjk0ZTk2MTI4MWIzYWFhN2ZmNzQ0NDYyNiIsIl9hdXRoX3VzZXJfaWQiOiI3In0=','2015-11-24 14:52:58.114763'),('7ckv47d86cnlhf8w6m15grwn5gppjqes','MGM2NTdjNzFmYjZjMmUyYTBlYTllMDk1MTE0ZmUwOTVmMDE3MDgwNTp7Il9hdXRoX3VzZXJfaGFzaCI6IjUyOGFkMGRkZDIxNmJiNGI5NGU5NjEyODFiM2FhYTdmZjc0NDQ2MjYiLCJfYXV0aF91c2VyX2lkIjoiNyIsIl9hdXRoX3VzZXJfYmFja2VuZCI6ImRqYW5nby5jb250cmliLmF1dGguYmFja2VuZHMuTW9kZWxCYWNrZW5kIn0=','2015-11-24 14:44:01.787881'),('8a8g759ds1342s7liwz9k06rkuvx4pjk','NjNhOGU3NTVjNDYzOWYzMGQxNWRlMTI0NjcxNmNhYzExNmFmM2RkNjp7Il9hdXRoX3VzZXJfaWQiOiI3IiwiX2F1dGhfdXNlcl9oYXNoIjoiNTI4YWQwZGRkMjE2YmI0Yjk0ZTk2MTI4MWIzYWFhN2ZmNzQ0NDYyNiIsIl9hdXRoX3VzZXJfYmFja2VuZCI6ImRqYW5nby5jb250cmliLmF1dGguYmFja2VuZHMuTW9kZWxCYWNrZW5kIn0=','2015-11-24 14:54:11.428458'),('8zsyj93494889i7il06ekpwobaivzif9','Y2QwODQxZTUzNjVmN2FkYzg4OGU4ZDRmZmE1YTE0ZWZkZDBjZDBlZjp7Il9hdXRoX3VzZXJfaGFzaCI6IjliYTlmYmE2YmNkODE4OGE3MDhmNDM2NjI1ZjBmZjI0MzA5ZTM0NzkiLCJfYXV0aF91c2VyX2JhY2tlbmQiOiJkamFuZ28uY29udHJpYi5hdXRoLmJhY2tlbmRzLk1vZGVsQmFja2VuZCIsIl9hdXRoX3VzZXJfaWQiOiI2In0=','2016-01-24 06:23:01.453739'),('a0vmqgj4v46pqwxz6iwhe9cs8tst27dg','YzNmN2FjNzE0NGZmZTczYWZjMjFkMzdhZjU0MjgwODRhNDVhNmUxZDp7Il9hdXRoX3VzZXJfaGFzaCI6IjU5MjZhMTdkNDQ5MmI0MTJlMjFhMTQ0OTU1NjYyYjU2NWUxYWFlNDciLCJfYXV0aF91c2VyX2lkIjoiMTg1IiwiX2F1dGhfdXNlcl9iYWNrZW5kIjoiYWNjb3VudHMuYXV0aF9iYWNrZW5kcy5DdXN0b21Vc2VyTW9kZWxCYWNrZW5kIn0=','2015-11-24 19:01:53.093420'),('a2cqmdbyc4d8treoqxq7zm154r3z5tc9','MGM2NTdjNzFmYjZjMmUyYTBlYTllMDk1MTE0ZmUwOTVmMDE3MDgwNTp7Il9hdXRoX3VzZXJfaGFzaCI6IjUyOGFkMGRkZDIxNmJiNGI5NGU5NjEyODFiM2FhYTdmZjc0NDQ2MjYiLCJfYXV0aF91c2VyX2lkIjoiNyIsIl9hdXRoX3VzZXJfYmFja2VuZCI6ImRqYW5nby5jb250cmliLmF1dGguYmFja2VuZHMuTW9kZWxCYWNrZW5kIn0=','2015-11-24 14:44:02.146135'),('apmyb19on2je2u43n66jqeie427edlaq','MGM2NTdjNzFmYjZjMmUyYTBlYTllMDk1MTE0ZmUwOTVmMDE3MDgwNTp7Il9hdXRoX3VzZXJfaGFzaCI6IjUyOGFkMGRkZDIxNmJiNGI5NGU5NjEyODFiM2FhYTdmZjc0NDQ2MjYiLCJfYXV0aF91c2VyX2lkIjoiNyIsIl9hdXRoX3VzZXJfYmFja2VuZCI6ImRqYW5nby5jb250cmliLmF1dGguYmFja2VuZHMuTW9kZWxCYWNrZW5kIn0=','2015-11-24 14:07:52.151929'),('bzsqvomw0df77v137fg8dyo64v98grhq','ZTNmZDE0MWNmN2VhOGE0YWYxYzJmMjNlZDI0MTA5NWYyMjgwNjc4ZTp7Il9hdXRoX3VzZXJfYmFja2VuZCI6ImRqYW5nby5jb250cmliLmF1dGguYmFja2VuZHMuTW9kZWxCYWNrZW5kIiwiX2F1dGhfdXNlcl9pZCI6IjciLCJfYXV0aF91c2VyX2hhc2giOiI1MjhhZDBkZGQyMTZiYjRiOTRlOTYxMjgxYjNhYWE3ZmY3NDQ0NjI2In0=','2015-11-24 14:43:14.094912'),('bzus4tp1ydznfv9yvdakqezkq75sy4ta','MGIyODAyNGY3ZWQyMDQyNDk5ZGE3YzUyYzRkMTZjOWY3ZWJmMTAxZjp7Il9hdXRoX3VzZXJfaWQiOiI3IiwiX2F1dGhfdXNlcl9iYWNrZW5kIjoiZGphbmdvLmNvbnRyaWIuYXV0aC5iYWNrZW5kcy5Nb2RlbEJhY2tlbmQiLCJfYXV0aF91c2VyX2hhc2giOiI1MjhhZDBkZGQyMTZiYjRiOTRlOTYxMjgxYjNhYWE3ZmY3NDQ0NjI2In0=','2015-11-24 14:48:46.755284'),('e1npwdbej4ly8z7aome6bltwtma1q6y7','ODIxOWIwNGJlNjE1YTI4ZDY0OTEwY2U1M2JlNTM3MzBmMjdjYTE4YTp7Il9hdXRoX3VzZXJfYmFja2VuZCI6ImRqYW5nby5jb250cmliLmF1dGguYmFja2VuZHMuTW9kZWxCYWNrZW5kIiwiX2F1dGhfdXNlcl9oYXNoIjoiNTI4YWQwZGRkMjE2YmI0Yjk0ZTk2MTI4MWIzYWFhN2ZmNzQ0NDYyNiIsIl9hdXRoX3VzZXJfaWQiOiI3In0=','2015-11-24 14:49:11.184947'),('f39l2ss7xu0yibt595uisvorjcwpdfrv','NmEwYWIzYzAwODg5ZDIxNzdkNzBmNDhhMTgzMjBiNjYwNTcyZWQwNjp7fQ==','2016-06-04 15:50:25.249917'),('fw9xhrltl0fec81sn1ejatz4mij02zko','YWY5MjllZjIzMDg0MmFjNjhjNDEwNDlkODU4YjhkMjc0YWQ5NDliODp7Il9hdXRoX3VzZXJfaGFzaCI6IjUyOGFkMGRkZDIxNmJiNGI5NGU5NjEyODFiM2FhYTdmZjc0NDQ2MjYiLCJfYXV0aF91c2VyX2JhY2tlbmQiOiJkamFuZ28uY29udHJpYi5hdXRoLmJhY2tlbmRzLk1vZGVsQmFja2VuZCIsIl9hdXRoX3VzZXJfaWQiOiI3In0=','2015-11-24 14:56:03.287272'),('gpq2k20zswrj8gurqyaalbylthywyt55','YWY5MjllZjIzMDg0MmFjNjhjNDEwNDlkODU4YjhkMjc0YWQ5NDliODp7Il9hdXRoX3VzZXJfaGFzaCI6IjUyOGFkMGRkZDIxNmJiNGI5NGU5NjEyODFiM2FhYTdmZjc0NDQ2MjYiLCJfYXV0aF91c2VyX2JhY2tlbmQiOiJkamFuZ28uY29udHJpYi5hdXRoLmJhY2tlbmRzLk1vZGVsQmFja2VuZCIsIl9hdXRoX3VzZXJfaWQiOiI3In0=','2015-11-24 14:45:19.295402'),('ieqg8ck9t5oflu6rg2mgt6i4wn2b6idi','YWY5MjllZjIzMDg0MmFjNjhjNDEwNDlkODU4YjhkMjc0YWQ5NDliODp7Il9hdXRoX3VzZXJfaGFzaCI6IjUyOGFkMGRkZDIxNmJiNGI5NGU5NjEyODFiM2FhYTdmZjc0NDQ2MjYiLCJfYXV0aF91c2VyX2JhY2tlbmQiOiJkamFuZ28uY29udHJpYi5hdXRoLmJhY2tlbmRzLk1vZGVsQmFja2VuZCIsIl9hdXRoX3VzZXJfaWQiOiI3In0=','2015-11-24 14:45:19.654562'),('ijgv3acc78hap0e4h47s0jvjat26gy65','NmEwYWIzYzAwODg5ZDIxNzdkNzBmNDhhMTgzMjBiNjYwNTcyZWQwNjp7fQ==','2016-06-04 15:50:48.509908'),('iyewyl3z2a2lav6a8obx77yh11h97rph','ODIxOWIwNGJlNjE1YTI4ZDY0OTEwY2U1M2JlNTM3MzBmMjdjYTE4YTp7Il9hdXRoX3VzZXJfYmFja2VuZCI6ImRqYW5nby5jb250cmliLmF1dGguYmFja2VuZHMuTW9kZWxCYWNrZW5kIiwiX2F1dGhfdXNlcl9oYXNoIjoiNTI4YWQwZGRkMjE2YmI0Yjk0ZTk2MTI4MWIzYWFhN2ZmNzQ0NDYyNiIsIl9hdXRoX3VzZXJfaWQiOiI3In0=','2015-11-24 14:49:11.599244'),('j9mx4o4q3dnbzl6hofe12czwgyenvft1','NjNhOGU3NTVjNDYzOWYzMGQxNWRlMTI0NjcxNmNhYzExNmFmM2RkNjp7Il9hdXRoX3VzZXJfaWQiOiI3IiwiX2F1dGhfdXNlcl9oYXNoIjoiNTI4YWQwZGRkMjE2YmI0Yjk0ZTk2MTI4MWIzYWFhN2ZmNzQ0NDYyNiIsIl9hdXRoX3VzZXJfYmFja2VuZCI6ImRqYW5nby5jb250cmliLmF1dGguYmFja2VuZHMuTW9kZWxCYWNrZW5kIn0=','2015-11-24 14:54:12.345663'),('jx4jcgf4725u01051e15q93tthn71odh','ODIxOWIwNGJlNjE1YTI4ZDY0OTEwY2U1M2JlNTM3MzBmMjdjYTE4YTp7Il9hdXRoX3VzZXJfYmFja2VuZCI6ImRqYW5nby5jb250cmliLmF1dGguYmFja2VuZHMuTW9kZWxCYWNrZW5kIiwiX2F1dGhfdXNlcl9oYXNoIjoiNTI4YWQwZGRkMjE2YmI0Yjk0ZTk2MTI4MWIzYWFhN2ZmNzQ0NDYyNiIsIl9hdXRoX3VzZXJfaWQiOiI3In0=','2015-11-24 14:52:57.382759'),('k7qj3nq446ruzuar0foyp7qfzmjtq8kd','MTI5ODM0Yzc5YWE0NmI3MjA5NzEwMWE2OWIyMjg0YWJhZWFkMjkyYjp7Il9hdXRoX3VzZXJfaWQiOiI2IiwiX2F1dGhfdXNlcl9oYXNoIjoiOWJhOWZiYTZiY2Q4MTg4YTcwOGY0MzY2MjVmMGZmMjQzMDllMzQ3OSIsIl9hdXRoX3VzZXJfYmFja2VuZCI6ImRqYW5nby5jb250cmliLmF1dGguYmFja2VuZHMuTW9kZWxCYWNrZW5kIn0=','2016-01-24 06:08:38.235640'),('kl3lwhvejbvbda3wfpvuxdb59d3pay1j','NmEwYWIzYzAwODg5ZDIxNzdkNzBmNDhhMTgzMjBiNjYwNTcyZWQwNjp7fQ==','2016-06-04 15:55:21.106755'),('kzkk58glnuulxsfjeqamhebppchk81y5','NjNhOGU3NTVjNDYzOWYzMGQxNWRlMTI0NjcxNmNhYzExNmFmM2RkNjp7Il9hdXRoX3VzZXJfaWQiOiI3IiwiX2F1dGhfdXNlcl9oYXNoIjoiNTI4YWQwZGRkMjE2YmI0Yjk0ZTk2MTI4MWIzYWFhN2ZmNzQ0NDYyNiIsIl9hdXRoX3VzZXJfYmFja2VuZCI6ImRqYW5nby5jb250cmliLmF1dGguYmFja2VuZHMuTW9kZWxCYWNrZW5kIn0=','2015-11-24 14:34:07.369685'),('m8ewdgefrjflx0ypzr9qkmi45jff2s6n','YWY5MjllZjIzMDg0MmFjNjhjNDEwNDlkODU4YjhkMjc0YWQ5NDliODp7Il9hdXRoX3VzZXJfaGFzaCI6IjUyOGFkMGRkZDIxNmJiNGI5NGU5NjEyODFiM2FhYTdmZjc0NDQ2MjYiLCJfYXV0aF91c2VyX2JhY2tlbmQiOiJkamFuZ28uY29udHJpYi5hdXRoLmJhY2tlbmRzLk1vZGVsQmFja2VuZCIsIl9hdXRoX3VzZXJfaWQiOiI3In0=','2015-11-24 14:56:02.558225'),('mc5pd6wnqhlh5t2cjfazj223lnnwyfcr','ZDBkNGU0YzYxZjYyZTVhNzcyNjMwYTk1YzQxZDk4ZmFiODAzZDA1Njp7Il9hdXRoX3VzZXJfYmFja2VuZCI6ImRqYW5nby5jb250cmliLmF1dGguYmFja2VuZHMuTW9kZWxCYWNrZW5kIiwiX2F1dGhfdXNlcl9pZCI6IjciLCJfYXV0aF91c2VyX2hhc2giOiI3MDYzYjUxYmQ2MjA3NTMyZTMzNmEwYjU5MjNmNWEyODgwNDM4NjEwIn0=','2016-03-19 13:09:03.617594'),('mfw209y0ow2qio59u5ilsfu0msq1kz8b','MGIyODAyNGY3ZWQyMDQyNDk5ZGE3YzUyYzRkMTZjOWY3ZWJmMTAxZjp7Il9hdXRoX3VzZXJfaWQiOiI3IiwiX2F1dGhfdXNlcl9iYWNrZW5kIjoiZGphbmdvLmNvbnRyaWIuYXV0aC5iYWNrZW5kcy5Nb2RlbEJhY2tlbmQiLCJfYXV0aF91c2VyX2hhc2giOiI1MjhhZDBkZGQyMTZiYjRiOTRlOTYxMjgxYjNhYWE3ZmY3NDQ0NjI2In0=','2015-11-24 14:52:30.833036'),('n8udklx911gwi41fb8walc23fx9wq0p4','OTNkYjAyZDI2OGFkNWExMTdjOGE0ZTE4ZGNmZGRmN2NhYWY4YWFkOTp7Il9hdXRoX3VzZXJfaWQiOiI3IiwiX2F1dGhfdXNlcl9oYXNoIjoiNzA2M2I1MWJkNjIwNzUzMmUzMzZhMGI1OTIzZjVhMjg4MDQzODYxMCIsIl9hdXRoX3VzZXJfYmFja2VuZCI6ImRqYW5nby5jb250cmliLmF1dGguYmFja2VuZHMuTW9kZWxCYWNrZW5kIn0=','2016-06-04 16:02:36.055868'),('njyvac2iyko0p0dq267txxpqm50s9afn','ODIxOWIwNGJlNjE1YTI4ZDY0OTEwY2U1M2JlNTM3MzBmMjdjYTE4YTp7Il9hdXRoX3VzZXJfYmFja2VuZCI6ImRqYW5nby5jb250cmliLmF1dGguYmFja2VuZHMuTW9kZWxCYWNrZW5kIiwiX2F1dGhfdXNlcl9oYXNoIjoiNTI4YWQwZGRkMjE2YmI0Yjk0ZTk2MTI4MWIzYWFhN2ZmNzQ0NDYyNiIsIl9hdXRoX3VzZXJfaWQiOiI3In0=','2015-11-24 14:49:12.202348'),('oa79yv0yb0ajbugvsr4zs4zj7t0ze28s','NmEwYWIzYzAwODg5ZDIxNzdkNzBmNDhhMTgzMjBiNjYwNTcyZWQwNjp7fQ==','2016-01-24 03:00:02.623793'),('qh3auevgu3ji4y175hxjjt9h7djsvgsd','MGIyODAyNGY3ZWQyMDQyNDk5ZGE3YzUyYzRkMTZjOWY3ZWJmMTAxZjp7Il9hdXRoX3VzZXJfaWQiOiI3IiwiX2F1dGhfdXNlcl9iYWNrZW5kIjoiZGphbmdvLmNvbnRyaWIuYXV0aC5iYWNrZW5kcy5Nb2RlbEJhY2tlbmQiLCJfYXV0aF91c2VyX2hhc2giOiI1MjhhZDBkZGQyMTZiYjRiOTRlOTYxMjgxYjNhYWE3ZmY3NDQ0NjI2In0=','2015-11-24 14:37:01.926064'),('qpnc6z4b8cgqxyxfsw3ikoxz0qdunxhh','ZjNjZGVmYjgxNWE2MTZhOTA2NDA3MzhhODZiYjE5YzJlMTdiMGQwMjp7Il9hdXRoX3VzZXJfYmFja2VuZCI6ImRqYW5nby5jb250cmliLmF1dGguYmFja2VuZHMuTW9kZWxCYWNrZW5kIiwiX2F1dGhfdXNlcl9pZCI6IjciLCJfYXV0aF91c2VyX2hhc2giOiIxMmY3MWFiNTU3Njg5NGY1N2U4YThkMzFlMmE1ZDU0MDk5NDMzOWNjIn0=','2016-05-21 16:17:57.168699'),('qy5c6mlbef91tskgf7hqe6txa3mmh8wx','ODIxOWIwNGJlNjE1YTI4ZDY0OTEwY2U1M2JlNTM3MzBmMjdjYTE4YTp7Il9hdXRoX3VzZXJfYmFja2VuZCI6ImRqYW5nby5jb250cmliLmF1dGguYmFja2VuZHMuTW9kZWxCYWNrZW5kIiwiX2F1dGhfdXNlcl9oYXNoIjoiNTI4YWQwZGRkMjE2YmI0Yjk0ZTk2MTI4MWIzYWFhN2ZmNzQ0NDYyNiIsIl9hdXRoX3VzZXJfaWQiOiI3In0=','2015-11-24 14:52:57.804467'),('rh414l15ehr0ejsn6iik4adv19j3yjkt','YWY5MjllZjIzMDg0MmFjNjhjNDEwNDlkODU4YjhkMjc0YWQ5NDliODp7Il9hdXRoX3VzZXJfaGFzaCI6IjUyOGFkMGRkZDIxNmJiNGI5NGU5NjEyODFiM2FhYTdmZjc0NDQ2MjYiLCJfYXV0aF91c2VyX2JhY2tlbmQiOiJkamFuZ28uY29udHJpYi5hdXRoLmJhY2tlbmRzLk1vZGVsQmFja2VuZCIsIl9hdXRoX3VzZXJfaWQiOiI3In0=','2015-11-24 14:45:18.895687'),('s2e0aew957fwr8e2yqhizapmhl74ylry','MjdkZDlmODg5OGY0ODkzZmQwYzAxNjViNTMyN2FlNDAxZWIxZjlkYTp7Il9hdXRoX3VzZXJfYmFja2VuZCI6ImRqYW5nby5jb250cmliLmF1dGguYmFja2VuZHMuTW9kZWxCYWNrZW5kIiwiX2F1dGhfdXNlcl9oYXNoIjoiNzA2M2I1MWJkNjIwNzUzMmUzMzZhMGI1OTIzZjVhMjg4MDQzODYxMCIsIl9hdXRoX3VzZXJfaWQiOiI3In0=','2016-03-06 11:12:57.661383'),('tbxzbenvx8ieqjcqrkrfu676elik1abm','MGIyODAyNGY3ZWQyMDQyNDk5ZGE3YzUyYzRkMTZjOWY3ZWJmMTAxZjp7Il9hdXRoX3VzZXJfaWQiOiI3IiwiX2F1dGhfdXNlcl9iYWNrZW5kIjoiZGphbmdvLmNvbnRyaWIuYXV0aC5iYWNrZW5kcy5Nb2RlbEJhY2tlbmQiLCJfYXV0aF91c2VyX2hhc2giOiI1MjhhZDBkZGQyMTZiYjRiOTRlOTYxMjgxYjNhYWE3ZmY3NDQ0NjI2In0=','2015-11-24 14:48:46.411152'),('ufockjbj0uzeseadhwlkhh56kenj3nrb','YzQ3NGEyZWEwNGQwNDEyOTFiMWEwNTcxYWRhYTMzYjU4NDI2Y2Y4Nzp7Il9hdXRoX3VzZXJfaGFzaCI6IjcwNjNiNTFiZDYyMDc1MzJlMzM2YTBiNTkyM2Y1YTI4ODA0Mzg2MTAiLCJfYXV0aF91c2VyX2JhY2tlbmQiOiJkamFuZ28uY29udHJpYi5hdXRoLmJhY2tlbmRzLk1vZGVsQmFja2VuZCIsIl9hdXRoX3VzZXJfaWQiOiI3In0=','2016-03-03 12:58:26.349990'),('usckedb7wm7785cnf26onh1nnbb8rft7','YjViOWE5NzQxYWMzNmMyNDFlYjZhODEyNjA5NGI3OTAyOWRmMDJjMzp7Il9hdXRoX3VzZXJfaWQiOiI2IiwiX2F1dGhfdXNlcl9oYXNoIjoiZTljMWQ0MDlkYmQzNGYyN2Y0MGFjZmNmZTA3Nzg4ZjQ2MDgyZDRiMSIsIl9hdXRoX3VzZXJfYmFja2VuZCI6ImRqYW5nby5jb250cmliLmF1dGguYmFja2VuZHMuTW9kZWxCYWNrZW5kIn0=','2016-01-24 06:16:46.275041'),('uugfsbtdlgpckclaxuetw96xihtp0bkg','MGIyODAyNGY3ZWQyMDQyNDk5ZGE3YzUyYzRkMTZjOWY3ZWJmMTAxZjp7Il9hdXRoX3VzZXJfaWQiOiI3IiwiX2F1dGhfdXNlcl9iYWNrZW5kIjoiZGphbmdvLmNvbnRyaWIuYXV0aC5iYWNrZW5kcy5Nb2RlbEJhY2tlbmQiLCJfYXV0aF91c2VyX2hhc2giOiI1MjhhZDBkZGQyMTZiYjRiOTRlOTYxMjgxYjNhYWE3ZmY3NDQ0NjI2In0=','2015-11-24 14:52:30.042367'),('v2bpnok5nhlx6eeql8jp18zmf23zeapb','MGIyODAyNGY3ZWQyMDQyNDk5ZGE3YzUyYzRkMTZjOWY3ZWJmMTAxZjp7Il9hdXRoX3VzZXJfaWQiOiI3IiwiX2F1dGhfdXNlcl9iYWNrZW5kIjoiZGphbmdvLmNvbnRyaWIuYXV0aC5iYWNrZW5kcy5Nb2RlbEJhY2tlbmQiLCJfYXV0aF91c2VyX2hhc2giOiI1MjhhZDBkZGQyMTZiYjRiOTRlOTYxMjgxYjNhYWE3ZmY3NDQ0NjI2In0=','2015-11-24 17:30:18.663527'),('vqe34o3y1qh5arznxsum1h1v3pvnrclt','ZTNmZDE0MWNmN2VhOGE0YWYxYzJmMjNlZDI0MTA5NWYyMjgwNjc4ZTp7Il9hdXRoX3VzZXJfYmFja2VuZCI6ImRqYW5nby5jb250cmliLmF1dGguYmFja2VuZHMuTW9kZWxCYWNrZW5kIiwiX2F1dGhfdXNlcl9pZCI6IjciLCJfYXV0aF91c2VyX2hhc2giOiI1MjhhZDBkZGQyMTZiYjRiOTRlOTYxMjgxYjNhYWE3ZmY3NDQ0NjI2In0=','2015-11-24 14:43:13.466124'),('w3bknt0nms4myv4vsq6zeuqxb5twchyg','YWY5MjllZjIzMDg0MmFjNjhjNDEwNDlkODU4YjhkMjc0YWQ5NDliODp7Il9hdXRoX3VzZXJfaGFzaCI6IjUyOGFkMGRkZDIxNmJiNGI5NGU5NjEyODFiM2FhYTdmZjc0NDQ2MjYiLCJfYXV0aF91c2VyX2JhY2tlbmQiOiJkamFuZ28uY29udHJpYi5hdXRoLmJhY2tlbmRzLk1vZGVsQmFja2VuZCIsIl9hdXRoX3VzZXJfaWQiOiI3In0=','2015-11-24 14:56:03.647913'),('wcmmc1m7czm5q649hxtqv5nswc0tcf80','NjNhOGU3NTVjNDYzOWYzMGQxNWRlMTI0NjcxNmNhYzExNmFmM2RkNjp7Il9hdXRoX3VzZXJfaWQiOiI3IiwiX2F1dGhfdXNlcl9oYXNoIjoiNTI4YWQwZGRkMjE2YmI0Yjk0ZTk2MTI4MWIzYWFhN2ZmNzQ0NDYyNiIsIl9hdXRoX3VzZXJfYmFja2VuZCI6ImRqYW5nby5jb250cmliLmF1dGguYmFja2VuZHMuTW9kZWxCYWNrZW5kIn0=','2015-11-24 14:54:11.741642'),('wu8ajoynfzxaperzwh745fq1io0awywx','ODIxOWIwNGJlNjE1YTI4ZDY0OTEwY2U1M2JlNTM3MzBmMjdjYTE4YTp7Il9hdXRoX3VzZXJfYmFja2VuZCI6ImRqYW5nby5jb250cmliLmF1dGguYmFja2VuZHMuTW9kZWxCYWNrZW5kIiwiX2F1dGhfdXNlcl9oYXNoIjoiNTI4YWQwZGRkMjE2YmI0Yjk0ZTk2MTI4MWIzYWFhN2ZmNzQ0NDYyNiIsIl9hdXRoX3VzZXJfaWQiOiI3In0=','2015-11-24 14:49:11.899480'),('xd7hjyj9r9jifygpyye4i566sccavf7u','MGIyODAyNGY3ZWQyMDQyNDk5ZGE3YzUyYzRkMTZjOWY3ZWJmMTAxZjp7Il9hdXRoX3VzZXJfaWQiOiI3IiwiX2F1dGhfdXNlcl9iYWNrZW5kIjoiZGphbmdvLmNvbnRyaWIuYXV0aC5iYWNrZW5kcy5Nb2RlbEJhY2tlbmQiLCJfYXV0aF91c2VyX2hhc2giOiI1MjhhZDBkZGQyMTZiYjRiOTRlOTYxMjgxYjNhYWE3ZmY3NDQ0NjI2In0=','2015-11-24 14:52:30.486756'),('xlk91mok95hdr2kjac4mflbzff9t8b7f','OTEyMTE1ZWU1NGU4OGY4ZGI5NWU5ODRmYjhjMWVkMzc4MTY3NTU4NTp7Il9hdXRoX3VzZXJfaWQiOiI2IiwiX2F1dGhfdXNlcl9iYWNrZW5kIjoiZGphbmdvLmNvbnRyaWIuYXV0aC5iYWNrZW5kcy5Nb2RlbEJhY2tlbmQiLCJfYXV0aF91c2VyX2hhc2giOiI5YmE5ZmJhNmJjZDgxODhhNzA4ZjQzNjYyNWYwZmYyNDMwOWUzNDc5In0=','2016-05-22 06:27:33.405231'),('xoksxw3dtura2a5y6bfhu72elveormyk','NjNhOGU3NTVjNDYzOWYzMGQxNWRlMTI0NjcxNmNhYzExNmFmM2RkNjp7Il9hdXRoX3VzZXJfaWQiOiI3IiwiX2F1dGhfdXNlcl9oYXNoIjoiNTI4YWQwZGRkMjE2YmI0Yjk0ZTk2MTI4MWIzYWFhN2ZmNzQ0NDYyNiIsIl9hdXRoX3VzZXJfYmFja2VuZCI6ImRqYW5nby5jb250cmliLmF1dGguYmFja2VuZHMuTW9kZWxCYWNrZW5kIn0=','2015-11-24 14:54:12.039160'),('xryosizb8l2yvschgemmmnasffclp98c','MGIyODAyNGY3ZWQyMDQyNDk5ZGE3YzUyYzRkMTZjOWY3ZWJmMTAxZjp7Il9hdXRoX3VzZXJfaWQiOiI3IiwiX2F1dGhfdXNlcl9iYWNrZW5kIjoiZGphbmdvLmNvbnRyaWIuYXV0aC5iYWNrZW5kcy5Nb2RlbEJhY2tlbmQiLCJfYXV0aF91c2VyX2hhc2giOiI1MjhhZDBkZGQyMTZiYjRiOTRlOTYxMjgxYjNhYWE3ZmY3NDQ0NjI2In0=','2015-11-24 14:52:31.125836'),('xs0893fir828wtlshkbvawcup5vfqyo5','ODIxOWIwNGJlNjE1YTI4ZDY0OTEwY2U1M2JlNTM3MzBmMjdjYTE4YTp7Il9hdXRoX3VzZXJfYmFja2VuZCI6ImRqYW5nby5jb250cmliLmF1dGguYmFja2VuZHMuTW9kZWxCYWNrZW5kIiwiX2F1dGhfdXNlcl9oYXNoIjoiNTI4YWQwZGRkMjE2YmI0Yjk0ZTk2MTI4MWIzYWFhN2ZmNzQ0NDYyNiIsIl9hdXRoX3VzZXJfaWQiOiI3In0=','2015-11-24 14:52:58.402941'),('y23kwwa43iufnwnvpko67j1tpahqilyc','NmEwYWIzYzAwODg5ZDIxNzdkNzBmNDhhMTgzMjBiNjYwNTcyZWQwNjp7fQ==','2016-06-04 15:51:48.371333'),('ym1p1ybkzocelfdk2u8yhpty82cvs3cz','MGIyODAyNGY3ZWQyMDQyNDk5ZGE3YzUyYzRkMTZjOWY3ZWJmMTAxZjp7Il9hdXRoX3VzZXJfaWQiOiI3IiwiX2F1dGhfdXNlcl9iYWNrZW5kIjoiZGphbmdvLmNvbnRyaWIuYXV0aC5iYWNrZW5kcy5Nb2RlbEJhY2tlbmQiLCJfYXV0aF91c2VyX2hhc2giOiI1MjhhZDBkZGQyMTZiYjRiOTRlOTYxMjgxYjNhYWE3ZmY3NDQ0NjI2In0=','2015-11-24 14:48:45.704892'),('ymea5qogyaj16w4hw6g2ltlp5c4948it','ZTNmZDE0MWNmN2VhOGE0YWYxYzJmMjNlZDI0MTA5NWYyMjgwNjc4ZTp7Il9hdXRoX3VzZXJfYmFja2VuZCI6ImRqYW5nby5jb250cmliLmF1dGguYmFja2VuZHMuTW9kZWxCYWNrZW5kIiwiX2F1dGhfdXNlcl9pZCI6IjciLCJfYXV0aF91c2VyX2hhc2giOiI1MjhhZDBkZGQyMTZiYjRiOTRlOTYxMjgxYjNhYWE3ZmY3NDQ0NjI2In0=','2015-11-24 14:43:14.391399'),('z39eq3yhgiak2tted7pk361frowfi8fg','NmEwYWIzYzAwODg5ZDIxNzdkNzBmNDhhMTgzMjBiNjYwNTcyZWQwNjp7fQ==','2016-06-04 15:52:24.955132'),('z4a5w09589c70ema16u6vgpgpajymak3','YWY5MjllZjIzMDg0MmFjNjhjNDEwNDlkODU4YjhkMjc0YWQ5NDliODp7Il9hdXRoX3VzZXJfaGFzaCI6IjUyOGFkMGRkZDIxNmJiNGI5NGU5NjEyODFiM2FhYTdmZjc0NDQ2MjYiLCJfYXV0aF91c2VyX2JhY2tlbmQiOiJkamFuZ28uY29udHJpYi5hdXRoLmJhY2tlbmRzLk1vZGVsQmFja2VuZCIsIl9hdXRoX3VzZXJfaWQiOiI3In0=','2015-11-24 14:45:19.950530'),('z8p3q993pdl1rm7ph4pvcu28u79gd7v6','MGM2NTdjNzFmYjZjMmUyYTBlYTllMDk1MTE0ZmUwOTVmMDE3MDgwNTp7Il9hdXRoX3VzZXJfaGFzaCI6IjUyOGFkMGRkZDIxNmJiNGI5NGU5NjEyODFiM2FhYTdmZjc0NDQ2MjYiLCJfYXV0aF91c2VyX2lkIjoiNyIsIl9hdXRoX3VzZXJfYmFja2VuZCI6ImRqYW5nby5jb250cmliLmF1dGguYmFja2VuZHMuTW9kZWxCYWNrZW5kIn0=','2015-11-24 14:44:01.126581');
/*!40000 ALTER TABLE `django_session` ENABLE KEYS */;
UNLOCK TABLES;

--
-- Table structure for table `ignored_days`
--

DROP TABLE IF EXISTS `ignored_days`;
/*!40101 SET @saved_cs_client     = @@character_set_client */;
/*!40101 SET character_set_client = utf8 */;
CREATE TABLE `ignored_days` (
  `id` int(11) NOT NULL AUTO_INCREMENT,
  `beginning_of_period` date NOT NULL,
  `end_of_period` date NOT NULL,
  PRIMARY KEY (`id`)
) ENGINE=InnoDB AUTO_INCREMENT=4 DEFAULT CHARSET=utf8 COLLATE=utf8_unicode_ci;
/*!40101 SET character_set_client = @saved_cs_client */;

--
-- Dumping data for table `ignored_days`
--

LOCK TABLES `ignored_days` WRITE;
/*!40000 ALTER TABLE `ignored_days` DISABLE KEYS */;
INSERT INTO `ignored_days` VALUES (1,'2016-01-01','2016-01-10'),(2,'2016-03-07','2016-03-08'),(3,'2015-12-12','2015-12-12');
/*!40000 ALTER TABLE `ignored_days` ENABLE KEYS */;
UNLOCK TABLES;

--
-- Table structure for table `learning_discipline`
--

DROP TABLE IF EXISTS `learning_discipline`;
/*!40101 SET @saved_cs_client     = @@character_set_client */;
/*!40101 SET character_set_client = utf8 */;
CREATE TABLE `learning_discipline` (
  `id` int(11) NOT NULL AUTO_INCREMENT,
  `duration` int(10) unsigned NOT NULL,
  `course_id` int(11) NOT NULL,
  `depend_id` int(11) DEFAULT NULL,
  `discipline_id` int(11) NOT NULL,
  PRIMARY KEY (`id`),
  KEY `disciplines_course_course_id_20590b0714836273_fk_courses_id` (`course_id`),
  KEY `disciplines_cou_discipline_id_3d338ce677e81431_fk_disciplines_id` (`discipline_id`),
  KEY `disciplines_course_depend_id_464e22cc2e0c59bf_fk_disciplines_id` (`depend_id`),
  CONSTRAINT `disciplines_cou_discipline_id_179a4ac5d3e0e3fd_fk_disciplines_id` FOREIGN KEY (`discipline_id`) REFERENCES `disciplines` (`id`),
  CONSTRAINT `disciplines_course_course_id_20562699aecd4bec_fk_courses_id` FOREIGN KEY (`course_id`) REFERENCES `courses` (`id`),
  CONSTRAINT `disciplines_course_depend_id_5ec0ab2c93b97769_fk_disciplines_id` FOREIGN KEY (`depend_id`) REFERENCES `disciplines` (`id`)
) ENGINE=InnoDB AUTO_INCREMENT=44 DEFAULT CHARSET=utf8 COLLATE=utf8_unicode_ci;
/*!40101 SET character_set_client = @saved_cs_client */;

--
-- Dumping data for table `learning_discipline`
--

LOCK TABLES `learning_discipline` WRITE;
/*!40000 ALTER TABLE `learning_discipline` DISABLE KEYS */;
INSERT INTO `learning_discipline` VALUES (1,40,1,NULL,29),(2,30,1,29,30),(3,20,1,NULL,31),(4,40,1,31,35),(5,30,2,NULL,31),(6,20,2,31,32),(7,30,2,NULL,28),(8,20,3,NULL,31),(9,50,3,31,35),(10,20,3,NULL,29),(11,30,3,29,30),(12,40,4,NULL,28),(13,40,4,NULL,34),(14,20,4,NULL,31),(15,30,4,NULL,33),(17,20,2,NULL,35),(18,20,5,NULL,31),(19,80,5,31,35),(20,20,5,NULL,29),(21,30,5,29,30),(22,40,6,NULL,33),(23,40,6,NULL,28),(24,100,6,NULL,35),(25,30,7,NULL,34),(26,30,7,NULL,32),(27,40,7,NULL,35),(28,80,1,NULL,37),(29,61,1,30,28),(30,40,1,NULL,36),(31,40,1,NULL,38),(32,33,2,NULL,36),(33,45,2,NULL,29),(34,30,3,31,37),(35,12,7,NULL,37),(36,40,7,NULL,36),(37,40,6,NULL,30),(38,34,6,NULL,38),(39,45,5,30,28),(40,15,4,NULL,38),(41,40,4,31,35),(42,30,4,31,32),(43,40,3,NULL,38);
/*!40000 ALTER TABLE `learning_discipline` ENABLE KEYS */;
UNLOCK TABLES;

--
-- Table structure for table `lessons`
--

DROP TABLE IF EXISTS `lessons`;
/*!40101 SET @saved_cs_client     = @@character_set_client */;
/*!40101 SET character_set_client = utf8 */;
CREATE TABLE `lessons` (
  `id` int(11) NOT NULL AUTO_INCREMENT,
  `tutor` int(11) NOT NULL,
  `auditory_id` int(11) NOT NULL,
  `discipline_id` int(11) NOT NULL,
  `group_id` int(11) NOT NULL,
  `pair_id` int(11) NOT NULL,
  PRIMARY KEY (`id`),
  KEY `schedule_lesson_auditory_id_78f30a9812882051_fk_auditories_id` (`auditory_id`),
  KEY `schedule_lesson_discipline_id_2b1c2e0b693337b3_fk_disciplines_id` (`discipline_id`),
  KEY `schedule_lesson_group_id_1d844cc5e7274ea6_fk_study_groups_id` (`group_id`),
  KEY `schedule_lesson_pair_id_3686fce9e6055d8e_fk_pairs_id` (`pair_id`),
  CONSTRAINT `schedule_lesson_auditory_id_78f30a9812882051_fk_auditories_id` FOREIGN KEY (`auditory_id`) REFERENCES `auditories` (`id`),
  CONSTRAINT `schedule_lesson_discipline_id_2b1c2e0b693337b3_fk_disciplines_id` FOREIGN KEY (`discipline_id`) REFERENCES `disciplines` (`id`),
  CONSTRAINT `schedule_lesson_group_id_1d844cc5e7274ea6_fk_study_groups_id` FOREIGN KEY (`group_id`) REFERENCES `study_groups` (`id`),
  CONSTRAINT `schedule_lesson_pair_id_3686fce9e6055d8e_fk_pairs_id` FOREIGN KEY (`pair_id`) REFERENCES `pairs` (`id`)
) ENGINE=InnoDB AUTO_INCREMENT=10174 DEFAULT CHARSET=utf8 COLLATE=utf8_unicode_ci;
/*!40101 SET character_set_client = @saved_cs_client */;

--
-- Dumping data for table `lessons`
--

LOCK TABLES `lessons` WRITE;
/*!40000 ALTER TABLE `lessons` DISABLE KEYS */;
INSERT INTO `lessons` VALUES (1,236,6,31,1,8),(2,236,6,31,2,8),(3,231,2,28,3,8),(4,232,3,29,4,8),(5,236,6,31,5,8),(6,232,3,29,6,8),(7,238,8,33,7,8),(8,237,7,32,40,8),(9,237,7,32,38,8),(10,236,6,31,1,8),(11,236,6,31,2,8),(12,231,2,28,3,8),(13,232,3,29,4,8),(14,236,6,31,5,8),(15,232,3,29,6,8),(16,238,8,33,7,8),(17,237,7,32,40,8),(18,237,7,32,38,8),(19,236,6,31,1,8),(20,236,6,31,2,8),(21,231,2,28,3,8),(22,232,3,29,4,8),(23,236,6,31,5,8),(24,232,3,29,6,8),(25,238,8,33,7,8),(26,237,7,32,40,8),(27,237,7,32,38,8),(28,238,8,33,7,9),(29,232,3,29,6,9),(30,236,6,31,1,9),(31,236,6,31,2,9),(32,236,6,31,5,9),(33,232,3,29,4,9),(34,231,2,28,3,9),(35,237,7,32,40,9),(36,237,7,32,38,9),(37,231,2,28,7,10),(38,236,6,31,6,10),(39,232,3,29,1,10),(40,232,3,29,2,10),(41,238,8,33,5,10),(42,236,6,31,4,10),(43,236,6,31,3,10),(44,239,9,34,40,10),(45,239,9,34,38,10),(46,231,2,28,7,11),(47,236,6,31,6,11),(48,232,3,29,1,11),(49,232,3,29,2,11),(50,238,8,33,5,11),(51,236,6,31,4,11),(52,236,6,31,3,11),(53,239,9,34,40,11),(54,239,9,34,38,11),(55,239,9,34,5,12),(56,239,9,34,5,13),(57,231,2,28,5,14),(58,231,2,28,5,15),(59,238,8,33,7,8),(60,232,3,29,6,8),(61,236,6,31,1,8),(62,236,6,31,2,8),(63,232,3,29,4,8),(64,231,2,28,3,8),(65,237,7,32,40,8),(66,237,7,32,38,8),(67,236,6,31,5,8),(68,238,8,33,7,9),(69,232,3,29,6,9),(70,236,6,31,1,9),(71,236,6,31,2,9),(72,232,3,29,4,9),(73,231,2,28,3,9),(74,237,7,32,40,9),(75,237,7,32,38,9),(76,236,6,31,5,9),(77,231,2,28,7,10),(78,236,6,31,6,10),(79,232,3,29,1,10),(80,232,3,29,2,10),(81,236,6,31,4,10),(82,236,6,31,3,10),(83,239,9,34,40,10),(84,239,9,34,38,10),(85,238,8,33,5,10),(86,231,2,28,7,11),(87,236,6,31,6,11),(88,232,3,29,1,11),(89,232,3,29,2,11),(90,236,6,31,4,11),(91,236,6,31,3,11),(92,239,9,34,40,11),(93,239,9,34,38,11),(94,238,8,33,5,11),(95,239,9,34,5,12),(96,239,9,34,5,13),(97,231,2,28,5,14),(98,231,2,28,5,15),(99,238,8,33,7,8),(100,232,3,29,6,8),(101,236,6,31,1,8),(102,236,6,31,2,8),(103,232,3,29,4,8),(104,231,2,28,3,8),(105,237,7,32,40,8),(106,237,7,32,38,8),(107,236,6,31,5,8),(108,238,8,33,7,9),(109,232,3,29,6,9),(110,236,6,31,1,9),(111,236,6,31,2,9),(112,232,3,29,4,9),(113,231,2,28,3,9),(114,237,7,32,40,9),(115,237,7,32,38,9),(116,236,6,31,5,9),(117,231,2,28,7,10),(118,236,6,31,6,10),(119,232,3,29,1,10),(120,232,3,29,2,10),(121,236,6,31,4,10),(122,236,6,31,3,10),(123,239,9,34,40,10),(124,239,9,34,38,10),(125,238,8,33,5,10),(126,231,2,28,7,11),(127,236,6,31,6,11),(128,232,3,29,1,11),(129,232,3,29,2,11),(130,236,6,31,4,11),(131,236,6,31,3,11),(132,239,9,34,40,11),(133,239,9,34,38,11),(134,238,8,33,5,11),(135,239,9,34,5,12),(136,239,9,34,5,13),(137,231,2,28,5,14),(138,231,2,28,5,15),(139,238,8,33,7,8),(140,232,3,29,6,8),(141,236,6,31,1,8),(142,236,6,31,2,8),(143,232,3,29,4,8),(144,236,6,31,3,8),(145,237,7,32,40,8),(146,237,7,32,38,8),(147,236,6,31,5,8),(148,238,8,33,7,9),(149,232,3,29,6,9),(150,236,6,31,1,9),(151,236,6,31,2,9),(152,232,3,29,4,9),(153,236,6,31,3,9),(154,237,7,32,40,9),(155,237,7,32,38,9),(156,236,6,31,5,9),(157,236,6,31,6,10),(158,232,3,29,1,10),(159,232,3,29,2,10),(160,236,6,31,4,10),(161,239,9,34,40,10),(162,239,9,34,38,10),(163,238,8,33,5,10),(164,236,6,31,6,11),(165,232,3,29,1,11),(166,232,3,29,2,11),(167,236,6,31,4,11),(168,239,9,34,40,11),(169,239,9,34,38,11),(170,238,8,33,5,11),(171,239,9,34,5,12),(172,239,9,34,5,13),(173,238,8,33,7,8),(174,232,3,29,6,8),(175,236,6,31,1,8),(176,236,6,31,2,8),(177,232,3,29,4,8),(178,236,6,31,3,8),(179,237,7,32,40,8),(180,237,7,32,38,8),(181,236,6,31,5,8),(182,238,8,33,7,9),(183,232,3,29,6,9),(184,236,6,31,1,9),(185,236,6,31,2,9),(186,232,3,29,4,9),(187,236,6,31,3,9),(188,237,7,32,40,9),(189,237,7,32,38,9),(190,236,6,31,5,9),(191,231,2,28,7,10),(192,236,6,31,6,10),(193,232,3,29,1,10),(194,232,3,29,2,10),(195,236,6,31,4,10),(196,231,2,28,3,10),(197,239,9,34,40,10),(198,239,9,34,38,10),(199,238,8,33,5,10),(200,231,2,28,7,11),(201,236,6,31,6,11),(202,232,3,29,1,11),(203,232,3,29,2,11),(204,236,6,31,4,11),(205,231,2,28,3,11),(206,239,9,34,40,11),(207,239,9,34,38,11),(208,238,8,33,5,11),(209,239,9,34,5,12),(210,239,9,34,5,13),(211,231,2,28,5,14),(212,231,2,28,5,15),(213,238,8,33,7,8),(214,232,3,29,6,8),(215,236,6,31,1,8),(216,236,6,31,2,8),(217,232,3,29,4,8),(218,236,6,31,3,8),(219,237,7,32,40,8),(220,237,7,32,38,8),(221,236,6,31,5,8),(222,238,8,33,7,9),(223,232,3,29,6,9),(224,236,6,31,1,9),(225,236,6,31,2,9),(226,232,3,29,4,9),(227,236,6,31,3,9),(228,237,7,32,40,9),(229,237,7,32,38,9),(230,236,6,31,5,9),(231,231,2,28,7,10),(232,236,6,31,6,10),(233,232,3,29,1,10),(234,232,3,29,2,10),(235,236,6,31,4,10),(236,231,2,28,3,10),(237,239,9,34,40,10),(238,239,9,34,38,10),(239,238,8,33,5,10),(240,231,2,28,7,11),(241,236,6,31,6,11),(242,232,3,29,1,11),(243,232,3,29,2,11),(244,236,6,31,4,11),(245,231,2,28,3,11),(246,239,9,34,40,11),(247,239,9,34,38,11),(248,238,8,33,5,11),(249,239,9,34,5,12),(250,239,9,34,5,13),(251,231,2,28,5,14),(252,231,2,28,5,15),(253,238,8,33,7,8),(254,232,3,29,6,8),(255,236,6,31,1,8),(256,236,6,31,2,8),(257,232,3,29,4,8),(258,236,6,31,3,8),(259,237,7,32,40,8),(260,237,7,32,38,8),(261,236,6,31,5,8),(262,238,8,33,7,9),(263,232,3,29,6,9),(264,236,6,31,1,9),(265,236,6,31,2,9),(266,232,3,29,4,9),(267,236,6,31,3,9),(268,237,7,32,40,9),(269,237,7,32,38,9),(270,236,6,31,5,9),(271,231,2,28,7,10),(272,236,6,31,6,10),(273,232,3,29,1,10),(274,232,3,29,2,10),(275,236,6,31,4,10),(276,231,2,28,3,10),(277,239,9,34,40,10),(278,239,9,34,38,10),(279,238,8,33,5,10),(280,231,2,28,7,11),(281,236,6,31,6,11),(282,232,3,29,1,11),(283,232,3,29,2,11),(284,236,6,31,4,11),(285,231,2,28,3,11),(286,239,9,34,40,11),(287,239,9,34,38,11),(288,238,8,33,5,11),(289,239,9,34,5,12),(290,239,9,34,5,13),(291,231,2,28,5,14),(292,231,2,28,5,15),(293,238,8,33,7,8),(294,232,3,29,6,8),(295,236,6,31,1,8),(296,236,6,31,2,8),(297,232,3,29,4,8),(298,236,6,31,3,8),(299,237,7,32,40,8),(300,237,7,32,38,8),(301,236,6,31,5,8),(302,238,8,33,7,9),(303,232,3,29,6,9),(304,236,6,31,1,9),(305,236,6,31,2,9),(306,232,3,29,4,9),(307,236,6,31,3,9),(308,237,7,32,40,9),(309,237,7,32,38,9),(310,236,6,31,5,9),(311,231,2,28,7,10),(312,236,6,31,6,10),(313,232,3,29,1,10),(314,232,3,29,2,10),(315,236,6,31,4,10),(316,231,2,28,3,10),(317,239,9,34,40,10),(318,239,9,34,38,10),(319,238,8,33,5,10),(320,231,2,28,7,11),(321,236,6,31,6,11),(322,232,3,29,1,11),(323,232,3,29,2,11),(324,236,6,31,4,11),(325,231,2,28,3,11),(326,239,9,34,40,11),(327,239,9,34,38,11),(328,238,8,33,5,11),(329,239,9,34,5,12),(330,239,9,34,5,13),(331,231,2,28,5,14),(332,231,2,28,5,15),(333,238,8,33,7,8),(334,232,3,29,6,8),(335,236,6,31,1,8),(336,236,6,31,2,8),(337,232,3,29,4,8),(338,236,6,31,3,8),(339,237,7,32,40,8),(340,237,7,32,38,8),(341,236,6,31,5,8),(342,238,8,33,7,9),(343,232,3,29,6,9),(344,236,6,31,1,9),(345,236,6,31,2,9),(346,232,3,29,4,9),(347,236,6,31,3,9),(348,237,7,32,40,9),(349,237,7,32,38,9),(350,236,6,31,5,9),(351,231,2,28,7,10),(352,236,6,31,6,10),(353,232,3,29,1,10),(354,232,3,29,2,10),(355,236,6,31,4,10),(356,231,2,28,3,10),(357,239,9,34,40,10),(358,239,9,34,38,10),(359,238,8,33,5,10),(360,231,2,28,7,11),(361,236,6,31,6,11),(362,232,3,29,1,11),(363,232,3,29,2,11),(364,236,6,31,4,11),(365,231,2,28,3,11),(366,239,9,34,40,11),(367,239,9,34,38,11),(368,238,8,33,5,11),(369,239,9,34,5,12),(370,239,9,34,5,13),(371,231,2,28,5,14),(372,231,2,28,5,15),(373,238,8,33,7,8),(374,232,3,29,6,8),(375,236,6,31,1,8),(376,236,6,31,2,8),(377,232,3,29,4,8),(378,236,6,31,3,8),(379,237,7,32,40,8),(380,237,7,32,38,8),(381,236,6,31,5,8),(382,238,8,33,7,9),(383,232,3,29,6,9),(384,236,6,31,1,9),(385,236,6,31,2,9),(386,232,3,29,4,9),(387,236,6,31,3,9),(388,237,7,32,40,9),(389,237,7,32,38,9),(390,236,6,31,5,9),(391,236,6,31,6,10),(392,232,3,29,1,10),(393,232,3,29,2,10),(394,236,6,31,4,10),(395,239,9,34,40,10),(396,239,9,34,38,10),(397,238,8,33,5,10),(398,236,6,31,6,11),(399,232,3,29,1,11),(400,232,3,29,2,11),(401,236,6,31,4,11),(402,239,9,34,40,11),(403,239,9,34,38,11),(404,238,8,33,5,11),(405,235,5,30,6,12),(406,235,5,30,4,12),(407,239,9,34,5,12),(408,235,5,30,6,13),(409,235,5,30,4,13),(410,239,9,34,5,13),(411,238,8,33,7,8),(412,235,5,30,6,8),(413,232,3,29,1,8),(414,232,3,29,2,8),(415,235,5,30,4,8),(416,236,6,31,3,8),(417,237,7,32,40,8),(418,237,7,32,38,8),(419,238,8,33,5,8),(420,238,8,33,7,9),(421,235,5,30,6,9),(422,232,3,29,1,9),(423,232,3,29,2,9),(424,235,5,30,4,9),(425,236,6,31,3,9),(426,237,7,32,40,9),(427,237,7,32,38,9),(428,238,8,33,5,9),(429,231,2,28,7,10),(430,231,2,28,3,10),(431,239,9,34,40,10),(432,239,9,34,38,10),(433,239,9,34,5,10),(434,231,2,28,7,11),(435,231,2,28,3,11),(436,239,9,34,40,11),(437,239,9,34,38,11),(438,239,9,34,5,11),(439,231,2,28,5,12),(440,231,2,28,5,13),(441,238,8,33,7,8),(442,235,5,30,6,8),(443,232,3,29,1,8),(444,232,3,29,2,8),(445,235,5,30,4,8),(446,236,6,31,3,8),(447,237,7,32,40,8),(448,237,7,32,38,8),(449,238,8,33,5,8),(450,238,8,33,7,9),(451,235,5,30,6,9),(452,232,3,29,1,9),(453,232,3,29,2,9),(454,235,5,30,4,9),(455,236,6,31,3,9),(456,237,7,32,40,9),(457,237,7,32,38,9),(458,238,8,33,5,9),(459,231,2,28,7,10),(460,231,2,28,3,10),(461,239,9,34,40,10),(462,239,9,34,38,10),(463,239,9,34,5,10),(464,231,2,28,7,11),(465,231,2,28,3,11),(466,239,9,34,40,11),(467,239,9,34,38,11),(468,239,9,34,5,11),(469,231,2,28,5,12),(470,231,2,28,5,13),(471,238,8,33,7,8),(472,232,3,29,1,8),(473,232,3,29,2,8),(474,236,6,31,3,8),(475,237,7,32,40,8),(476,237,7,32,38,8),(477,238,8,33,5,8),(478,238,8,33,7,9),(479,232,3,29,1,9),(480,232,3,29,2,9),(481,236,6,31,3,9),(482,237,7,32,40,9),(483,237,7,32,38,9),(484,238,8,33,5,9),(485,231,2,28,7,10),(486,231,2,28,3,10),(487,239,9,34,40,10),(488,239,9,34,38,10),(489,239,9,34,5,10),(490,231,2,28,7,11),(491,231,2,28,3,11),(492,239,9,34,40,11),(493,239,9,34,38,11),(494,239,9,34,5,11),(495,231,2,28,5,12),(496,231,2,28,5,13),(497,238,8,33,7,8),(498,235,5,30,6,8),(499,232,3,29,1,8),(500,232,3,29,2,8),(501,235,5,30,4,8),(502,236,6,31,3,8),(503,237,7,32,40,8),(504,237,7,32,38,8),(505,238,8,33,5,8),(506,238,8,33,7,9),(507,235,5,30,6,9),(508,232,3,29,1,9),(509,232,3,29,2,9),(510,235,5,30,4,9),(511,236,6,31,3,9),(512,237,7,32,40,9),(513,237,7,32,38,9),(514,238,8,33,5,9),(515,231,2,28,7,10),(516,231,2,28,3,10),(517,239,9,34,40,10),(518,239,9,34,38,10),(519,239,9,34,5,10),(520,231,2,28,7,11),(521,231,2,28,3,11),(522,239,9,34,40,11),(523,239,9,34,38,11),(524,239,9,34,5,11),(525,231,2,28,5,12),(526,231,2,28,5,13),(527,238,8,33,7,8),(528,235,5,30,6,8),(529,232,3,29,1,8),(530,232,3,29,2,8),(531,235,5,30,4,8),(532,236,6,31,3,8),(533,237,7,32,40,8),(534,237,7,32,38,8),(535,238,8,33,5,8),(536,238,8,33,7,9),(537,235,5,30,6,9),(538,232,3,29,1,9),(539,232,3,29,2,9),(540,235,5,30,4,9),(541,236,6,31,3,9),(542,237,7,32,40,9),(543,237,7,32,38,9),(544,238,8,33,5,9),(545,231,2,28,7,10),(546,231,2,28,3,10),(547,239,9,34,40,10),(548,239,9,34,38,10),(549,239,9,34,5,10),(550,231,2,28,7,11),(551,231,2,28,3,11),(552,239,9,34,40,11),(553,239,9,34,38,11),(554,239,9,34,5,11),(555,237,7,32,3,12),(556,231,2,28,5,12),(557,237,7,32,3,13),(558,231,2,28,5,13),(559,238,8,33,7,8),(560,235,5,30,6,8),(561,232,3,29,1,8),(562,232,3,29,2,8),(563,235,5,30,4,8),(564,237,7,32,3,8),(565,239,9,34,5,8),(566,238,8,33,7,9),(567,235,5,30,6,9),(568,232,3,29,1,9),(569,232,3,29,2,9),(570,235,5,30,4,9),(571,237,7,32,3,9),(572,239,9,34,5,9),(573,238,8,33,7,8),(574,235,5,30,6,8),(575,232,3,29,1,8),(576,232,3,29,2,8),(577,235,5,30,4,8),(578,231,2,28,3,8),(579,239,9,34,5,8),(580,238,8,33,7,9),(581,235,5,30,6,9),(582,232,3,29,1,9),(583,232,3,29,2,9),(584,235,5,30,4,9),(585,231,2,28,3,9),(586,239,9,34,5,9),(587,231,2,28,7,10),(588,237,7,32,3,10),(589,231,2,28,5,10),(590,231,2,28,7,11),(591,237,7,32,3,11),(592,231,2,28,5,11),(593,238,8,33,7,8),(594,235,5,30,6,8),(595,232,3,29,1,8),(596,232,3,29,2,8),(597,235,5,30,4,8),(598,231,2,28,3,8),(599,239,9,34,5,8),(600,238,8,33,7,9),(601,235,5,30,6,9),(602,232,3,29,1,9),(603,232,3,29,2,9),(604,235,5,30,4,9),(605,231,2,28,3,9),(606,239,9,34,5,9),(607,231,2,28,7,10),(608,237,7,32,3,10),(609,231,2,28,5,10),(610,231,2,28,7,11),(611,237,7,32,3,11),(612,231,2,28,5,11),(613,238,8,33,7,8),(614,232,3,29,1,8),(615,232,3,29,2,8),(616,237,7,32,3,8),(617,239,9,34,5,8),(618,238,8,33,7,9),(619,232,3,29,1,9),(620,232,3,29,2,9),(621,237,7,32,3,9),(622,239,9,34,5,9),(623,231,2,28,7,10),(624,231,2,28,5,10),(625,231,2,28,7,11),(626,231,2,28,5,11),(627,235,5,30,6,8),(628,238,8,33,7,8),(629,232,3,29,1,8),(630,232,3,29,2,8),(631,235,5,30,4,8),(632,237,7,32,3,8),(633,239,9,34,5,8),(634,235,5,30,6,9),(635,238,8,33,7,9),(636,232,3,29,1,9),(637,232,3,29,2,9),(638,235,5,30,4,9),(639,237,7,32,3,9),(640,239,9,34,5,9),(641,231,2,28,7,10),(642,235,5,30,1,10),(643,235,5,30,2,10),(644,231,2,28,5,10),(645,231,2,28,7,11),(646,235,5,30,1,11),(647,235,5,30,2,11),(648,231,2,28,5,11),(649,235,5,30,6,8),(650,231,2,28,7,8),(651,235,5,30,1,8),(652,235,5,30,2,8),(653,235,5,30,4,8),(654,237,7,32,3,8),(655,231,2,28,5,8),(656,235,5,30,6,9),(657,231,2,28,7,9),(658,235,5,30,1,9),(659,235,5,30,2,9),(660,235,5,30,4,9),(661,237,7,32,3,9),(662,231,2,28,5,9),(663,235,5,30,6,8),(664,235,5,30,1,8),(665,235,5,30,2,8),(666,235,5,30,4,8),(667,237,7,32,3,8),(668,235,5,30,6,9),(669,235,5,30,1,9),(670,235,5,30,2,9),(671,235,5,30,4,9),(672,237,7,32,3,9),(673,235,5,30,6,8),(674,231,2,28,7,8),(675,235,5,30,1,8),(676,235,5,30,2,8),(677,235,5,30,4,8),(678,237,7,32,3,8),(679,231,2,28,5,8),(680,235,5,30,6,9),(681,231,2,28,7,9),(682,235,5,30,1,9),(683,235,5,30,2,9),(684,235,5,30,4,9),(685,237,7,32,3,9),(686,231,2,28,5,9),(687,235,5,30,6,8),(688,231,2,28,7,8),(689,235,5,30,1,8),(690,235,5,30,2,8),(691,235,5,30,4,8),(692,237,7,32,3,8),(693,231,2,28,5,8),(694,235,5,30,6,9),(695,231,2,28,7,9),(696,235,5,30,1,9),(697,235,5,30,2,9),(698,235,5,30,4,9),(699,237,7,32,3,9),(700,231,2,28,5,9),(701,235,5,30,6,8),(702,235,5,30,1,8),(703,235,5,30,2,8),(704,235,5,30,4,8),(705,235,5,30,6,9),(706,235,5,30,1,9),(707,235,5,30,2,9),(708,235,5,30,4,9),(709,235,5,30,6,8),(710,235,5,30,1,8),(711,235,5,30,2,8),(712,235,5,30,4,8),(713,235,5,30,6,9),(714,235,5,30,1,9),(715,235,5,30,2,9),(716,235,5,30,4,9),(717,235,5,30,1,8),(718,235,5,30,2,8),(719,235,5,30,1,9),(720,235,5,30,2,9),(721,235,5,30,1,8),(722,235,5,30,2,8),(723,235,5,30,1,9),(724,235,5,30,2,9),(725,235,5,30,1,8),(726,235,5,30,2,8),(727,235,5,30,1,9),(728,235,5,30,2,9),(729,235,5,30,1,8),(730,235,5,30,2,8),(731,235,5,30,1,9),(732,235,5,30,2,9),(733,235,5,30,1,8),(734,235,5,30,2,8),(735,235,5,30,1,9),(736,235,5,30,2,9),(737,235,5,30,1,8),(738,235,5,30,2,8),(739,235,5,30,1,9),(740,235,5,30,2,9),(741,235,5,30,1,8),(742,235,5,30,2,8),(743,235,5,30,1,9),(744,235,5,30,2,9),(745,235,5,30,1,8),(746,235,5,30,2,8),(747,235,5,30,1,9),(748,235,5,30,2,9),(749,236,6,31,1,8),(750,236,6,31,2,8),(751,231,2,28,3,8),(752,232,3,29,4,8),(753,236,6,31,5,8),(754,232,3,29,6,8),(755,238,8,33,7,8),(756,237,7,32,40,8),(757,237,7,32,38,8),(758,238,8,33,7,9),(759,232,3,29,6,9),(760,236,6,31,1,9),(761,236,6,31,2,9),(762,236,6,31,5,9),(763,232,3,29,4,9),(764,231,2,28,3,9),(765,237,7,32,40,9),(766,237,7,32,38,9),(767,236,6,31,1,8),(768,236,6,31,2,8),(769,231,2,28,3,8),(770,232,3,29,4,8),(771,236,6,31,5,8),(772,232,3,29,6,8),(773,238,8,33,7,8),(774,237,7,32,40,8),(775,237,7,32,38,8),(776,238,8,33,7,9),(777,232,3,29,6,9),(778,236,6,31,1,9),(779,236,6,31,2,9),(780,236,6,31,5,9),(781,232,3,29,4,9),(782,231,2,28,3,9),(783,237,7,32,40,9),(784,237,7,32,38,9),(785,231,2,28,7,10),(786,236,6,31,6,10),(787,232,3,29,1,10),(788,232,3,29,2,10),(789,238,8,33,5,10),(790,236,6,31,4,10),(791,236,6,31,3,10),(792,239,9,34,40,10),(793,239,9,34,38,10),(794,231,2,28,7,11),(795,236,6,31,6,11),(796,232,3,29,1,11),(797,232,3,29,2,11),(798,238,8,33,5,11),(799,236,6,31,4,11),(800,236,6,31,3,11),(801,239,9,34,40,11),(802,239,9,34,38,11),(803,239,9,34,5,12),(804,239,9,34,5,13),(805,231,2,28,5,14),(806,231,2,28,5,15),(807,238,8,33,7,8),(808,232,3,29,6,8),(809,236,6,31,1,8),(810,236,6,31,2,8),(811,232,3,29,4,8),(812,231,2,28,3,8),(813,237,7,32,40,8),(814,237,7,32,38,8),(815,236,6,31,5,8),(816,238,8,33,7,9),(817,232,3,29,6,9),(818,236,6,31,1,9),(819,236,6,31,2,9),(820,232,3,29,4,9),(821,231,2,28,3,9),(822,237,7,32,40,9),(823,237,7,32,38,9),(824,236,6,31,5,9),(825,231,2,28,7,10),(826,236,6,31,6,10),(827,232,3,29,1,10),(828,232,3,29,2,10),(829,236,6,31,4,10),(830,236,6,31,3,10),(831,239,9,34,40,10),(832,239,9,34,38,10),(833,238,8,33,5,10),(834,231,2,28,7,11),(835,236,6,31,6,11),(836,232,3,29,1,11),(837,232,3,29,2,11),(838,236,6,31,4,11),(839,236,6,31,3,11),(840,239,9,34,40,11),(841,239,9,34,38,11),(842,238,8,33,5,11),(843,239,9,34,5,12),(844,239,9,34,5,13),(845,231,2,28,5,14),(846,231,2,28,5,15),(847,238,8,33,7,8),(848,232,3,29,6,8),(849,236,6,31,1,8),(850,236,6,31,2,8),(851,232,3,29,4,8),(852,231,2,28,3,8),(853,237,7,32,40,8),(854,237,7,32,38,8),(855,236,6,31,5,8),(856,238,8,33,7,9),(857,232,3,29,6,9),(858,236,6,31,1,9),(859,236,6,31,2,9),(860,232,3,29,4,9),(861,231,2,28,3,9),(862,237,7,32,40,9),(863,237,7,32,38,9),(864,236,6,31,5,9),(865,231,2,28,7,10),(866,236,6,31,6,10),(867,232,3,29,1,10),(868,232,3,29,2,10),(869,236,6,31,4,10),(870,236,6,31,3,10),(871,239,9,34,40,10),(872,239,9,34,38,10),(873,238,8,33,5,10),(874,231,2,28,7,11),(875,236,6,31,6,11),(876,232,3,29,1,11),(877,232,3,29,2,11),(878,236,6,31,4,11),(879,236,6,31,3,11),(880,239,9,34,40,11),(881,239,9,34,38,11),(882,238,8,33,5,11),(883,239,9,34,5,12),(884,239,9,34,5,13),(885,231,2,28,5,14),(886,231,2,28,5,15),(887,238,8,33,7,8),(888,232,3,29,6,8),(889,236,6,31,1,8),(890,236,6,31,2,8),(891,232,3,29,4,8),(892,236,6,31,3,8),(893,237,7,32,40,8),(894,237,7,32,38,8),(895,236,6,31,5,8),(896,238,8,33,7,9),(897,232,3,29,6,9),(898,236,6,31,1,9),(899,236,6,31,2,9),(900,232,3,29,4,9),(901,236,6,31,3,9),(902,237,7,32,40,9),(903,237,7,32,38,9),(904,236,6,31,5,9),(905,236,6,31,6,10),(906,232,3,29,1,10),(907,232,3,29,2,10),(908,236,6,31,4,10),(909,239,9,34,40,10),(910,239,9,34,38,10),(911,238,8,33,5,10),(912,236,6,31,6,11),(913,232,3,29,1,11),(914,232,3,29,2,11),(915,236,6,31,4,11),(916,239,9,34,40,11),(917,239,9,34,38,11),(918,238,8,33,5,11),(919,239,9,34,5,12),(920,239,9,34,5,13),(921,238,8,33,7,8),(922,232,3,29,6,8),(923,236,6,31,1,8),(924,236,6,31,2,8),(925,232,3,29,4,8),(926,236,6,31,3,8),(927,237,7,32,40,8),(928,237,7,32,38,8),(929,236,6,31,5,8),(930,238,8,33,7,9),(931,232,3,29,6,9),(932,236,6,31,1,9),(933,236,6,31,2,9),(934,232,3,29,4,9),(935,236,6,31,3,9),(936,237,7,32,40,9),(937,237,7,32,38,9),(938,236,6,31,5,9),(939,231,2,28,7,10),(940,236,6,31,6,10),(941,232,3,29,1,10),(942,232,3,29,2,10),(943,236,6,31,4,10),(944,231,2,28,3,10),(945,239,9,34,40,10),(946,239,9,34,38,10),(947,238,8,33,5,10),(948,231,2,28,7,11),(949,236,6,31,6,11),(950,232,3,29,1,11),(951,232,3,29,2,11),(952,236,6,31,4,11),(953,231,2,28,3,11),(954,239,9,34,40,11),(955,239,9,34,38,11),(956,238,8,33,5,11),(957,239,9,34,5,12),(958,239,9,34,5,13),(959,231,2,28,5,14),(960,231,2,28,5,15),(961,238,8,33,7,8),(962,232,3,29,6,8),(963,236,6,31,1,8),(964,236,6,31,2,8),(965,232,3,29,4,8),(966,236,6,31,3,8),(967,237,7,32,40,8),(968,237,7,32,38,8),(969,236,6,31,5,8),(970,238,8,33,7,9),(971,232,3,29,6,9),(972,236,6,31,1,9),(973,236,6,31,2,9),(974,232,3,29,4,9),(975,236,6,31,3,9),(976,237,7,32,40,9),(977,237,7,32,38,9),(978,236,6,31,5,9),(979,231,2,28,7,10),(980,236,6,31,6,10),(981,232,3,29,1,10),(982,232,3,29,2,10),(983,236,6,31,4,10),(984,231,2,28,3,10),(985,239,9,34,40,10),(986,239,9,34,38,10),(987,238,8,33,5,10),(988,231,2,28,7,11),(989,236,6,31,6,11),(990,232,3,29,1,11),(991,232,3,29,2,11),(992,236,6,31,4,11),(993,231,2,28,3,11),(994,239,9,34,40,11),(995,239,9,34,38,11),(996,238,8,33,5,11),(997,239,9,34,5,12),(998,239,9,34,5,13),(999,231,2,28,5,14),(1000,231,2,28,5,15),(1001,238,8,33,7,8),(1002,232,3,29,6,8),(1003,236,6,31,1,8),(1004,236,6,31,2,8),(1005,232,3,29,4,8),(1006,236,6,31,3,8),(1007,237,7,32,40,8),(1008,237,7,32,38,8),(1009,236,6,31,5,8),(1010,238,8,33,7,9),(1011,232,3,29,6,9),(1012,236,6,31,1,9),(1013,236,6,31,2,9),(1014,232,3,29,4,9),(1015,236,6,31,3,9),(1016,237,7,32,40,9),(1017,237,7,32,38,9),(1018,236,6,31,5,9),(1019,231,2,28,7,10),(1020,236,6,31,6,10),(1021,232,3,29,1,10),(1022,232,3,29,2,10),(1023,236,6,31,4,10),(1024,231,2,28,3,10),(1025,239,9,34,40,10),(1026,239,9,34,38,10),(1027,238,8,33,5,10),(1028,231,2,28,7,11),(1029,236,6,31,6,11),(1030,232,3,29,1,11),(1031,232,3,29,2,11),(1032,236,6,31,4,11),(1033,231,2,28,3,11),(1034,239,9,34,40,11),(1035,239,9,34,38,11),(1036,238,8,33,5,11),(1037,239,9,34,5,12),(1038,239,9,34,5,13),(1039,231,2,28,5,14),(1040,231,2,28,5,15),(1041,238,8,33,7,8),(1042,232,3,29,6,8),(1043,236,6,31,1,8),(1044,236,6,31,2,8),(1045,232,3,29,4,8),(1046,236,6,31,3,8),(1047,237,7,32,40,8),(1048,237,7,32,38,8),(1049,236,6,31,5,8),(1050,238,8,33,7,9),(1051,232,3,29,6,9),(1052,236,6,31,1,9),(1053,236,6,31,2,9),(1054,232,3,29,4,9),(1055,236,6,31,3,9),(1056,237,7,32,40,9),(1057,237,7,32,38,9),(1058,236,6,31,5,9),(1059,231,2,28,7,10),(1060,236,6,31,6,10),(1061,232,3,29,1,10),(1062,232,3,29,2,10),(1063,236,6,31,4,10),(1064,231,2,28,3,10),(1065,239,9,34,40,10),(1066,239,9,34,38,10),(1067,238,8,33,5,10),(1068,231,2,28,7,11),(1069,236,6,31,6,11),(1070,232,3,29,1,11),(1071,232,3,29,2,11),(1072,236,6,31,4,11),(1073,231,2,28,3,11),(1074,239,9,34,40,11),(1075,239,9,34,38,11),(1076,238,8,33,5,11),(1077,239,9,34,5,12),(1078,239,9,34,5,13),(1079,231,2,28,5,14),(1080,231,2,28,5,15),(1081,238,8,33,7,8),(1082,232,3,29,6,8),(1083,236,6,31,1,8),(1084,236,6,31,2,8),(1085,232,3,29,4,8),(1086,236,6,31,3,8),(1087,237,7,32,40,8),(1088,237,7,32,38,8),(1089,236,6,31,5,8),(1090,238,8,33,7,9),(1091,232,3,29,6,9),(1092,236,6,31,1,9),(1093,236,6,31,2,9),(1094,232,3,29,4,9),(1095,236,6,31,3,9),(1096,237,7,32,40,9),(1097,237,7,32,38,9),(1098,236,6,31,5,9),(1099,231,2,28,7,10),(1100,236,6,31,6,10),(1101,232,3,29,1,10),(1102,232,3,29,2,10),(1103,236,6,31,4,10),(1104,231,2,28,3,10),(1105,239,9,34,40,10),(1106,239,9,34,38,10),(1107,238,8,33,5,10),(1108,231,2,28,7,11),(1109,236,6,31,6,11),(1110,232,3,29,1,11),(1111,232,3,29,2,11),(1112,236,6,31,4,11),(1113,231,2,28,3,11),(1114,239,9,34,40,11),(1115,239,9,34,38,11),(1116,238,8,33,5,11),(1117,239,9,34,5,12),(1118,239,9,34,5,13),(1119,231,2,28,5,14),(1120,231,2,28,5,15),(1121,238,8,33,7,8),(1122,232,3,29,6,8),(1123,236,6,31,1,8),(1124,236,6,31,2,8),(1125,232,3,29,4,8),(1126,236,6,31,3,8),(1127,237,7,32,40,8),(1128,237,7,32,38,8),(1129,236,6,31,5,8),(1130,238,8,33,7,9),(1131,232,3,29,6,9),(1132,236,6,31,1,9),(1133,236,6,31,2,9),(1134,232,3,29,4,9),(1135,236,6,31,3,9),(1136,237,7,32,40,9),(1137,237,7,32,38,9),(1138,236,6,31,5,9),(1139,236,6,31,6,10),(1140,232,3,29,1,10),(1141,232,3,29,2,10),(1142,236,6,31,4,10),(1143,239,9,34,40,10),(1144,239,9,34,38,10),(1145,238,8,33,5,10),(1146,236,6,31,6,11),(1147,232,3,29,1,11),(1148,232,3,29,2,11),(1149,236,6,31,4,11),(1150,239,9,34,40,11),(1151,239,9,34,38,11),(1152,238,8,33,5,11),(1153,235,5,30,6,12),(1154,235,5,30,4,12),(1155,239,9,34,5,12),(1156,235,5,30,6,13),(1157,235,5,30,4,13),(1158,239,9,34,5,13),(1159,238,8,33,7,8),(1160,235,5,30,6,8),(1161,232,3,29,1,8),(1162,232,3,29,2,8),(1163,235,5,30,4,8),(1164,236,6,31,3,8),(1165,237,7,32,40,8),(1166,237,7,32,38,8),(1167,238,8,33,5,8),(1168,238,8,33,7,9),(1169,235,5,30,6,9),(1170,232,3,29,1,9),(1171,232,3,29,2,9),(1172,235,5,30,4,9),(1173,236,6,31,3,9),(1174,237,7,32,40,9),(1175,237,7,32,38,9),(1176,238,8,33,5,9),(1177,231,2,28,7,10),(1178,231,2,28,3,10),(1179,239,9,34,40,10),(1180,239,9,34,38,10),(1181,239,9,34,5,10),(1182,231,2,28,7,11),(1183,231,2,28,3,11),(1184,239,9,34,40,11),(1185,239,9,34,38,11),(1186,239,9,34,5,11),(1187,231,2,28,5,12),(1188,231,2,28,5,13),(1189,238,8,33,7,8),(1190,235,5,30,6,8),(1191,232,3,29,1,8),(1192,232,3,29,2,8),(1193,235,5,30,4,8),(1194,236,6,31,3,8),(1195,237,7,32,40,8),(1196,237,7,32,38,8),(1197,238,8,33,5,8),(1198,238,8,33,7,9),(1199,235,5,30,6,9),(1200,232,3,29,1,9),(1201,232,3,29,2,9),(1202,235,5,30,4,9),(1203,236,6,31,3,9),(1204,237,7,32,40,9),(1205,237,7,32,38,9),(1206,238,8,33,5,9),(1207,231,2,28,7,10),(1208,231,2,28,3,10),(1209,239,9,34,40,10),(1210,239,9,34,38,10),(1211,239,9,34,5,10),(1212,231,2,28,7,11),(1213,231,2,28,3,11),(1214,239,9,34,40,11),(1215,239,9,34,38,11),(1216,239,9,34,5,11),(1217,231,2,28,5,12),(1218,231,2,28,5,13),(1219,238,8,33,7,8),(1220,232,3,29,1,8),(1221,232,3,29,2,8),(1222,236,6,31,3,8),(1223,237,7,32,40,8),(1224,237,7,32,38,8),(1225,238,8,33,5,8),(1226,238,8,33,7,9),(1227,232,3,29,1,9),(1228,232,3,29,2,9),(1229,236,6,31,3,9),(1230,237,7,32,40,9),(1231,237,7,32,38,9),(1232,238,8,33,5,9),(1233,231,2,28,7,10),(1234,231,2,28,3,10),(1235,239,9,34,40,10),(1236,239,9,34,38,10),(1237,239,9,34,5,10),(1238,231,2,28,7,11),(1239,231,2,28,3,11),(1240,239,9,34,40,11),(1241,239,9,34,38,11),(1242,239,9,34,5,11),(1243,231,2,28,5,12),(1244,231,2,28,5,13),(1245,238,8,33,7,8),(1246,235,5,30,6,8),(1247,232,3,29,1,8),(1248,232,3,29,2,8),(1249,235,5,30,4,8),(1250,236,6,31,3,8),(1251,237,7,32,40,8),(1252,237,7,32,38,8),(1253,238,8,33,5,8),(1254,238,8,33,7,9),(1255,235,5,30,6,9),(1256,232,3,29,1,9),(1257,232,3,29,2,9),(1258,235,5,30,4,9),(1259,236,6,31,3,9),(1260,237,7,32,40,9),(1261,237,7,32,38,9),(1262,238,8,33,5,9),(1263,231,2,28,7,10),(1264,231,2,28,3,10),(1265,239,9,34,40,10),(1266,239,9,34,38,10),(1267,239,9,34,5,10),(1268,231,2,28,7,11),(1269,231,2,28,3,11),(1270,239,9,34,40,11),(1271,239,9,34,38,11),(1272,239,9,34,5,11),(1273,231,2,28,5,12),(1274,231,2,28,5,13),(1275,238,8,33,7,8),(1276,235,5,30,6,8),(1277,232,3,29,1,8),(1278,232,3,29,2,8),(1279,235,5,30,4,8),(1280,236,6,31,3,8),(1281,237,7,32,40,8),(1282,237,7,32,38,8),(1283,238,8,33,5,8),(1284,238,8,33,7,9),(1285,235,5,30,6,9),(1286,232,3,29,1,9),(1287,232,3,29,2,9),(1288,235,5,30,4,9),(1289,236,6,31,3,9),(1290,237,7,32,40,9),(1291,237,7,32,38,9),(1292,238,8,33,5,9),(1293,231,2,28,7,10),(1294,231,2,28,3,10),(1295,239,9,34,40,10),(1296,239,9,34,38,10),(1297,239,9,34,5,10),(1298,231,2,28,7,11),(1299,231,2,28,3,11),(1300,239,9,34,40,11),(1301,239,9,34,38,11),(1302,239,9,34,5,11),(1303,237,7,32,3,12),(1304,231,2,28,5,12),(1305,237,7,32,3,13),(1306,231,2,28,5,13),(1307,238,8,33,7,8),(1308,235,5,30,6,8),(1309,232,3,29,1,8),(1310,232,3,29,2,8),(1311,235,5,30,4,8),(1312,237,7,32,3,8),(1313,239,9,34,5,8),(1314,238,8,33,7,9),(1315,235,5,30,6,9),(1316,232,3,29,1,9),(1317,232,3,29,2,9),(1318,235,5,30,4,9),(1319,237,7,32,3,9),(1320,239,9,34,5,9),(1321,238,8,33,7,8),(1322,235,5,30,6,8),(1323,232,3,29,1,8),(1324,232,3,29,2,8),(1325,235,5,30,4,8),(1326,231,2,28,3,8),(1327,239,9,34,5,8),(1328,238,8,33,7,9),(1329,235,5,30,6,9),(1330,232,3,29,1,9),(1331,232,3,29,2,9),(1332,235,5,30,4,9),(1333,231,2,28,3,9),(1334,239,9,34,5,9),(1335,231,2,28,7,10),(1336,237,7,32,3,10),(1337,231,2,28,5,10),(1338,231,2,28,7,11),(1339,237,7,32,3,11),(1340,231,2,28,5,11),(1341,238,8,33,7,8),(1342,235,5,30,6,8),(1343,232,3,29,1,8),(1344,232,3,29,2,8),(1345,235,5,30,4,8),(1346,231,2,28,3,8),(1347,239,9,34,5,8),(1348,238,8,33,7,9),(1349,235,5,30,6,9),(1350,232,3,29,1,9),(1351,232,3,29,2,9),(1352,235,5,30,4,9),(1353,231,2,28,3,9),(1354,239,9,34,5,9),(1355,231,2,28,7,10),(1356,237,7,32,3,10),(1357,231,2,28,5,10),(1358,231,2,28,7,11),(1359,237,7,32,3,11),(1360,231,2,28,5,11),(1361,238,8,33,7,8),(1362,232,3,29,1,8),(1363,232,3,29,2,8),(1364,237,7,32,3,8),(1365,239,9,34,5,8),(1366,238,8,33,7,9),(1367,232,3,29,1,9),(1368,232,3,29,2,9),(1369,237,7,32,3,9),(1370,239,9,34,5,9),(1371,231,2,28,7,10),(1372,231,2,28,5,10),(1373,231,2,28,7,11),(1374,231,2,28,5,11),(1375,235,5,30,6,8),(1376,238,8,33,7,8),(1377,232,3,29,1,8),(1378,232,3,29,2,8),(1379,235,5,30,4,8),(1380,237,7,32,3,8),(1381,239,9,34,5,8),(1382,235,5,30,6,9),(1383,238,8,33,7,9),(1384,232,3,29,1,9),(1385,232,3,29,2,9),(1386,235,5,30,4,9),(1387,237,7,32,3,9),(1388,239,9,34,5,9),(1389,231,2,28,7,10),(1390,235,5,30,1,10),(1391,235,5,30,2,10),(1392,231,2,28,5,10),(1393,231,2,28,7,11),(1394,235,5,30,1,11),(1395,235,5,30,2,11),(1396,231,2,28,5,11),(1397,235,5,30,6,8),(1398,231,2,28,7,8),(1399,235,5,30,1,8),(1400,235,5,30,2,8),(1401,235,5,30,4,8),(1402,237,7,32,3,8),(1403,231,2,28,5,8),(1404,235,5,30,6,9),(1405,231,2,28,7,9),(1406,235,5,30,1,9),(1407,235,5,30,2,9),(1408,235,5,30,4,9),(1409,237,7,32,3,9),(1410,231,2,28,5,9),(1411,235,5,30,6,8),(1412,235,5,30,1,8),(1413,235,5,30,2,8),(1414,235,5,30,4,8),(1415,237,7,32,3,8),(1416,235,5,30,6,9),(1417,235,5,30,1,9),(1418,235,5,30,2,9),(1419,235,5,30,4,9),(1420,237,7,32,3,9),(1421,235,5,30,6,8),(1422,231,2,28,7,8),(1423,235,5,30,1,8),(1424,235,5,30,2,8),(1425,235,5,30,4,8),(1426,237,7,32,3,8),(1427,231,2,28,5,8),(1428,235,5,30,6,9),(1429,231,2,28,7,9),(1430,235,5,30,1,9),(1431,235,5,30,2,9),(1432,235,5,30,4,9),(1433,237,7,32,3,9),(1434,231,2,28,5,9),(1435,235,5,30,6,8),(1436,231,2,28,7,8),(1437,235,5,30,1,8),(1438,235,5,30,2,8),(1439,235,5,30,4,8),(1440,237,7,32,3,8),(1441,231,2,28,5,8),(1442,235,5,30,6,9),(1443,231,2,28,7,9),(1444,235,5,30,1,9),(1445,235,5,30,2,9),(1446,235,5,30,4,9),(1447,237,7,32,3,9),(1448,231,2,28,5,9),(1449,235,5,30,6,8),(1450,235,5,30,1,8),(1451,235,5,30,2,8),(1452,235,5,30,4,8),(1453,235,5,30,6,9),(1454,235,5,30,1,9),(1455,235,5,30,2,9),(1456,235,5,30,4,9),(1457,235,5,30,6,8),(1458,235,5,30,1,8),(1459,235,5,30,2,8),(1460,235,5,30,4,8),(1461,235,5,30,6,9),(1462,235,5,30,1,9),(1463,235,5,30,2,9),(1464,235,5,30,4,9),(1465,235,5,30,1,8),(1466,235,5,30,2,8),(1467,235,5,30,1,9),(1468,235,5,30,2,9),(1469,235,5,30,1,8),(1470,235,5,30,2,8),(1471,235,5,30,1,9),(1472,235,5,30,2,9),(1473,235,5,30,1,8),(1474,235,5,30,2,8),(1475,235,5,30,1,9),(1476,235,5,30,2,9),(1477,235,5,30,1,8),(1478,235,5,30,2,8),(1479,235,5,30,1,9),(1480,235,5,30,2,9),(1481,235,5,30,1,8),(1482,235,5,30,2,8),(1483,235,5,30,1,9),(1484,235,5,30,2,9),(1485,235,5,30,1,8),(1486,235,5,30,2,8),(1487,235,5,30,1,9),(1488,235,5,30,2,9),(1489,235,5,30,1,8),(1490,235,5,30,2,8),(1491,235,5,30,1,9),(1492,235,5,30,2,9),(1493,235,5,30,1,8),(1494,235,5,30,2,8),(1495,235,5,30,1,9),(1496,235,5,30,2,9),(1497,236,6,31,1,8),(1498,236,6,31,2,8),(1499,231,2,28,3,8),(1500,232,3,29,4,8),(1501,260,8,38,5,8),(1502,232,3,29,6,8),(1503,260,8,38,7,8),(1504,258,6,37,40,8),(1505,231,2,28,41,8),(1506,232,3,29,42,8),(1507,260,8,38,43,8),(1508,232,3,29,44,8),(1509,260,8,38,45,8),(1510,258,6,37,38,8),(1511,236,6,31,1,9),(1512,236,6,31,2,9),(1513,260,8,38,7,9),(1514,260,8,38,45,9),(1515,260,8,38,5,9),(1516,260,8,38,43,9),(1517,232,3,29,6,9),(1518,232,3,29,44,9),(1519,232,3,29,4,9),(1520,232,3,29,42,9),(1521,231,2,28,3,9),(1522,231,2,28,41,9),(1523,258,6,37,40,9),(1524,258,6,37,38,9),(1525,256,1,36,1,10),(1526,256,1,36,2,10),(1527,238,8,33,7,10),(1528,238,8,33,45,10),(1529,236,6,31,5,10),(1530,236,6,31,43,10),(1531,236,6,31,6,10),(1532,236,6,31,44,10),(1533,236,6,31,4,10),(1534,236,6,31,42,10),(1535,236,6,31,3,10),(1536,236,6,31,41,10),(1537,237,7,32,40,10),(1538,237,7,32,38,10),(1539,256,1,36,1,11),(1540,256,1,36,2,11),(1541,238,8,33,7,11),(1542,238,8,33,45,11),(1543,236,6,31,5,11),(1544,236,6,31,43,11),(1545,236,6,31,6,11),(1546,236,6,31,44,11),(1547,236,6,31,4,11),(1548,236,6,31,42,11),(1549,236,6,31,3,11),(1550,236,6,31,41,11),(1551,237,7,32,40,11),(1552,237,7,32,38,11),(1553,260,8,38,1,12),(1554,260,8,38,2,12),(1555,231,2,28,7,12),(1556,231,2,28,45,12),(1557,238,8,33,5,12),(1558,238,8,33,43,12),(1559,260,8,38,4,12),(1560,260,8,38,42,12),(1561,256,1,36,3,12),(1562,256,1,36,41,12),(1563,239,8,34,40,12),(1564,239,8,34,38,12),(1565,260,8,38,1,13),(1566,260,8,38,2,13),(1567,231,2,28,7,13),(1568,231,2,28,45,13),(1569,238,8,33,5,13),(1570,238,8,33,43,13),(1571,260,8,38,4,13),(1572,260,8,38,42,13),(1573,256,1,36,3,13),(1574,256,1,36,41,13),(1575,239,8,34,40,13),(1576,239,8,34,38,13),(1577,232,3,29,1,14),(1578,232,3,29,2,14),(1579,239,8,34,5,14),(1580,239,8,34,43,14),(1581,232,3,29,3,14),(1582,232,3,29,41,14),(1583,256,1,36,40,14),(1584,256,1,36,38,14),(1585,232,3,29,1,15),(1586,232,3,29,2,15),(1587,239,8,34,5,15),(1588,239,8,34,43,15),(1589,232,3,29,3,15),(1590,232,3,29,41,15),(1591,256,1,36,40,15),(1592,256,1,36,38,15),(1593,232,3,29,6,8),(1594,232,3,29,44,8),(1595,236,6,31,1,8),(1596,236,6,31,2,8),(1597,260,8,38,7,8),(1598,260,8,38,45,8),(1599,232,3,29,4,8),(1600,232,3,29,42,8),(1601,260,8,38,5,8),(1602,260,8,38,43,8),(1603,253,5,35,3,8),(1604,253,5,35,41,8),(1605,258,6,37,40,8),(1606,258,6,37,38,8),(1607,236,6,31,1,9),(1608,236,6,31,2,9),(1609,232,3,29,6,9),(1610,232,3,29,44,9),(1611,260,8,38,7,9),(1612,260,8,38,45,9),(1613,232,3,29,4,9),(1614,232,3,29,42,9),(1615,260,8,38,5,9),(1616,260,8,38,43,9),(1617,253,5,35,3,9),(1618,253,5,35,41,9),(1619,258,6,37,40,9),(1620,258,6,37,38,9),(1621,256,1,36,1,10),(1622,256,1,36,2,10),(1623,236,6,31,6,10),(1624,236,6,31,44,10),(1625,238,8,33,7,10),(1626,238,8,33,45,10),(1627,236,6,31,4,10),(1628,236,6,31,42,10),(1629,236,6,31,5,10),(1630,236,6,31,43,10),(1631,231,2,28,3,10),(1632,231,2,28,41,10),(1633,237,7,32,40,10),(1634,237,7,32,38,10),(1635,256,1,36,1,11),(1636,256,1,36,2,11),(1637,238,8,33,7,11),(1638,238,8,33,45,11),(1639,236,6,31,6,11),(1640,236,6,31,44,11),(1641,236,6,31,4,11),(1642,236,6,31,42,11),(1643,236,6,31,5,11),(1644,236,6,31,43,11),(1645,231,2,28,3,11),(1646,231,2,28,41,11),(1647,237,7,32,40,11),(1648,237,7,32,38,11),(1649,260,8,38,1,12),(1650,260,8,38,2,12),(1651,231,2,28,7,12),(1652,231,2,28,45,12),(1653,260,8,38,4,12),(1654,260,8,38,42,12),(1655,238,8,33,5,12),(1656,238,8,33,43,12),(1657,236,6,31,3,12),(1658,236,6,31,41,12),(1659,239,8,34,40,12),(1660,239,8,34,38,12),(1661,260,8,38,1,13),(1662,260,8,38,2,13),(1663,231,2,28,7,13),(1664,231,2,28,45,13),(1665,260,8,38,4,13),(1666,260,8,38,42,13),(1667,238,8,33,5,13),(1668,238,8,33,43,13),(1669,236,6,31,3,13),(1670,236,6,31,41,13),(1671,239,8,34,40,13),(1672,239,8,34,38,13),(1673,232,3,29,1,14),(1674,232,3,29,2,14),(1675,235,1,30,7,14),(1676,235,1,30,45,14),(1677,239,8,34,5,14),(1678,239,8,34,43,14),(1679,256,1,36,3,14),(1680,256,1,36,41,14),(1681,256,1,36,40,14),(1682,256,1,36,38,14),(1683,232,3,29,1,15),(1684,232,3,29,2,15),(1685,235,1,30,7,15),(1686,235,1,30,45,15),(1687,239,8,34,5,15),(1688,239,8,34,43,15),(1689,256,1,36,3,15),(1690,256,1,36,41,15),(1691,256,1,36,40,15),(1692,256,1,36,38,15),(1693,232,3,29,6,8),(1694,232,3,29,44,8),(1695,236,6,31,1,8),(1696,236,6,31,2,8),(1697,260,8,38,7,8),(1698,260,8,38,45,8),(1699,232,3,29,4,8),(1700,232,3,29,42,8),(1701,260,8,38,5,8),(1702,260,8,38,43,8),(1703,253,5,35,3,8),(1704,253,5,35,41,8),(1705,258,6,37,40,8),(1706,258,6,37,38,8),(1707,232,3,29,6,9),(1708,232,3,29,44,9),(1709,236,6,31,1,9),(1710,236,6,31,2,9),(1711,260,8,38,7,9),(1712,260,8,38,45,9),(1713,232,3,29,4,9),(1714,232,3,29,42,9),(1715,260,8,38,5,9),(1716,260,8,38,43,9),(1717,253,5,35,3,9),(1718,253,5,35,41,9),(1719,258,6,37,40,9),(1720,258,6,37,38,9),(1721,256,1,36,1,10),(1722,256,1,36,2,10),(1723,236,6,31,6,10),(1724,236,6,31,44,10),(1725,238,8,33,7,10),(1726,238,8,33,45,10),(1727,236,6,31,4,10),(1728,236,6,31,42,10),(1729,236,6,31,5,10),(1730,236,6,31,43,10),(1731,231,2,28,3,10),(1732,231,2,28,41,10),(1733,237,7,32,40,10),(1734,237,7,32,38,10),(1735,256,1,36,1,11),(1736,256,1,36,2,11),(1737,236,6,31,6,11),(1738,236,6,31,44,11),(1739,238,8,33,7,11),(1740,238,8,33,45,11),(1741,236,6,31,4,11),(1742,236,6,31,42,11),(1743,236,6,31,5,11),(1744,236,6,31,43,11),(1745,231,2,28,3,11),(1746,231,2,28,41,11),(1747,237,7,32,40,11),(1748,237,7,32,38,11),(1749,260,8,38,1,12),(1750,260,8,38,2,12),(1751,231,2,28,7,12),(1752,231,2,28,45,12),(1753,260,8,38,4,12),(1754,260,8,38,42,12),(1755,238,8,33,5,12),(1756,238,8,33,43,12),(1757,236,6,31,3,12),(1758,236,6,31,41,12),(1759,239,8,34,40,12),(1760,239,8,34,38,12),(1761,260,8,38,1,13),(1762,260,8,38,2,13),(1763,231,2,28,7,13),(1764,231,2,28,45,13),(1765,260,8,38,4,13),(1766,260,8,38,42,13),(1767,238,8,33,5,13),(1768,238,8,33,43,13),(1769,236,6,31,3,13),(1770,236,6,31,41,13),(1771,239,8,34,40,13),(1772,239,8,34,38,13),(1773,232,3,29,1,14),(1774,232,3,29,2,14),(1775,235,1,30,7,14),(1776,235,1,30,45,14),(1777,239,8,34,5,14),(1778,239,8,34,43,14),(1779,256,1,36,3,14),(1780,256,1,36,41,14),(1781,256,1,36,40,14),(1782,256,1,36,38,14),(1783,232,3,29,1,15),(1784,232,3,29,2,15),(1785,235,1,30,7,15),(1786,235,1,30,45,15),(1787,239,8,34,5,15),(1788,239,8,34,43,15),(1789,256,1,36,3,15),(1790,256,1,36,41,15),(1791,256,1,36,40,15),(1792,256,1,36,38,15),(1793,232,3,29,6,8),(1794,232,3,29,44,8),(1795,236,6,31,1,8),(1796,236,6,31,2,8),(1797,260,8,38,7,8),(1798,260,8,38,45,8),(1799,232,3,29,4,8),(1800,232,3,29,42,8),(1801,260,8,38,5,8),(1802,260,8,38,43,8),(1803,253,5,35,3,8),(1804,253,5,35,41,8),(1805,258,6,37,40,8),(1806,258,6,37,38,8),(1807,232,3,29,6,9),(1808,232,3,29,44,9),(1809,236,6,31,1,9),(1810,236,6,31,2,9),(1811,260,8,38,7,9),(1812,260,8,38,45,9),(1813,232,3,29,4,9),(1814,232,3,29,42,9),(1815,260,8,38,5,9),(1816,260,8,38,43,9),(1817,253,5,35,3,9),(1818,253,5,35,41,9),(1819,258,6,37,40,9),(1820,258,6,37,38,9),(1821,236,6,31,6,10),(1822,236,6,31,44,10),(1823,256,1,36,1,10),(1824,256,1,36,2,10),(1825,238,8,33,7,10),(1826,238,8,33,45,10),(1827,236,6,31,4,10),(1828,236,6,31,42,10),(1829,236,6,31,5,10),(1830,236,6,31,43,10),(1831,236,6,31,3,10),(1832,236,6,31,41,10),(1833,237,7,32,40,10),(1834,237,7,32,38,10),(1835,256,1,36,1,11),(1836,256,1,36,2,11),(1837,236,6,31,6,11),(1838,236,6,31,44,11),(1839,238,8,33,7,11),(1840,238,8,33,45,11),(1841,236,6,31,4,11),(1842,236,6,31,42,11),(1843,236,6,31,5,11),(1844,236,6,31,43,11),(1845,236,6,31,3,11),(1846,236,6,31,41,11),(1847,237,7,32,40,11),(1848,237,7,32,38,11),(1849,260,8,38,1,12),(1850,260,8,38,2,12),(1851,235,1,30,7,12),(1852,235,1,30,45,12),(1853,260,8,38,4,12),(1854,260,8,38,42,12),(1855,238,8,33,5,12),(1856,238,8,33,43,12),(1857,256,1,36,3,12),(1858,256,1,36,41,12),(1859,239,8,34,40,12),(1860,239,8,34,38,12),(1861,260,8,38,1,13),(1862,260,8,38,2,13),(1863,235,1,30,7,13),(1864,235,1,30,45,13),(1865,260,8,38,4,13),(1866,260,8,38,42,13),(1867,238,8,33,5,13),(1868,238,8,33,43,13),(1869,256,1,36,3,13),(1870,256,1,36,41,13),(1871,239,8,34,40,13),(1872,239,8,34,38,13),(1873,232,3,29,1,14),(1874,232,3,29,2,14),(1875,253,5,35,7,14),(1876,253,5,35,45,14),(1877,239,8,34,5,14),(1878,239,8,34,43,14),(1879,232,3,29,3,14),(1880,232,3,29,41,14),(1881,256,1,36,40,14),(1882,256,1,36,38,14),(1883,232,3,29,1,15),(1884,232,3,29,2,15),(1885,253,5,35,7,15),(1886,253,5,35,45,15),(1887,239,8,34,5,15),(1888,239,8,34,43,15),(1889,232,3,29,3,15),(1890,232,3,29,41,15),(1891,256,1,36,40,15),(1892,256,1,36,38,15),(1893,232,3,29,6,8),(1894,232,3,29,44,8),(1895,236,6,31,1,8),(1896,236,6,31,2,8),(1897,260,8,38,7,8),(1898,260,8,38,45,8),(1899,232,3,29,4,8),(1900,232,3,29,42,8),(1901,260,8,38,5,8),(1902,260,8,38,43,8),(1903,253,5,35,3,8),(1904,253,5,35,41,8),(1905,258,6,37,40,8),(1906,258,6,37,38,8),(1907,232,3,29,6,9),(1908,232,3,29,44,9),(1909,236,6,31,1,9),(1910,236,6,31,2,9),(1911,260,8,38,7,9),(1912,260,8,38,45,9),(1913,232,3,29,4,9),(1914,232,3,29,42,9),(1915,260,8,38,5,9),(1916,260,8,38,43,9),(1917,253,5,35,3,9),(1918,253,5,35,41,9),(1919,258,6,37,40,9),(1920,258,6,37,38,9),(1921,236,6,31,6,10),(1922,236,6,31,44,10),(1923,256,1,36,1,10),(1924,256,1,36,2,10),(1925,238,8,33,7,10),(1926,238,8,33,45,10),(1927,236,6,31,4,10),(1928,236,6,31,42,10),(1929,236,6,31,5,10),(1930,236,6,31,43,10),(1931,236,6,31,3,10),(1932,236,6,31,41,10),(1933,237,7,32,40,10),(1934,237,7,32,38,10),(1935,236,6,31,6,11),(1936,236,6,31,44,11),(1937,256,1,36,1,11),(1938,256,1,36,2,11),(1939,238,8,33,7,11),(1940,238,8,33,45,11),(1941,236,6,31,4,11),(1942,236,6,31,42,11),(1943,236,6,31,5,11),(1944,236,6,31,43,11),(1945,236,6,31,3,11),(1946,236,6,31,41,11),(1947,237,7,32,40,11),(1948,237,7,32,38,11),(1949,260,8,38,1,12),(1950,260,8,38,2,12),(1951,231,2,28,7,12),(1952,231,2,28,45,12),(1953,260,8,38,4,12),(1954,260,8,38,42,12),(1955,238,8,33,5,12),(1956,238,8,33,43,12),(1957,231,2,28,3,12),(1958,231,2,28,41,12),(1959,239,8,34,40,12),(1960,239,8,34,38,12),(1961,260,8,38,1,13),(1962,260,8,38,2,13),(1963,231,2,28,7,13),(1964,231,2,28,45,13),(1965,260,8,38,4,13),(1966,260,8,38,42,13),(1967,238,8,33,5,13),(1968,238,8,33,43,13),(1969,231,2,28,3,13),(1970,231,2,28,41,13),(1971,239,8,34,40,13),(1972,239,8,34,38,13),(1973,232,3,29,1,14),(1974,232,3,29,2,14),(1975,235,1,30,7,14),(1976,235,1,30,45,14),(1977,239,8,34,5,14),(1978,239,8,34,43,14),(1979,256,1,36,3,14),(1980,256,1,36,41,14),(1981,256,1,36,40,14),(1982,256,1,36,38,14),(1983,232,3,29,1,15),(1984,232,3,29,2,15),(1985,235,1,30,7,15),(1986,235,1,30,45,15),(1987,239,8,34,5,15),(1988,239,8,34,43,15),(1989,256,1,36,3,15),(1990,256,1,36,41,15),(1991,256,1,36,40,15),(1992,256,1,36,38,15),(1993,232,3,29,6,8),(1994,232,3,29,44,8),(1995,236,6,31,1,8),(1996,236,6,31,2,8),(1997,260,8,38,7,8),(1998,260,8,38,45,8),(1999,232,3,29,4,8),(2000,232,3,29,42,8),(2001,260,8,38,5,8),(2002,260,8,38,43,8),(2003,253,5,35,3,8),(2004,253,5,35,41,8),(2005,258,6,37,40,8),(2006,258,6,37,38,8),(2007,232,3,29,6,9),(2008,232,3,29,44,9),(2009,236,6,31,1,9),(2010,236,6,31,2,9),(2011,260,8,38,7,9),(2012,260,8,38,45,9),(2013,232,3,29,4,9),(2014,232,3,29,42,9),(2015,260,8,38,5,9),(2016,260,8,38,43,9),(2017,253,5,35,3,9),(2018,253,5,35,41,9),(2019,258,6,37,40,9),(2020,258,6,37,38,9),(2021,236,6,31,6,10),(2022,236,6,31,44,10),(2023,260,8,38,1,10),(2024,260,8,38,2,10),(2025,238,8,33,7,10),(2026,238,8,33,45,10),(2027,236,6,31,4,10),(2028,236,6,31,42,10),(2029,236,6,31,5,10),(2030,236,6,31,43,10),(2031,236,6,31,3,10),(2032,236,6,31,41,10),(2033,237,7,32,40,10),(2034,237,7,32,38,10),(2035,236,6,31,6,11),(2036,236,6,31,44,11),(2037,260,8,38,1,11),(2038,260,8,38,2,11),(2039,238,8,33,7,11),(2040,238,8,33,45,11),(2041,236,6,31,4,11),(2042,236,6,31,42,11),(2043,236,6,31,5,11),(2044,236,6,31,43,11),(2045,236,6,31,3,11),(2046,236,6,31,41,11),(2047,237,7,32,40,11),(2048,237,7,32,38,11),(2049,232,3,29,1,12),(2050,232,3,29,2,12),(2051,231,2,28,7,12),(2052,231,2,28,45,12),(2053,260,8,38,4,12),(2054,260,8,38,42,12),(2055,238,8,33,5,12),(2056,238,8,33,43,12),(2057,231,2,28,3,12),(2058,231,2,28,41,12),(2059,239,8,34,40,12),(2060,239,8,34,38,12),(2061,232,3,29,1,13),(2062,232,3,29,2,13),(2063,231,2,28,7,13),(2064,231,2,28,45,13),(2065,260,8,38,4,13),(2066,260,8,38,42,13),(2067,238,8,33,5,13),(2068,238,8,33,43,13),(2069,231,2,28,3,13),(2070,231,2,28,41,13),(2071,239,8,34,40,13),(2072,239,8,34,38,13),(2073,258,6,37,1,14),(2074,258,6,37,2,14),(2075,235,1,30,7,14),(2076,235,1,30,45,14),(2077,239,8,34,5,14),(2078,239,8,34,43,14),(2079,232,3,29,3,14),(2080,232,3,29,41,14),(2081,253,5,35,40,14),(2082,253,5,35,38,14),(2083,258,6,37,1,15),(2084,258,6,37,2,15),(2085,235,1,30,7,15),(2086,235,1,30,45,15),(2087,239,8,34,5,15),(2088,239,8,34,43,15),(2089,232,3,29,3,15),(2090,232,3,29,41,15),(2091,253,5,35,40,15),(2092,253,5,35,38,15),(2093,232,3,29,6,8),(2094,232,3,29,44,8),(2095,236,6,31,1,8),(2096,236,6,31,2,8),(2097,260,8,38,7,8),(2098,260,8,38,45,8),(2099,232,3,29,4,8),(2100,232,3,29,42,8),(2101,260,8,38,5,8),(2102,260,8,38,43,8),(2103,236,6,31,3,8),(2104,236,6,31,41,8),(2105,237,7,32,40,8),(2106,237,7,32,38,8),(2107,232,3,29,6,9),(2108,232,3,29,44,9),(2109,236,6,31,1,9),(2110,236,6,31,2,9),(2111,260,8,38,7,9),(2112,260,8,38,45,9),(2113,232,3,29,4,9),(2114,232,3,29,42,9),(2115,260,8,38,5,9),(2116,260,8,38,43,9),(2117,236,6,31,3,9),(2118,236,6,31,41,9),(2119,237,7,32,40,9),(2120,237,7,32,38,9),(2121,236,6,31,6,10),(2122,236,6,31,44,10),(2123,260,8,38,1,10),(2124,260,8,38,2,10),(2125,238,8,33,7,10),(2126,238,8,33,45,10),(2127,236,6,31,4,10),(2128,236,6,31,42,10),(2129,236,6,31,5,10),(2130,236,6,31,43,10),(2131,231,2,28,3,10),(2132,231,2,28,41,10),(2133,239,8,34,40,10),(2134,239,8,34,38,10),(2135,236,6,31,6,11),(2136,236,6,31,44,11),(2137,260,8,38,1,11),(2138,260,8,38,2,11),(2139,238,8,33,7,11),(2140,238,8,33,45,11),(2141,236,6,31,4,11),(2142,236,6,31,42,11),(2143,236,6,31,5,11),(2144,236,6,31,43,11),(2145,231,2,28,3,11),(2146,231,2,28,41,11),(2147,239,8,34,40,11),(2148,239,8,34,38,11),(2149,232,3,29,1,12),(2150,232,3,29,2,12),(2151,231,2,28,7,12),(2152,231,2,28,45,12),(2153,260,8,38,4,12),(2154,260,8,38,42,12),(2155,238,8,33,5,12),(2156,238,8,33,43,12),(2157,256,1,36,3,12),(2158,256,1,36,41,12),(2159,256,1,36,40,12),(2160,256,1,36,38,12),(2161,232,3,29,1,13),(2162,232,3,29,2,13),(2163,231,2,28,7,13),(2164,231,2,28,45,13),(2165,260,8,38,4,13),(2166,260,8,38,42,13),(2167,238,8,33,5,13),(2168,238,8,33,43,13),(2169,256,1,36,3,13),(2170,256,1,36,41,13),(2171,256,1,36,40,13),(2172,256,1,36,38,13),(2173,256,1,36,1,14),(2174,256,1,36,2,14),(2175,239,8,34,5,14),(2176,239,8,34,43,14),(2177,232,3,29,3,14),(2178,232,3,29,41,14),(2179,256,1,36,1,15),(2180,256,1,36,2,15),(2181,239,8,34,5,15),(2182,239,8,34,43,15),(2183,232,3,29,3,15),(2184,232,3,29,41,15),(2185,232,3,29,6,8),(2186,232,3,29,44,8),(2187,236,6,31,1,8),(2188,236,6,31,2,8),(2189,260,8,38,7,8),(2190,260,8,38,45,8),(2191,232,3,29,4,8),(2192,232,3,29,42,8),(2193,260,8,38,5,8),(2194,260,8,38,43,8),(2195,253,5,35,3,8),(2196,253,5,35,41,8),(2197,237,7,32,40,8),(2198,237,7,32,38,8),(2199,232,3,29,6,9),(2200,232,3,29,44,9),(2201,236,6,31,1,9),(2202,236,6,31,2,9),(2203,260,8,38,7,9),(2204,260,8,38,45,9),(2205,232,3,29,4,9),(2206,232,3,29,42,9),(2207,236,6,31,5,9),(2208,236,6,31,43,9),(2209,253,5,35,3,9),(2210,253,5,35,41,9),(2211,237,7,32,40,9),(2212,237,7,32,38,9),(2213,236,6,31,6,10),(2214,236,6,31,44,10),(2215,260,8,38,1,10),(2216,260,8,38,2,10),(2217,238,8,33,7,10),(2218,238,8,33,45,10),(2219,236,6,31,4,10),(2220,236,6,31,42,10),(2221,236,6,31,5,10),(2222,236,6,31,43,10),(2223,236,6,31,3,10),(2224,236,6,31,41,10),(2225,239,8,34,40,10),(2226,239,8,34,38,10),(2227,236,6,31,6,11),(2228,236,6,31,44,11),(2229,260,8,38,1,11),(2230,260,8,38,2,11),(2231,238,8,33,7,11),(2232,238,8,33,45,11),(2233,236,6,31,4,11),(2234,236,6,31,42,11),(2235,238,8,33,5,11),(2236,238,8,33,43,11),(2237,236,6,31,3,11),(2238,236,6,31,41,11),(2239,239,8,34,40,11),(2240,239,8,34,38,11),(2241,232,3,29,1,12),(2242,232,3,29,2,12),(2243,231,2,28,7,12),(2244,231,2,28,45,12),(2245,260,8,38,4,12),(2246,260,8,38,42,12),(2247,238,8,33,5,12),(2248,238,8,33,43,12),(2249,231,2,28,3,12),(2250,231,2,28,41,12),(2251,256,1,36,40,12),(2252,256,1,36,38,12),(2253,232,3,29,1,13),(2254,232,3,29,2,13),(2255,231,2,28,7,13),(2256,231,2,28,45,13),(2257,260,8,38,4,13),(2258,260,8,38,42,13),(2259,239,8,34,5,13),(2260,239,8,34,43,13),(2261,231,2,28,3,13),(2262,231,2,28,41,13),(2263,256,1,36,40,13),(2264,256,1,36,38,13),(2265,256,1,36,1,14),(2266,256,1,36,2,14),(2267,235,1,30,7,14),(2268,235,1,30,45,14),(2269,239,8,34,5,14),(2270,239,8,34,43,14),(2271,256,1,36,3,14),(2272,256,1,36,41,14),(2273,253,5,35,40,14),(2274,253,5,35,38,14),(2275,256,1,36,1,15),(2276,256,1,36,2,15),(2277,235,1,30,7,15),(2278,235,1,30,45,15),(2279,231,2,28,5,15),(2280,231,2,28,43,15),(2281,256,1,36,3,15),(2282,256,1,36,41,15),(2283,253,5,35,40,15),(2284,253,5,35,38,15),(2285,232,3,29,6,8),(2286,232,3,29,44,8),(2287,236,6,31,1,8),(2288,236,6,31,2,8),(2289,260,8,38,7,8),(2290,260,8,38,45,8),(2291,232,3,29,4,8),(2292,232,3,29,42,8),(2293,236,6,31,5,8),(2294,236,6,31,43,8),(2295,253,5,35,3,8),(2296,253,5,35,41,8),(2297,237,7,32,40,8),(2298,237,7,32,38,8),(2299,232,3,29,6,9),(2300,232,3,29,44,9),(2301,236,6,31,1,9),(2302,236,6,31,2,9),(2303,260,8,38,7,9),(2304,260,8,38,45,9),(2305,232,3,29,4,9),(2306,232,3,29,42,9),(2307,236,6,31,5,9),(2308,236,6,31,43,9),(2309,253,5,35,3,9),(2310,253,5,35,41,9),(2311,237,7,32,40,9),(2312,237,7,32,38,9),(2313,236,6,31,6,10),(2314,236,6,31,44,10),(2315,260,8,38,1,10),(2316,260,8,38,2,10),(2317,238,8,33,7,10),(2318,238,8,33,45,10),(2319,236,6,31,4,10),(2320,236,6,31,42,10),(2321,238,8,33,5,10),(2322,238,8,33,43,10),(2323,236,6,31,3,10),(2324,236,6,31,41,10),(2325,239,8,34,40,10),(2326,239,8,34,38,10),(2327,236,6,31,6,11),(2328,236,6,31,44,11),(2329,260,8,38,1,11),(2330,260,8,38,2,11),(2331,238,8,33,7,11),(2332,238,8,33,45,11),(2333,236,6,31,4,11),(2334,236,6,31,42,11),(2335,238,8,33,5,11),(2336,238,8,33,43,11),(2337,236,6,31,3,11),(2338,236,6,31,41,11),(2339,239,8,34,40,11),(2340,239,8,34,38,11),(2341,232,3,29,1,12),(2342,232,3,29,2,12),(2343,231,2,28,7,12),(2344,231,2,28,45,12),(2345,260,8,38,4,12),(2346,260,8,38,42,12),(2347,239,8,34,5,12),(2348,239,8,34,43,12),(2349,231,2,28,3,12),(2350,231,2,28,41,12),(2351,256,1,36,40,12),(2352,256,1,36,38,12),(2353,232,3,29,1,13),(2354,232,3,29,2,13),(2355,231,2,28,7,13),(2356,231,2,28,45,13),(2357,260,8,38,4,13),(2358,260,8,38,42,13),(2359,239,8,34,5,13),(2360,239,8,34,43,13),(2361,231,2,28,3,13),(2362,231,2,28,41,13),(2363,256,1,36,40,13),(2364,256,1,36,38,13),(2365,256,1,36,1,14),(2366,256,1,36,2,14),(2367,235,1,30,7,14),(2368,235,1,30,45,14),(2369,231,2,28,5,14),(2370,231,2,28,43,14),(2371,256,1,36,3,14),(2372,256,1,36,41,14),(2373,253,5,35,40,14),(2374,253,5,35,38,14),(2375,256,1,36,1,15),(2376,256,1,36,2,15),(2377,235,1,30,7,15),(2378,235,1,30,45,15),(2379,231,2,28,5,15),(2380,231,2,28,43,15),(2381,256,1,36,3,15),(2382,256,1,36,41,15),(2383,253,5,35,40,15),(2384,253,5,35,38,15),(2385,232,3,29,6,8),(2386,232,3,29,44,8),(2387,236,6,31,1,8),(2388,236,6,31,2,8),(2389,260,8,38,7,8),(2390,260,8,38,45,8),(2391,232,3,29,4,8),(2392,232,3,29,42,8),(2393,236,6,31,5,8),(2394,236,6,31,43,8),(2395,253,5,35,3,8),(2396,253,5,35,41,8),(2397,237,7,32,40,8),(2398,237,7,32,38,8),(2399,232,3,29,6,9),(2400,232,3,29,44,9),(2401,236,6,31,1,9),(2402,236,6,31,2,9),(2403,260,8,38,7,9),(2404,260,8,38,45,9),(2405,232,3,29,4,9),(2406,232,3,29,42,9),(2407,236,6,31,5,9),(2408,236,6,31,43,9),(2409,253,5,35,3,9),(2410,253,5,35,41,9),(2411,237,7,32,40,9),(2412,237,7,32,38,9),(2413,236,6,31,6,10),(2414,236,6,31,44,10),(2415,260,8,38,1,10),(2416,260,8,38,2,10),(2417,238,8,33,7,10),(2418,238,8,33,45,10),(2419,236,6,31,4,10),(2420,236,6,31,42,10),(2421,238,8,33,5,10),(2422,238,8,33,43,10),(2423,236,6,31,3,10),(2424,236,6,31,41,10),(2425,239,8,34,40,10),(2426,239,8,34,38,10),(2427,236,6,31,6,11),(2428,236,6,31,44,11),(2429,260,8,38,1,11),(2430,260,8,38,2,11),(2431,238,8,33,7,11),(2432,238,8,33,45,11),(2433,236,6,31,4,11),(2434,236,6,31,42,11),(2435,238,8,33,5,11),(2436,238,8,33,43,11),(2437,236,6,31,3,11),(2438,236,6,31,41,11),(2439,239,8,34,40,11),(2440,239,8,34,38,11),(2441,235,1,30,6,12),(2442,235,1,30,44,12),(2443,232,3,29,1,12),(2444,232,3,29,2,12),(2445,235,1,30,7,12),(2446,235,1,30,45,12),(2447,260,8,38,4,12),(2448,260,8,38,42,12),(2449,239,8,34,5,12),(2450,239,8,34,43,12),(2451,256,1,36,3,12),(2452,256,1,36,41,12),(2453,256,1,36,40,12),(2454,256,1,36,38,12),(2455,235,1,30,6,13),(2456,235,1,30,44,13),(2457,232,3,29,1,13),(2458,232,3,29,2,13),(2459,235,1,30,7,13),(2460,235,1,30,45,13),(2461,260,8,38,4,13),(2462,260,8,38,42,13),(2463,239,8,34,5,13),(2464,239,8,34,43,13),(2465,256,1,36,3,13),(2466,256,1,36,41,13),(2467,256,1,36,40,13),(2468,256,1,36,38,13),(2469,253,5,35,6,14),(2470,253,5,35,44,14),(2471,256,1,36,1,14),(2472,256,1,36,2,14),(2473,253,5,35,7,14),(2474,253,5,35,45,14),(2475,235,1,30,4,14),(2476,235,1,30,42,14),(2477,237,7,32,5,14),(2478,237,7,32,43,14),(2479,232,3,29,3,14),(2480,232,3,29,41,14),(2481,253,5,35,40,14),(2482,253,5,35,38,14),(2483,253,5,35,6,15),(2484,253,5,35,44,15),(2485,256,1,36,1,15),(2486,256,1,36,2,15),(2487,253,5,35,7,15),(2488,253,5,35,45,15),(2489,235,1,30,4,15),(2490,235,1,30,42,15),(2491,237,7,32,5,15),(2492,237,7,32,43,15),(2493,232,3,29,3,15),(2494,232,3,29,41,15),(2495,253,5,35,40,15),(2496,253,5,35,38,15),(2497,235,1,30,6,8),(2498,235,1,30,44,8),(2499,260,8,38,1,8),(2500,260,8,38,2,8),(2501,260,8,38,7,8),(2502,260,8,38,45,8),(2503,260,8,38,4,8),(2504,260,8,38,42,8),(2505,238,8,33,5,8),(2506,238,8,33,43,8),(2507,253,5,35,3,8),(2508,253,5,35,41,8),(2509,237,7,32,40,8),(2510,237,7,32,38,8),(2511,260,8,38,1,9),(2512,260,8,38,2,9),(2513,235,1,30,6,9),(2514,235,1,30,44,9),(2515,260,8,38,7,9),(2516,260,8,38,45,9),(2517,260,8,38,4,9),(2518,260,8,38,42,9),(2519,238,8,33,5,9),(2520,238,8,33,43,9),(2521,253,5,35,3,9),(2522,253,5,35,41,9),(2523,237,7,32,40,9),(2524,237,7,32,38,9),(2525,232,3,29,1,10),(2526,232,3,29,2,10),(2527,253,5,35,6,10),(2528,253,5,35,44,10),(2529,238,8,33,7,10),(2530,238,8,33,45,10),(2531,235,1,30,4,10),(2532,235,1,30,42,10),(2533,239,8,34,5,10),(2534,239,8,34,43,10),(2535,236,6,31,3,10),(2536,236,6,31,41,10),(2537,239,8,34,40,10),(2538,239,8,34,38,10),(2539,232,3,29,1,11),(2540,232,3,29,2,11),(2541,253,5,35,6,11),(2542,253,5,35,44,11),(2543,238,8,33,7,11),(2544,238,8,33,45,11),(2545,235,1,30,4,11),(2546,235,1,30,42,11),(2547,239,8,34,5,11),(2548,239,8,34,43,11),(2549,236,6,31,3,11),(2550,236,6,31,41,11),(2551,239,8,34,40,11),(2552,239,8,34,38,11),(2553,256,1,36,1,12),(2554,256,1,36,2,12),(2555,231,2,28,7,12),(2556,231,2,28,45,12),(2557,258,6,37,4,12),(2558,258,6,37,42,12),(2559,237,7,32,5,12),(2560,237,7,32,43,12),(2561,231,2,28,3,12),(2562,231,2,28,41,12),(2563,256,1,36,40,12),(2564,256,1,36,38,12),(2565,256,1,36,1,13),(2566,256,1,36,2,13),(2567,231,2,28,7,13),(2568,231,2,28,45,13),(2569,258,6,37,4,13),(2570,258,6,37,42,13),(2571,237,7,32,5,13),(2572,237,7,32,43,13),(2573,231,2,28,3,13),(2574,231,2,28,41,13),(2575,256,1,36,40,13),(2576,256,1,36,38,13),(2577,253,5,35,1,14),(2578,253,5,35,2,14),(2579,235,1,30,7,14),(2580,235,1,30,45,14),(2581,253,5,35,4,14),(2582,253,5,35,42,14),(2583,231,2,28,5,14),(2584,231,2,28,43,14),(2585,256,1,36,3,14),(2586,256,1,36,41,14),(2587,253,5,35,40,14),(2588,253,5,35,38,14),(2589,253,5,35,1,15),(2590,253,5,35,2,15),(2591,235,1,30,7,15),(2592,235,1,30,45,15),(2593,253,5,35,4,15),(2594,253,5,35,42,15),(2595,231,2,28,5,15),(2596,231,2,28,43,15),(2597,256,1,36,3,15),(2598,256,1,36,41,15),(2599,253,5,35,40,15),(2600,253,5,35,38,15),(2601,235,1,30,6,8),(2602,235,1,30,44,8),(2603,260,8,38,1,8),(2604,260,8,38,2,8),(2605,260,8,38,7,8),(2606,260,8,38,45,8),(2607,260,8,38,4,8),(2608,260,8,38,42,8),(2609,238,8,33,5,8),(2610,238,8,33,43,8),(2611,253,5,35,3,8),(2612,253,5,35,41,8),(2613,237,7,32,40,8),(2614,237,7,32,38,8),(2615,235,1,30,6,9),(2616,235,1,30,44,9),(2617,260,8,38,1,9),(2618,260,8,38,2,9),(2619,260,8,38,7,9),(2620,260,8,38,45,9),(2621,260,8,38,4,9),(2622,260,8,38,42,9),(2623,238,8,33,5,9),(2624,238,8,33,43,9),(2625,253,5,35,3,9),(2626,253,5,35,41,9),(2627,237,7,32,40,9),(2628,237,7,32,38,9),(2629,232,3,29,1,10),(2630,232,3,29,2,10),(2631,253,5,35,6,10),(2632,253,5,35,44,10),(2633,238,8,33,7,10),(2634,238,8,33,45,10),(2635,235,1,30,4,10),(2636,235,1,30,42,10),(2637,239,8,34,5,10),(2638,239,8,34,43,10),(2639,236,6,31,3,10),(2640,236,6,31,41,10),(2641,239,8,34,40,10),(2642,239,8,34,38,10),(2643,232,3,29,1,11),(2644,232,3,29,2,11),(2645,253,5,35,6,11),(2646,253,5,35,44,11),(2647,238,8,33,7,11),(2648,238,8,33,45,11),(2649,235,1,30,4,11),(2650,235,1,30,42,11),(2651,239,8,34,5,11),(2652,239,8,34,43,11),(2653,236,6,31,3,11),(2654,236,6,31,41,11),(2655,239,8,34,40,11),(2656,239,8,34,38,11),(2657,253,5,35,1,12),(2658,253,5,35,2,12),(2659,231,2,28,7,12),(2660,231,2,28,45,12),(2661,258,6,37,4,12),(2662,258,6,37,42,12),(2663,237,7,32,5,12),(2664,237,7,32,43,12),(2665,231,2,28,3,12),(2666,231,2,28,41,12),(2667,253,5,35,40,12),(2668,253,5,35,38,12),(2669,253,5,35,1,13),(2670,253,5,35,2,13),(2671,231,2,28,7,13),(2672,231,2,28,45,13),(2673,258,6,37,4,13),(2674,258,6,37,42,13),(2675,237,7,32,5,13),(2676,237,7,32,43,13),(2677,231,2,28,3,13),(2678,231,2,28,41,13),(2679,253,5,35,40,13),(2680,253,5,35,38,13),(2681,258,6,37,1,14),(2682,258,6,37,2,14),(2683,235,1,30,7,14),(2684,235,1,30,45,14),(2685,253,5,35,4,14),(2686,253,5,35,42,14),(2687,231,2,28,5,14),(2688,231,2,28,43,14),(2689,232,3,29,3,14),(2690,232,3,29,41,14),(2691,258,6,37,1,15),(2692,258,6,37,2,15),(2693,235,1,30,7,15),(2694,235,1,30,45,15),(2695,253,5,35,4,15),(2696,253,5,35,42,15),(2697,231,2,28,5,15),(2698,231,2,28,43,15),(2699,232,3,29,3,15),(2700,232,3,29,41,15),(2701,260,8,38,1,8),(2702,260,8,38,2,8),(2703,260,8,38,7,8),(2704,260,8,38,45,8),(2705,260,8,38,4,8),(2706,260,8,38,42,8),(2707,238,8,33,5,8),(2708,238,8,33,43,8),(2709,236,6,31,3,8),(2710,236,6,31,41,8),(2711,237,7,32,40,8),(2712,237,7,32,38,8),(2713,260,8,38,1,9),(2714,260,8,38,2,9),(2715,260,8,38,7,9),(2716,260,8,38,45,9),(2717,260,8,38,4,9),(2718,260,8,38,42,9),(2719,238,8,33,5,9),(2720,238,8,33,43,9),(2721,236,6,31,3,9),(2722,236,6,31,41,9),(2723,237,7,32,40,9),(2724,237,7,32,38,9),(2725,232,3,29,1,10),(2726,232,3,29,2,10),(2727,238,8,33,7,10),(2728,238,8,33,45,10),(2729,258,6,37,4,10),(2730,258,6,37,42,10),(2731,239,8,34,5,10),(2732,239,8,34,43,10),(2733,231,2,28,3,10),(2734,231,2,28,41,10),(2735,239,8,34,40,10),(2736,239,8,34,38,10),(2737,232,3,29,1,11),(2738,232,3,29,2,11),(2739,238,8,33,7,11),(2740,238,8,33,45,11),(2741,258,6,37,4,11),(2742,258,6,37,42,11),(2743,239,8,34,5,11),(2744,239,8,34,43,11),(2745,231,2,28,3,11),(2746,231,2,28,41,11),(2747,239,8,34,40,11),(2748,239,8,34,38,11),(2749,256,1,36,1,12),(2750,256,1,36,2,12),(2751,231,2,28,7,12),(2752,231,2,28,45,12),(2753,237,7,32,5,12),(2754,237,7,32,43,12),(2755,256,1,36,3,12),(2756,256,1,36,41,12),(2757,256,1,36,40,12),(2758,256,1,36,38,12),(2759,256,1,36,1,13),(2760,256,1,36,2,13),(2761,231,2,28,7,13),(2762,231,2,28,45,13),(2763,237,7,32,5,13),(2764,237,7,32,43,13),(2765,256,1,36,3,13),(2766,256,1,36,41,13),(2767,256,1,36,40,13),(2768,256,1,36,38,13),(2769,258,6,37,1,14),(2770,258,6,37,2,14),(2771,231,2,28,5,14),(2772,231,2,28,43,14),(2773,232,3,29,3,14),(2774,232,3,29,41,14),(2775,258,6,37,1,15),(2776,258,6,37,2,15),(2777,231,2,28,5,15),(2778,231,2,28,43,15),(2779,232,3,29,3,15),(2780,232,3,29,41,15),(2781,235,1,30,6,8),(2782,235,1,30,44,8),(2783,260,8,38,1,8),(2784,260,8,38,2,8),(2785,260,8,38,7,8),(2786,260,8,38,45,8),(2787,260,8,38,4,8),(2788,260,8,38,42,8),(2789,238,8,33,5,8),(2790,238,8,33,43,8),(2791,236,6,31,3,8),(2792,236,6,31,41,8),(2793,237,7,32,40,8),(2794,237,7,32,38,8),(2795,235,1,30,6,9),(2796,235,1,30,44,9),(2797,260,8,38,1,9),(2798,260,8,38,2,9),(2799,260,8,38,7,9),(2800,260,8,38,45,9),(2801,260,8,38,4,9),(2802,260,8,38,42,9),(2803,238,8,33,5,9),(2804,238,8,33,43,9),(2805,236,6,31,3,9),(2806,236,6,31,41,9),(2807,237,7,32,40,9),(2808,237,7,32,38,9),(2809,253,5,35,6,10),(2810,253,5,35,44,10),(2811,232,3,29,1,10),(2812,232,3,29,2,10),(2813,238,8,33,7,10),(2814,238,8,33,45,10),(2815,235,1,30,4,10),(2816,235,1,30,42,10),(2817,239,8,34,5,10),(2818,239,8,34,43,10),(2819,231,2,28,3,10),(2820,231,2,28,41,10),(2821,239,8,34,40,10),(2822,239,8,34,38,10),(2823,253,5,35,6,11),(2824,253,5,35,44,11),(2825,232,3,29,1,11),(2826,232,3,29,2,11),(2827,238,8,33,7,11),(2828,238,8,33,45,11),(2829,235,1,30,4,11),(2830,235,1,30,42,11),(2831,239,8,34,5,11),(2832,239,8,34,43,11),(2833,231,2,28,3,11),(2834,231,2,28,41,11),(2835,239,8,34,40,11),(2836,239,8,34,38,11),(2837,256,1,36,1,12),(2838,256,1,36,2,12),(2839,231,2,28,7,12),(2840,231,2,28,45,12),(2841,258,6,37,4,12),(2842,258,6,37,42,12),(2843,237,7,32,5,12),(2844,237,7,32,43,12),(2845,256,1,36,3,12),(2846,256,1,36,41,12),(2847,256,1,36,40,12),(2848,256,1,36,38,12),(2849,256,1,36,1,13),(2850,256,1,36,2,13),(2851,231,2,28,7,13),(2852,231,2,28,45,13),(2853,258,6,37,4,13),(2854,258,6,37,42,13),(2855,237,7,32,5,13),(2856,237,7,32,43,13),(2857,256,1,36,3,13),(2858,256,1,36,41,13),(2859,256,1,36,40,13),(2860,256,1,36,38,13),(2861,253,5,35,1,14),(2862,253,5,35,2,14),(2863,235,1,30,7,14),(2864,235,1,30,45,14),(2865,253,5,35,4,14),(2866,253,5,35,42,14),(2867,231,2,28,5,14),(2868,231,2,28,43,14),(2869,232,3,29,3,14),(2870,232,3,29,41,14),(2871,253,5,35,40,14),(2872,253,5,35,38,14),(2873,253,5,35,1,15),(2874,253,5,35,2,15),(2875,235,1,30,7,15),(2876,235,1,30,45,15),(2877,253,5,35,4,15),(2878,253,5,35,42,15),(2879,231,2,28,5,15),(2880,231,2,28,43,15),(2881,232,3,29,3,15),(2882,232,3,29,41,15),(2883,253,5,35,40,15),(2884,253,5,35,38,15),(2885,235,1,30,6,8),(2886,235,1,30,44,8),(2887,260,8,38,1,8),(2888,260,8,38,2,8),(2889,260,8,38,7,8),(2890,260,8,38,45,8),(2891,260,8,38,4,8),(2892,260,8,38,42,8),(2893,238,8,33,5,8),(2894,238,8,33,43,8),(2895,236,6,31,3,8),(2896,236,6,31,41,8),(2897,237,7,32,40,8),(2898,237,7,32,38,8),(2899,235,1,30,6,9),(2900,235,1,30,44,9),(2901,260,8,38,1,9),(2902,260,8,38,2,9),(2903,260,8,38,7,9),(2904,260,8,38,45,9),(2905,260,8,38,4,9),(2906,260,8,38,42,9),(2907,238,8,33,5,9),(2908,238,8,33,43,9),(2909,236,6,31,3,9),(2910,236,6,31,41,9),(2911,237,7,32,40,9),(2912,237,7,32,38,9),(2913,253,5,35,6,10),(2914,253,5,35,44,10),(2915,232,3,29,1,10),(2916,232,3,29,2,10),(2917,238,8,33,7,10),(2918,238,8,33,45,10),(2919,235,1,30,4,10),(2920,235,1,30,42,10),(2921,239,8,34,5,10),(2922,239,8,34,43,10),(2923,231,2,28,3,10),(2924,231,2,28,41,10),(2925,239,8,34,40,10),(2926,239,8,34,38,10),(2927,253,5,35,6,11),(2928,253,5,35,44,11),(2929,232,3,29,1,11),(2930,232,3,29,2,11),(2931,238,8,33,7,11),(2932,238,8,33,45,11),(2933,235,1,30,4,11),(2934,235,1,30,42,11),(2935,239,8,34,5,11),(2936,239,8,34,43,11),(2937,231,2,28,3,11),(2938,231,2,28,41,11),(2939,239,8,34,40,11),(2940,239,8,34,38,11),(2941,256,1,36,1,12),(2942,256,1,36,2,12),(2943,231,2,28,7,12),(2944,231,2,28,45,12),(2945,258,6,37,4,12),(2946,258,6,37,42,12),(2947,237,7,32,5,12),(2948,237,7,32,43,12),(2949,256,1,36,3,12),(2950,256,1,36,41,12),(2951,256,1,36,40,12),(2952,256,1,36,38,12),(2953,256,1,36,1,13),(2954,256,1,36,2,13),(2955,231,2,28,7,13),(2956,231,2,28,45,13),(2957,258,6,37,4,13),(2958,258,6,37,42,13),(2959,237,7,32,5,13),(2960,237,7,32,43,13),(2961,256,1,36,3,13),(2962,256,1,36,41,13),(2963,256,1,36,40,13),(2964,256,1,36,38,13),(2965,253,5,35,1,14),(2966,253,5,35,2,14),(2967,235,1,30,7,14),(2968,235,1,30,45,14),(2969,253,5,35,4,14),(2970,253,5,35,42,14),(2971,231,2,28,5,14),(2972,231,2,28,43,14),(2973,237,7,32,3,14),(2974,237,7,32,41,14),(2975,253,5,35,40,14),(2976,253,5,35,38,14),(2977,253,5,35,1,15),(2978,253,5,35,2,15),(2979,235,1,30,7,15),(2980,235,1,30,45,15),(2981,253,5,35,4,15),(2982,253,5,35,42,15),(2983,231,2,28,5,15),(2984,231,2,28,43,15),(2985,237,7,32,3,15),(2986,237,7,32,41,15),(2987,253,5,35,40,15),(2988,253,5,35,38,15),(2989,235,1,30,6,8),(2990,235,1,30,44,8),(2991,260,8,38,1,8),(2992,260,8,38,2,8),(2993,260,8,38,7,8),(2994,260,8,38,45,8),(2995,260,8,38,4,8),(2996,260,8,38,42,8),(2997,239,8,34,5,8),(2998,239,8,34,43,8),(2999,256,1,36,3,8),(3000,256,1,36,41,8),(3001,256,1,36,40,8),(3002,256,1,36,38,8),(3003,235,1,30,6,9),(3004,235,1,30,44,9),(3005,260,8,38,1,9),(3006,260,8,38,2,9),(3007,260,8,38,7,9),(3008,260,8,38,45,9),(3009,260,8,38,4,9),(3010,260,8,38,42,9),(3011,239,8,34,5,9),(3012,239,8,34,43,9),(3013,256,1,36,3,9),(3014,256,1,36,41,9),(3015,256,1,36,40,9),(3016,256,1,36,38,9),(3017,253,5,35,6,10),(3018,253,5,35,44,10),(3019,232,3,29,1,10),(3020,232,3,29,2,10),(3021,238,8,33,7,10),(3022,238,8,33,45,10),(3023,235,1,30,4,10),(3024,235,1,30,42,10),(3025,237,7,32,5,10),(3026,237,7,32,43,10),(3027,237,7,32,3,10),(3028,237,7,32,41,10),(3029,253,5,35,40,10),(3030,253,5,35,38,10),(3031,253,5,35,6,11),(3032,253,5,35,44,11),(3033,232,3,29,1,11),(3034,232,3,29,2,11),(3035,238,8,33,7,11),(3036,238,8,33,45,11),(3037,235,1,30,4,11),(3038,235,1,30,42,11),(3039,237,7,32,5,11),(3040,237,7,32,43,11),(3041,237,7,32,3,11),(3042,237,7,32,41,11),(3043,253,5,35,40,11),(3044,253,5,35,38,11),(3045,256,1,36,1,12),(3046,256,1,36,2,12),(3047,235,1,30,7,12),(3048,235,1,30,45,12),(3049,258,6,37,4,12),(3050,258,6,37,42,12),(3051,253,5,35,5,12),(3052,253,5,35,43,12),(3053,232,3,29,3,12),(3054,232,3,29,41,12),(3055,256,1,36,1,13),(3056,256,1,36,2,13),(3057,235,1,30,7,13),(3058,235,1,30,45,13),(3059,258,6,37,4,13),(3060,258,6,37,42,13),(3061,253,5,35,5,13),(3062,253,5,35,43,13),(3063,232,3,29,3,13),(3064,232,3,29,41,13),(3065,253,5,35,1,14),(3066,253,5,35,2,14),(3067,253,5,35,7,14),(3068,253,5,35,45,14),(3069,253,5,35,4,14),(3070,253,5,35,42,14),(3071,253,5,35,1,15),(3072,253,5,35,2,15),(3073,253,5,35,7,15),(3074,253,5,35,45,15),(3075,253,5,35,4,15),(3076,253,5,35,42,15),(3077,235,1,30,6,8),(3078,235,1,30,44,8),(3079,260,8,38,1,8),(3080,260,8,38,2,8),(3081,260,8,38,7,8),(3082,260,8,38,45,8),(3083,260,8,38,4,8),(3084,260,8,38,42,8),(3085,239,8,34,5,8),(3086,239,8,34,43,8),(3087,231,2,28,3,8),(3088,231,2,28,41,8),(3089,256,1,36,40,8),(3090,256,1,36,38,8),(3091,235,1,30,6,9),(3092,235,1,30,44,9),(3093,260,8,38,1,9),(3094,260,8,38,2,9),(3095,260,8,38,7,9),(3096,260,8,38,45,9),(3097,260,8,38,4,9),(3098,260,8,38,42,9),(3099,239,8,34,5,9),(3100,239,8,34,43,9),(3101,231,2,28,3,9),(3102,231,2,28,41,9),(3103,256,1,36,40,9),(3104,256,1,36,38,9),(3105,253,5,35,6,10),(3106,253,5,35,44,10),(3107,232,3,29,1,10),(3108,232,3,29,2,10),(3109,238,8,33,7,10),(3110,238,8,33,45,10),(3111,235,1,30,4,10),(3112,235,1,30,42,10),(3113,237,7,32,5,10),(3114,237,7,32,43,10),(3115,256,1,36,3,10),(3116,256,1,36,41,10),(3117,253,5,35,40,10),(3118,253,5,35,38,10),(3119,253,5,35,6,11),(3120,253,5,35,44,11),(3121,232,3,29,1,11),(3122,232,3,29,2,11),(3123,238,8,33,7,11),(3124,238,8,33,45,11),(3125,235,1,30,4,11),(3126,235,1,30,42,11),(3127,237,7,32,5,11),(3128,237,7,32,43,11),(3129,256,1,36,3,11),(3130,256,1,36,41,11),(3131,253,5,35,40,11),(3132,253,5,35,38,11),(3133,256,1,36,1,12),(3134,256,1,36,2,12),(3135,231,2,28,7,12),(3136,231,2,28,45,12),(3137,258,6,37,4,12),(3138,258,6,37,42,12),(3139,231,2,28,5,12),(3140,231,2,28,43,12),(3141,237,7,32,3,12),(3142,237,7,32,41,12),(3143,256,1,36,1,13),(3144,256,1,36,2,13),(3145,231,2,28,7,13),(3146,231,2,28,45,13),(3147,258,6,37,4,13),(3148,258,6,37,42,13),(3149,231,2,28,5,13),(3150,231,2,28,43,13),(3151,237,7,32,3,13),(3152,237,7,32,41,13),(3153,253,5,35,1,14),(3154,253,5,35,2,14),(3155,235,1,30,7,14),(3156,235,1,30,45,14),(3157,253,5,35,4,14),(3158,253,5,35,42,14),(3159,253,5,35,5,14),(3160,253,5,35,43,14),(3161,232,3,29,3,14),(3162,232,3,29,41,14),(3163,253,5,35,1,15),(3164,253,5,35,2,15),(3165,235,1,30,7,15),(3166,235,1,30,45,15),(3167,253,5,35,4,15),(3168,253,5,35,42,15),(3169,253,5,35,5,15),(3170,253,5,35,43,15),(3171,232,3,29,3,15),(3172,232,3,29,41,15),(3173,235,1,30,6,8),(3174,235,1,30,44,8),(3175,260,8,38,1,8),(3176,260,8,38,2,8),(3177,238,8,33,7,8),(3178,238,8,33,45,8),(3179,260,8,38,4,8),(3180,260,8,38,42,8),(3181,239,8,34,5,8),(3182,239,8,34,43,8),(3183,231,2,28,3,8),(3184,231,2,28,41,8),(3185,253,5,35,40,8),(3186,253,5,35,38,8),(3187,235,1,30,6,9),(3188,235,1,30,44,9),(3189,260,8,38,1,9),(3190,260,8,38,2,9),(3191,238,8,33,7,9),(3192,238,8,33,45,9),(3193,260,8,38,4,9),(3194,260,8,38,42,9),(3195,239,8,34,5,9),(3196,239,8,34,43,9),(3197,231,2,28,3,9),(3198,231,2,28,41,9),(3199,253,5,35,40,9),(3200,253,5,35,38,9),(3201,253,5,35,6,10),(3202,253,5,35,44,10),(3203,232,3,29,1,10),(3204,232,3,29,2,10),(3205,231,2,28,7,10),(3206,231,2,28,45,10),(3207,235,1,30,4,10),(3208,235,1,30,42,10),(3209,237,7,32,5,10),(3210,237,7,32,43,10),(3211,237,7,32,3,10),(3212,237,7,32,41,10),(3213,253,5,35,6,11),(3214,253,5,35,44,11),(3215,232,3,29,1,11),(3216,232,3,29,2,11),(3217,231,2,28,7,11),(3218,231,2,28,45,11),(3219,235,1,30,4,11),(3220,235,1,30,42,11),(3221,237,7,32,5,11),(3222,237,7,32,43,11),(3223,237,7,32,3,11),(3224,237,7,32,41,11),(3225,253,5,35,1,12),(3226,253,5,35,2,12),(3227,235,1,30,7,12),(3228,235,1,30,45,12),(3229,258,6,37,4,12),(3230,258,6,37,42,12),(3231,231,2,28,5,12),(3232,231,2,28,43,12),(3233,232,3,29,3,12),(3234,232,3,29,41,12),(3235,253,5,35,1,13),(3236,253,5,35,2,13),(3237,235,1,30,7,13),(3238,235,1,30,45,13),(3239,258,6,37,4,13),(3240,258,6,37,42,13),(3241,231,2,28,5,13),(3242,231,2,28,43,13),(3243,232,3,29,3,13),(3244,232,3,29,41,13),(3245,258,6,37,1,14),(3246,258,6,37,2,14),(3247,253,5,35,7,14),(3248,253,5,35,45,14),(3249,253,5,35,4,14),(3250,253,5,35,42,14),(3251,253,5,35,5,14),(3252,253,5,35,43,14),(3253,258,6,37,1,15),(3254,258,6,37,2,15),(3255,253,5,35,7,15),(3256,253,5,35,45,15),(3257,253,5,35,4,15),(3258,253,5,35,42,15),(3259,253,5,35,5,15),(3260,253,5,35,43,15),(3261,260,8,38,1,8),(3262,260,8,38,2,8),(3263,238,8,33,7,8),(3264,238,8,33,45,8),(3265,260,8,38,4,8),(3266,260,8,38,42,8),(3267,239,8,34,5,8),(3268,239,8,34,43,8),(3269,256,1,36,3,8),(3270,256,1,36,41,8),(3271,256,1,36,40,8),(3272,256,1,36,38,8),(3273,260,8,38,1,9),(3274,260,8,38,2,9),(3275,238,8,33,7,9),(3276,238,8,33,45,9),(3277,260,8,38,4,9),(3278,260,8,38,42,9),(3279,239,8,34,5,9),(3280,239,8,34,43,9),(3281,256,1,36,3,9),(3282,256,1,36,41,9),(3283,256,1,36,40,9),(3284,256,1,36,38,9),(3285,232,3,29,1,10),(3286,232,3,29,2,10),(3287,231,2,28,7,10),(3288,231,2,28,45,10),(3289,258,6,37,4,10),(3290,258,6,37,42,10),(3291,237,7,32,5,10),(3292,237,7,32,43,10),(3293,237,7,32,3,10),(3294,237,7,32,41,10),(3295,232,3,29,1,11),(3296,232,3,29,2,11),(3297,231,2,28,7,11),(3298,231,2,28,45,11),(3299,258,6,37,4,11),(3300,258,6,37,42,11),(3301,237,7,32,5,11),(3302,237,7,32,43,11),(3303,237,7,32,3,11),(3304,237,7,32,41,11),(3305,256,1,36,1,12),(3306,256,1,36,2,12),(3307,231,2,28,5,12),(3308,231,2,28,43,12),(3309,232,3,29,3,12),(3310,232,3,29,41,12),(3311,256,1,36,1,13),(3312,256,1,36,2,13),(3313,231,2,28,5,13),(3314,231,2,28,43,13),(3315,232,3,29,3,13),(3316,232,3,29,41,13),(3317,258,6,37,1,14),(3318,258,6,37,2,14),(3319,258,6,37,1,15),(3320,258,6,37,2,15),(3321,235,1,30,6,8),(3322,235,1,30,44,8),(3323,260,8,38,1,8),(3324,260,8,38,2,8),(3325,238,8,33,7,8),(3326,238,8,33,45,8),(3327,260,8,38,4,8),(3328,260,8,38,42,8),(3329,239,8,34,5,8),(3330,239,8,34,43,8),(3331,256,1,36,3,8),(3332,256,1,36,41,8),(3333,256,1,36,40,8),(3334,256,1,36,38,8),(3335,235,1,30,6,9),(3336,235,1,30,44,9),(3337,260,8,38,1,9),(3338,260,8,38,2,9),(3339,238,8,33,7,9),(3340,238,8,33,45,9),(3341,260,8,38,4,9),(3342,260,8,38,42,9),(3343,239,8,34,5,9),(3344,239,8,34,43,9),(3345,237,7,32,3,9),(3346,237,7,32,41,9),(3347,256,1,36,40,9),(3348,256,1,36,38,9),(3349,253,5,35,6,10),(3350,253,5,35,44,10),(3351,232,3,29,1,10),(3352,232,3,29,2,10),(3353,231,2,28,7,10),(3354,231,2,28,45,10),(3355,258,6,37,4,10),(3356,258,6,37,42,10),(3357,237,7,32,5,10),(3358,237,7,32,43,10),(3359,237,7,32,3,10),(3360,237,7,32,41,10),(3361,253,5,35,40,10),(3362,253,5,35,38,10),(3363,253,5,35,6,11),(3364,253,5,35,44,11),(3365,232,3,29,1,11),(3366,232,3,29,2,11),(3367,231,2,28,7,11),(3368,231,2,28,45,11),(3369,258,6,37,4,11),(3370,258,6,37,42,11),(3371,237,7,32,5,11),(3372,237,7,32,43,11),(3373,232,3,29,3,11),(3374,232,3,29,41,11),(3375,253,5,35,40,11),(3376,253,5,35,38,11),(3377,256,1,36,1,12),(3378,256,1,36,2,12),(3379,235,1,30,7,12),(3380,235,1,30,45,12),(3381,235,1,30,4,12),(3382,235,1,30,42,12),(3383,231,2,28,5,12),(3384,231,2,28,43,12),(3385,232,3,29,3,12),(3386,232,3,29,41,12),(3387,256,1,36,1,13),(3388,256,1,36,2,13),(3389,235,1,30,7,13),(3390,235,1,30,45,13),(3391,235,1,30,4,13),(3392,235,1,30,42,13),(3393,231,2,28,5,13),(3394,231,2,28,43,13),(3395,253,5,35,1,14),(3396,253,5,35,2,14),(3397,253,5,35,7,14),(3398,253,5,35,45,14),(3399,253,5,35,4,14),(3400,253,5,35,42,14),(3401,253,5,35,5,14),(3402,253,5,35,43,14),(3403,253,5,35,1,15),(3404,253,5,35,2,15),(3405,253,5,35,7,15),(3406,253,5,35,45,15),(3407,253,5,35,4,15),(3408,253,5,35,42,15),(3409,253,5,35,5,15),(3410,253,5,35,43,15),(3411,235,1,30,6,8),(3412,235,1,30,44,8),(3413,256,1,36,1,8),(3414,256,1,36,2,8),(3415,231,2,28,7,8),(3416,231,2,28,45,8),(3417,258,6,37,4,8),(3418,258,6,37,42,8),(3419,237,7,32,5,8),(3420,237,7,32,43,8),(3421,237,7,32,3,8),(3422,237,7,32,41,8),(3423,256,1,36,40,8),(3424,256,1,36,38,8),(3425,235,1,30,6,9),(3426,235,1,30,44,9),(3427,256,1,36,1,9),(3428,256,1,36,2,9),(3429,231,2,28,7,9),(3430,231,2,28,45,9),(3431,258,6,37,4,9),(3432,258,6,37,42,9),(3433,237,7,32,5,9),(3434,237,7,32,43,9),(3435,237,7,32,3,9),(3436,237,7,32,41,9),(3437,256,1,36,40,9),(3438,256,1,36,38,9),(3439,253,5,35,6,10),(3440,253,5,35,44,10),(3441,253,5,35,1,10),(3442,253,5,35,2,10),(3443,235,1,30,7,10),(3444,235,1,30,45,10),(3445,235,1,30,4,10),(3446,235,1,30,42,10),(3447,231,2,28,5,10),(3448,231,2,28,43,10),(3449,232,3,29,3,10),(3450,232,3,29,41,10),(3451,253,5,35,40,10),(3452,253,5,35,38,10),(3453,253,5,35,6,11),(3454,253,5,35,44,11),(3455,253,5,35,1,11),(3456,253,5,35,2,11),(3457,235,1,30,7,11),(3458,235,1,30,45,11),(3459,235,1,30,4,11),(3460,235,1,30,42,11),(3461,231,2,28,5,11),(3462,231,2,28,43,11),(3463,232,3,29,3,11),(3464,232,3,29,41,11),(3465,253,5,35,40,11),(3466,253,5,35,38,11),(3467,235,1,30,1,12),(3468,235,1,30,2,12),(3469,253,5,35,7,12),(3470,253,5,35,45,12),(3471,253,5,35,4,12),(3472,253,5,35,42,12),(3473,253,5,35,5,12),(3474,253,5,35,43,12),(3475,235,1,30,1,13),(3476,235,1,30,2,13),(3477,253,5,35,7,13),(3478,253,5,35,45,13),(3479,253,5,35,4,13),(3480,253,5,35,42,13),(3481,253,5,35,5,13),(3482,253,5,35,43,13),(3483,258,6,37,1,14),(3484,258,6,37,2,14),(3485,258,6,37,1,15),(3486,258,6,37,2,15),(3487,235,1,30,6,8),(3488,235,1,30,44,8),(3489,256,1,36,1,8),(3490,256,1,36,2,8),(3491,235,1,30,7,8),(3492,235,1,30,45,8),(3493,258,6,37,4,8),(3494,258,6,37,42,8),(3495,237,7,32,5,8),(3496,237,7,32,43,8),(3497,237,7,32,3,8),(3498,237,7,32,41,8),(3499,256,1,36,40,8),(3500,256,1,36,38,8),(3501,235,1,30,6,9),(3502,235,1,30,44,9),(3503,256,1,36,1,9),(3504,256,1,36,2,9),(3505,235,1,30,7,9),(3506,235,1,30,45,9),(3507,258,6,37,4,9),(3508,258,6,37,42,9),(3509,237,7,32,5,9),(3510,237,7,32,43,9),(3511,237,7,32,3,9),(3512,237,7,32,41,9),(3513,256,1,36,40,9),(3514,256,1,36,38,9),(3515,253,5,35,6,10),(3516,253,5,35,44,10),(3517,253,5,35,1,10),(3518,253,5,35,2,10),(3519,253,5,35,7,10),(3520,253,5,35,45,10),(3521,235,1,30,4,10),(3522,235,1,30,42,10),(3523,253,5,35,5,10),(3524,253,5,35,43,10),(3525,232,3,29,3,10),(3526,232,3,29,41,10),(3527,253,5,35,40,10),(3528,253,5,35,38,10),(3529,253,5,35,6,11),(3530,253,5,35,44,11),(3531,253,5,35,1,11),(3532,253,5,35,2,11),(3533,253,5,35,7,11),(3534,253,5,35,45,11),(3535,235,1,30,4,11),(3536,235,1,30,42,11),(3537,253,5,35,5,11),(3538,253,5,35,43,11),(3539,232,3,29,3,11),(3540,232,3,29,41,11),(3541,253,5,35,40,11),(3542,253,5,35,38,11),(3543,235,1,30,1,12),(3544,235,1,30,2,12),(3545,253,5,35,4,12),(3546,253,5,35,42,12),(3547,235,1,30,1,13),(3548,235,1,30,2,13),(3549,253,5,35,4,13),(3550,253,5,35,42,13),(3551,258,6,37,1,14),(3552,258,6,37,2,14),(3553,258,6,37,1,15),(3554,258,6,37,2,15),(3555,235,1,30,6,8),(3556,235,1,30,44,8),(3557,256,1,36,1,8),(3558,256,1,36,2,8),(3559,231,2,28,7,8),(3560,231,2,28,45,8),(3561,258,6,37,4,8),(3562,258,6,37,42,8),(3563,237,7,32,5,8),(3564,237,7,32,43,8),(3565,237,7,32,3,8),(3566,237,7,32,41,8),(3567,256,1,36,40,8),(3568,256,1,36,38,8),(3569,235,1,30,6,9),(3570,235,1,30,44,9),(3571,256,1,36,1,9),(3572,256,1,36,2,9),(3573,231,2,28,7,9),(3574,231,2,28,45,9),(3575,258,6,37,4,9),(3576,258,6,37,42,9),(3577,237,7,32,5,9),(3578,237,7,32,43,9),(3579,237,7,32,3,9),(3580,237,7,32,41,9),(3581,256,1,36,40,9),(3582,256,1,36,38,9),(3583,253,5,35,6,10),(3584,253,5,35,44,10),(3585,253,5,35,1,10),(3586,253,5,35,2,10),(3587,235,1,30,7,10),(3588,235,1,30,45,10),(3589,235,1,30,4,10),(3590,235,1,30,42,10),(3591,231,2,28,5,10),(3592,231,2,28,43,10),(3593,232,3,29,3,10),(3594,232,3,29,41,10),(3595,253,5,35,40,10),(3596,253,5,35,38,10),(3597,253,5,35,6,11),(3598,253,5,35,44,11),(3599,253,5,35,1,11),(3600,253,5,35,2,11),(3601,235,1,30,7,11),(3602,235,1,30,45,11),(3603,235,1,30,4,11),(3604,235,1,30,42,11),(3605,231,2,28,5,11),(3606,231,2,28,43,11),(3607,232,3,29,3,11),(3608,232,3,29,41,11),(3609,253,5,35,40,11),(3610,253,5,35,38,11),(3611,235,1,30,1,12),(3612,235,1,30,2,12),(3613,253,5,35,7,12),(3614,253,5,35,45,12),(3615,253,5,35,4,12),(3616,253,5,35,42,12),(3617,253,5,35,5,12),(3618,253,5,35,43,12),(3619,235,1,30,1,13),(3620,235,1,30,2,13),(3621,253,5,35,7,13),(3622,253,5,35,45,13),(3623,253,5,35,4,13),(3624,253,5,35,42,13),(3625,253,5,35,5,13),(3626,253,5,35,43,13),(3627,258,6,37,1,14),(3628,258,6,37,2,14),(3629,258,6,37,1,15),(3630,258,6,37,2,15),(3631,235,1,30,6,8),(3632,235,1,30,44,8),(3633,253,5,35,1,8),(3634,253,5,35,2,8),(3635,231,2,28,7,8),(3636,231,2,28,45,8),(3637,258,6,37,4,8),(3638,237,7,32,5,8),(3639,258,6,37,42,8),(3640,237,7,32,43,8),(3641,237,7,32,3,8),(3642,237,7,32,41,8),(3643,253,5,35,40,8),(3644,253,5,35,38,8),(3645,235,1,30,6,9),(3646,235,1,30,44,9),(3647,253,5,35,1,9),(3648,253,5,35,2,9),(3649,231,2,28,7,9),(3650,231,2,28,45,9),(3651,237,7,32,5,9),(3652,237,7,32,43,9),(3653,258,6,37,4,9),(3654,258,6,37,42,9),(3655,237,7,32,3,9),(3656,237,7,32,41,9),(3657,253,5,35,40,9),(3658,253,5,35,38,9),(3659,253,5,35,6,10),(3660,253,5,35,44,10),(3661,235,1,30,1,10),(3662,235,1,30,2,10),(3663,235,1,30,7,10),(3664,235,1,30,45,10),(3665,231,2,28,5,10),(3666,231,2,28,43,10),(3667,235,1,30,4,10),(3668,235,1,30,42,10),(3669,232,3,29,3,10),(3670,232,3,29,41,10),(3671,253,5,35,6,11),(3672,253,5,35,44,11),(3673,235,1,30,1,11),(3674,235,1,30,2,11),(3675,235,1,30,7,11),(3676,235,1,30,45,11),(3677,231,2,28,5,11),(3678,231,2,28,43,11),(3679,235,1,30,4,11),(3680,235,1,30,42,11),(3681,232,3,29,3,11),(3682,232,3,29,41,11),(3683,258,6,37,1,12),(3684,258,6,37,2,12),(3685,253,5,35,7,12),(3686,253,5,35,45,12),(3687,253,5,35,5,12),(3688,253,5,35,43,12),(3689,253,5,35,4,12),(3690,253,5,35,42,12),(3691,258,6,37,1,13),(3692,258,6,37,2,13),(3693,253,5,35,7,13),(3694,253,5,35,45,13),(3695,253,5,35,5,13),(3696,253,5,35,43,13),(3697,253,5,35,4,13),(3698,253,5,35,42,13),(3699,258,6,37,1,8),(3700,258,6,37,2,8),(3701,231,2,28,5,8),(3702,231,2,28,43,8),(3703,258,6,37,4,8),(3704,258,6,37,42,8),(3705,232,3,29,3,8),(3706,232,3,29,41,8),(3707,258,6,37,1,9),(3708,258,6,37,2,9),(3709,231,2,28,5,9),(3710,231,2,28,43,9),(3711,258,6,37,4,9),(3712,258,6,37,42,9),(3713,232,3,29,3,9),(3714,232,3,29,41,9),(3715,235,1,30,6,8),(3716,235,1,30,44,8),(3717,253,5,35,1,8),(3718,253,5,35,2,8),(3719,253,5,35,7,8),(3720,253,5,35,45,8),(3721,231,2,28,5,8),(3722,231,2,28,43,8),(3723,235,1,30,4,8),(3724,235,1,30,42,8),(3725,253,5,35,40,8),(3726,253,5,35,38,8),(3727,232,3,29,3,8),(3728,232,3,29,41,8),(3729,235,1,30,6,9),(3730,235,1,30,44,9),(3731,253,5,35,1,9),(3732,253,5,35,2,9),(3733,253,5,35,7,9),(3734,253,5,35,45,9),(3735,231,2,28,5,9),(3736,231,2,28,43,9),(3737,235,1,30,4,9),(3738,235,1,30,42,9),(3739,253,5,35,40,9),(3740,253,5,35,38,9),(3741,232,3,29,3,9),(3742,232,3,29,41,9),(3743,253,5,35,6,10),(3744,253,5,35,44,10),(3745,235,1,30,1,10),(3746,235,1,30,2,10),(3747,253,5,35,5,10),(3748,253,5,35,43,10),(3749,253,5,35,4,10),(3750,253,5,35,42,10),(3751,253,5,35,6,11),(3752,253,5,35,44,11),(3753,235,1,30,1,11),(3754,235,1,30,2,11),(3755,253,5,35,5,11),(3756,253,5,35,43,11),(3757,253,5,35,4,11),(3758,253,5,35,42,11),(3759,258,6,37,1,12),(3760,258,6,37,2,12),(3761,258,6,37,1,13),(3762,258,6,37,2,13),(3763,235,1,30,6,8),(3764,235,1,30,44,8),(3765,253,5,35,1,8),(3766,253,5,35,2,8),(3767,253,5,35,7,8),(3768,253,5,35,45,8),(3769,231,2,28,5,8),(3770,231,2,28,43,8),(3771,235,1,30,4,8),(3772,235,1,30,42,8),(3773,253,5,35,40,8),(3774,253,5,35,38,8),(3775,232,3,29,3,8),(3776,232,3,29,41,8),(3777,235,1,30,6,9),(3778,235,1,30,44,9),(3779,253,5,35,1,9),(3780,253,5,35,2,9),(3781,253,5,35,7,9),(3782,253,5,35,45,9),(3783,231,2,28,5,9),(3784,231,2,28,43,9),(3785,235,1,30,4,9),(3786,235,1,30,42,9),(3787,232,3,29,3,9),(3788,232,3,29,41,9),(3789,253,5,35,40,9),(3790,253,5,35,38,9),(3791,231,2,28,6,10),(3792,231,2,28,44,10),(3793,235,1,30,1,10),(3794,235,1,30,2,10),(3795,253,5,35,5,10),(3796,253,5,35,43,10),(3797,253,5,35,4,10),(3798,253,5,35,42,10),(3799,231,2,28,6,11),(3800,231,2,28,44,11),(3801,235,1,30,1,11),(3802,235,1,30,2,11),(3803,253,5,35,5,11),(3804,253,5,35,43,11),(3805,253,5,35,4,11),(3806,253,5,35,42,11),(3807,253,5,35,6,12),(3808,253,5,35,44,12),(3809,258,6,37,1,12),(3810,258,6,37,2,12),(3811,253,5,35,6,13),(3812,253,5,35,44,13),(3813,258,6,37,1,13),(3814,258,6,37,2,13),(3815,253,5,35,6,8),(3816,253,5,35,44,8),(3817,253,5,35,1,8),(3818,253,5,35,2,8),(3819,253,5,35,7,8),(3820,253,5,35,45,8),(3821,253,5,35,5,8),(3822,253,5,35,43,8),(3823,253,5,35,4,8),(3824,253,5,35,42,8),(3825,232,3,29,3,8),(3826,232,3,29,41,8),(3827,253,5,35,40,8),(3828,253,5,35,38,8),(3829,253,5,35,6,9),(3830,253,5,35,44,9),(3831,253,5,35,1,9),(3832,253,5,35,2,9),(3833,253,5,35,7,9),(3834,253,5,35,45,9),(3835,253,5,35,5,9),(3836,253,5,35,43,9),(3837,253,5,35,4,9),(3838,253,5,35,42,9),(3839,232,3,29,3,9),(3840,232,3,29,41,9),(3841,253,5,35,40,9),(3842,253,5,35,38,9),(3843,235,1,30,1,10),(3844,235,1,30,2,10),(3845,235,1,30,1,11),(3846,235,1,30,2,11),(3847,258,6,37,1,12),(3848,258,6,37,2,12),(3849,258,6,37,1,13),(3850,258,6,37,2,13),(3851,231,2,28,6,8),(3852,231,2,28,44,8),(3853,253,5,35,1,8),(3854,253,5,35,2,8),(3855,253,5,35,7,8),(3856,253,5,35,45,8),(3857,231,2,28,5,8),(3858,231,2,28,43,8),(3859,253,5,35,4,8),(3860,253,5,35,42,8),(3861,232,3,29,3,8),(3862,232,3,29,41,8),(3863,253,5,35,40,8),(3864,253,5,35,38,8),(3865,231,2,28,6,9),(3866,231,2,28,44,9),(3867,253,5,35,1,9),(3868,253,5,35,2,9),(3869,253,5,35,7,9),(3870,253,5,35,45,9),(3871,231,2,28,5,9),(3872,231,2,28,43,9),(3873,253,5,35,4,9),(3874,253,5,35,42,9),(3875,232,3,29,3,9),(3876,232,3,29,41,9),(3877,253,5,35,40,9),(3878,253,5,35,38,9),(3879,253,5,35,6,10),(3880,253,5,35,44,10),(3881,235,1,30,1,10),(3882,235,1,30,2,10),(3883,253,5,35,5,10),(3884,253,5,35,43,10),(3885,253,5,35,6,11),(3886,253,5,35,44,11),(3887,235,1,30,1,11),(3888,235,1,30,2,11),(3889,253,5,35,5,11),(3890,253,5,35,43,11),(3891,258,6,37,1,12),(3892,258,6,37,2,12),(3893,258,6,37,1,13),(3894,258,6,37,2,13),(3895,231,2,28,6,8),(3896,231,2,28,44,8),(3897,253,5,35,1,8),(3898,253,5,35,2,8),(3899,253,5,35,7,8),(3900,253,5,35,45,8),(3901,231,2,28,5,8),(3902,231,2,28,43,8),(3903,253,5,35,4,8),(3904,253,5,35,42,8),(3905,232,3,29,3,8),(3906,232,3,29,41,8),(3907,231,2,28,6,9),(3908,231,2,28,44,9),(3909,253,5,35,1,9),(3910,253,5,35,2,9),(3911,253,5,35,7,9),(3912,253,5,35,45,9),(3913,231,2,28,5,9),(3914,231,2,28,43,9),(3915,253,5,35,4,9),(3916,253,5,35,42,9),(3917,253,5,35,6,10),(3918,253,5,35,44,10),(3919,235,1,30,1,10),(3920,235,1,30,2,10),(3921,253,5,35,5,10),(3922,253,5,35,43,10),(3923,253,5,35,6,11),(3924,253,5,35,44,11),(3925,235,1,30,1,11),(3926,235,1,30,2,11),(3927,253,5,35,5,11),(3928,253,5,35,43,11),(3929,258,6,37,1,12),(3930,258,6,37,2,12),(3931,258,6,37,1,13),(3932,258,6,37,2,13),(3933,231,2,28,6,8),(3934,231,2,28,44,8),(3935,258,6,37,1,8),(3936,258,6,37,2,8),(3937,231,2,28,5,8),(3938,231,2,28,43,8),(3939,231,2,28,6,9),(3940,231,2,28,44,9),(3941,258,6,37,1,9),(3942,258,6,37,2,9),(3943,231,2,28,5,9),(3944,231,2,28,43,9),(3945,231,2,28,6,8),(3946,231,2,28,44,8),(3947,253,5,35,1,8),(3948,253,5,35,2,8),(3949,253,5,35,7,8),(3950,253,5,35,45,8),(3951,253,5,35,4,8),(3952,253,5,35,42,8),(3953,231,2,28,5,8),(3954,231,2,28,43,8),(3955,231,2,28,6,9),(3956,231,2,28,44,9),(3957,253,5,35,1,9),(3958,253,5,35,2,9),(3959,253,5,35,7,9),(3960,253,5,35,45,9),(3961,253,5,35,4,9),(3962,253,5,35,42,9),(3963,253,5,35,5,9),(3964,253,5,35,43,9),(3965,253,5,35,6,10),(3966,253,5,35,44,10),(3967,235,1,30,1,10),(3968,235,1,30,2,10),(3969,253,5,35,5,10),(3970,253,5,35,43,10),(3971,253,5,35,6,11),(3972,253,5,35,44,11),(3973,235,1,30,1,11),(3974,235,1,30,2,11),(3975,258,6,37,1,12),(3976,258,6,37,2,12),(3977,258,6,37,1,13),(3978,258,6,37,2,13),(3979,231,2,28,6,8),(3980,231,2,28,44,8),(3981,253,5,35,1,8),(3982,253,5,35,2,8),(3983,253,5,35,7,8),(3984,253,5,35,45,8),(3985,253,5,35,4,8),(3986,253,5,35,42,8),(3987,253,5,35,5,8),(3988,253,5,35,43,8),(3989,231,2,28,6,9),(3990,231,2,28,44,9),(3991,253,5,35,1,9),(3992,253,5,35,2,9),(3993,253,5,35,7,9),(3994,253,5,35,45,9),(3995,253,5,35,4,9),(3996,253,5,35,42,9),(3997,253,5,35,5,9),(3998,253,5,35,43,9),(3999,253,5,35,6,10),(4000,253,5,35,44,10),(4001,235,1,30,1,10),(4002,235,1,30,2,10),(4003,253,5,35,6,11),(4004,253,5,35,44,11),(4005,235,1,30,1,11),(4006,235,1,30,2,11),(4007,258,6,37,1,12),(4008,258,6,37,2,12),(4009,258,6,37,1,13),(4010,258,6,37,2,13),(4011,253,5,35,6,8),(4012,253,5,35,44,8),(4013,253,5,35,1,8),(4014,253,5,35,2,8),(4015,253,5,35,7,8),(4016,253,5,35,45,8),(4017,253,5,35,4,8),(4018,253,5,35,42,8),(4019,253,5,35,5,8),(4020,253,5,35,43,8),(4021,253,5,35,6,9),(4022,253,5,35,44,9),(4023,253,5,35,1,9),(4024,253,5,35,2,9),(4025,253,5,35,7,9),(4026,253,5,35,45,9),(4027,253,5,35,4,9),(4028,253,5,35,42,9),(4029,253,5,35,5,9),(4030,236,6,31,1,8),(4031,236,6,31,1,8),(4032,248,6,31,2,8),(4033,236,6,31,1,8),(4034,236,6,31,1,8),(4035,248,11,31,2,8),(4036,231,2,28,3,8),(4037,232,3,29,4,8),(4038,260,8,38,5,8),(4039,233,4,29,6,8),(4040,261,12,38,7,8),(4041,258,17,37,40,8),(4042,234,14,28,41,8),(4043,244,15,29,42,8),(4044,250,13,31,43,8),(4045,259,18,37,38,8),(4046,232,3,29,44,9),(4047,260,8,38,45,9),(4048,236,6,31,1,9),(4049,248,11,31,2,9),(4050,261,12,38,7,9),(4051,250,13,31,5,9),(4052,239,9,34,43,9),(4053,233,4,29,6,9),(4054,244,15,29,4,9),(4055,231,2,28,3,9),(4056,234,14,28,41,9),(4057,258,17,37,40,9),(4058,259,18,37,38,9),(4059,260,8,38,45,10),(4060,232,3,29,44,10),(4061,233,4,29,42,10),(4062,256,1,36,1,10),(4063,257,16,36,2,10),(4064,238,13,33,7,10),(4065,261,12,38,5,10),(4066,236,6,31,43,10),(4067,248,11,31,6,10),(4068,244,15,29,3,10),(4069,237,7,32,40,10),(4070,239,9,34,38,10),(4071,238,8,33,45,11),(4072,256,1,36,1,11),(4073,257,3,36,2,11),(4074,236,6,31,44,11),(4075,248,11,31,4,11),(4076,250,13,31,42,11),(4077,232,4,29,41,11),(4078,231,2,28,7,11),(4079,239,9,34,5,11),(4080,260,12,38,43,11),(4081,233,15,29,3,11),(4082,237,7,32,40,11),(4083,260,8,38,1,12),(4084,261,12,38,2,12),(4085,238,13,33,45,12),(4086,236,6,31,6,12),(4087,248,11,31,44,12),(4088,231,2,28,7,12),(4089,256,1,36,41,12),(4090,239,9,34,5,12),(4091,234,14,28,43,12),(4092,237,7,32,38,12),(4093,257,3,36,3,12),(4094,260,8,38,1,13),(4095,261,12,38,2,13),(4096,231,2,28,45,13),(4097,236,6,31,4,13),(4098,248,11,31,42,13),(4099,238,13,33,7,13),(4100,256,1,36,41,13),(4101,234,14,28,5,13),(4102,239,9,34,43,13),(4103,257,3,36,40,13),(4104,237,7,32,38,13),(4105,232,3,29,1,14),(4106,233,4,29,2,14),(4107,231,2,28,45,14),(4108,260,8,38,4,14),(4109,261,12,38,42,14),(4110,236,6,31,5,14),(4111,238,13,33,43,14),(4112,248,11,31,3,14),(4113,244,15,29,41,14),(4114,239,9,34,40,14),(4115,256,1,36,38,14),(4116,232,3,29,1,15),(4117,233,4,29,2,15),(4118,260,8,38,4,15),(4119,261,12,38,42,15),(4120,238,13,33,5,15),(4121,231,2,28,43,15),(4122,236,6,31,3,15),(4123,248,11,31,41,15),(4124,239,9,34,40,15),(4125,256,1,36,38,15),(4126,232,3,29,6,8),(4127,233,4,29,44,8),(4128,236,6,31,1,8),(4129,248,11,31,2,8),(4130,260,8,38,7,8),(4131,261,12,38,45,8),(4132,244,15,29,4,8),(4133,250,13,31,42,8),(4134,239,9,34,5,8),(4135,231,2,28,43,8),(4136,253,5,35,3,8),(4137,254,10,35,41,8),(4138,258,17,37,40,8),(4139,259,18,37,38,8),(4140,236,6,31,1,9),(4141,248,11,31,2,9),(4142,232,3,29,6,9),(4143,233,4,29,44,9),(4144,260,8,38,7,9),(4145,261,12,38,45,9),(4146,244,15,29,4,9),(4147,250,13,31,42,9),(4148,239,9,34,5,9),(4149,231,2,28,43,9),(4150,253,5,35,3,9),(4151,254,10,35,41,9),(4152,258,17,37,40,9),(4153,259,18,37,38,9),(4154,256,1,36,1,10),(4155,257,3,36,2,10),(4156,236,6,31,6,10),(4157,248,11,31,44,10),(4158,238,8,33,7,10),(4159,265,13,33,45,10),(4160,260,12,38,4,10),(4161,232,4,29,42,10),(4162,261,19,38,5,10),(4163,239,9,34,43,10),(4164,231,2,28,3,10),(4165,234,14,28,41,10),(4166,237,7,32,40,10),(4167,253,5,35,38,10),(4168,256,1,36,1,11),(4169,257,3,36,2,11),(4170,238,8,33,7,11),(4171,265,13,33,45,11),(4172,236,6,31,6,11),(4173,248,11,31,44,11),(4174,260,12,38,4,11),(4175,232,4,29,42,11),(4176,261,19,38,5,11),(4177,239,9,34,43,11),(4178,231,2,28,3,11),(4179,234,14,28,41,11),(4180,237,7,32,40,11),(4181,253,5,35,38,11),(4182,260,8,38,1,12),(4183,261,12,38,2,12),(4184,231,2,28,7,12),(4185,234,14,28,45,12),(4186,236,6,31,4,12),(4187,248,11,31,5,12),(4188,250,13,31,43,12),(4189,256,1,36,3,12),(4190,257,3,36,41,12),(4191,239,9,34,40,12),(4192,237,7,32,38,12),(4193,260,8,38,1,13),(4194,261,12,38,2,13),(4195,231,2,28,7,13),(4196,234,14,28,45,13),(4197,236,6,31,4,13),(4198,248,11,31,5,13),(4199,250,13,31,43,13),(4200,256,1,36,3,13),(4201,257,3,36,41,13),(4202,239,9,34,40,13),(4203,237,7,32,38,13),(4204,232,3,29,1,14),(4205,233,4,29,2,14),(4206,235,1,30,7,14),(4207,249,5,30,45,14),(4208,260,8,38,42,14),(4209,238,13,33,5,14),(4210,261,12,38,43,14),(4211,236,6,31,3,14),(4212,248,11,31,41,14),(4213,256,16,36,40,14),(4214,239,9,34,38,14),(4215,232,3,29,1,15),(4216,233,4,29,2,15),(4217,235,1,30,7,15),(4218,249,5,30,45,15),(4219,260,8,38,42,15),(4220,238,13,33,5,15),(4221,261,12,38,43,15),(4222,236,6,31,3,15),(4223,248,11,31,41,15),(4224,256,16,36,40,15),(4225,239,9,34,38,15),(4226,232,3,29,6,8),(4227,233,4,29,44,8),(4228,236,6,31,1,8),(4229,248,11,31,2,8),(4230,260,8,38,7,8),(4231,261,12,38,45,8),(4232,244,15,29,4,8),(4233,250,13,31,42,8),(4234,239,9,34,5,8),(4235,231,2,28,43,8),(4236,253,5,35,3,8),(4237,254,10,35,41,8),(4238,258,17,37,40,8),(4239,259,18,37,38,8),(4240,232,3,29,6,9),(4241,233,4,29,44,9),(4242,236,6,31,1,9),(4243,248,11,31,2,9),(4244,260,8,38,7,9),(4245,261,12,38,45,9),(4246,244,15,29,4,9),(4247,250,13,31,42,9),(4248,239,9,34,5,9),(4249,231,2,28,43,9),(4250,253,5,35,3,9),(4251,254,10,35,41,9),(4252,258,17,37,40,9),(4253,259,18,37,38,9),(4254,256,1,36,1,10),(4255,257,3,36,2,10),(4256,236,6,31,6,10),(4257,248,11,31,44,10),(4258,238,8,33,7,10),(4259,265,13,33,45,10),(4260,260,12,38,4,10),(4261,232,4,29,42,10),(4262,261,19,38,5,10),(4263,239,9,34,43,10),(4264,231,2,28,3,10),(4265,234,14,28,41,10),(4266,237,7,32,40,10),(4267,253,5,35,38,10),(4268,256,1,36,1,11),(4269,257,3,36,2,11),(4270,236,6,31,6,11),(4271,248,11,31,44,11),(4272,238,8,33,7,11),(4273,265,13,33,45,11),(4274,260,12,38,4,11),(4275,232,4,29,42,11),(4276,261,19,38,5,11),(4277,239,9,34,43,11),(4278,231,2,28,3,11),(4279,234,14,28,41,11),(4280,237,7,32,40,11),(4281,253,5,35,38,11),(4282,260,8,38,1,12),(4283,261,12,38,2,12),(4284,231,2,28,7,12),(4285,234,14,28,45,12),(4286,236,6,31,4,12),(4287,248,11,31,5,12),(4288,250,13,31,43,12),(4289,256,1,36,3,12),(4290,257,3,36,41,12),(4291,239,9,34,40,12),(4292,237,7,32,38,12),(4293,260,8,38,1,13),(4294,261,12,38,2,13),(4295,231,2,28,7,13),(4296,234,14,28,45,13),(4297,236,6,31,4,13),(4298,248,11,31,5,13),(4299,250,13,31,43,13),(4300,256,1,36,3,13),(4301,257,3,36,41,13),(4302,239,9,34,40,13),(4303,237,7,32,38,13),(4304,232,3,29,1,14),(4305,233,4,29,2,14),(4306,235,1,30,7,14),(4307,249,5,30,45,14),(4308,260,8,38,42,14),(4309,238,13,33,5,14),(4310,261,12,38,43,14),(4311,236,6,31,3,14),(4312,248,11,31,41,14),(4313,256,16,36,40,14),(4314,239,9,34,38,14),(4315,232,3,29,1,15),(4316,233,4,29,2,15),(4317,235,1,30,7,15),(4318,249,5,30,45,15),(4319,260,8,38,42,15),(4320,238,13,33,5,15),(4321,261,12,38,43,15),(4322,236,6,31,3,15),(4323,248,11,31,41,15),(4324,256,16,36,40,15),(4325,239,9,34,38,15),(4326,232,3,29,6,8),(4327,233,4,29,44,8),(4328,236,6,31,1,8),(4329,248,11,31,2,8),(4330,260,8,38,7,8),(4331,261,12,38,45,8),(4332,244,15,29,4,8),(4333,250,13,31,42,8),(4334,239,9,34,5,8),(4335,253,5,35,3,8),(4336,254,10,35,41,8),(4337,258,17,37,40,8),(4338,259,18,37,38,8),(4339,232,3,29,6,9),(4340,233,4,29,44,9),(4341,236,6,31,1,9),(4342,248,11,31,2,9),(4343,260,8,38,7,9),(4344,261,12,38,45,9),(4345,244,15,29,4,9),(4346,250,13,31,42,9),(4347,239,9,34,43,9),(4348,253,5,35,3,9),(4349,254,10,35,41,9),(4350,258,17,37,40,9),(4351,259,18,37,38,9),(4352,236,6,31,6,10),(4353,248,11,31,44,10),(4354,256,1,36,1,10),(4355,257,3,36,2,10),(4356,238,8,33,7,10),(4357,265,13,33,45,10),(4358,260,12,38,4,10),(4359,232,4,29,42,10),(4360,261,19,38,5,10),(4361,239,9,34,43,10),(4362,233,15,29,3,10),(4363,237,7,32,40,10),(4364,253,5,35,38,10),(4365,256,1,36,1,11),(4366,257,3,36,2,11),(4367,236,6,31,6,11),(4368,248,11,31,44,11),(4369,238,8,33,7,11),(4370,265,13,33,45,11),(4371,260,12,38,4,11),(4372,232,4,29,42,11),(4373,261,19,38,5,11),(4374,233,15,29,41,11),(4375,237,7,32,40,11),(4376,239,9,34,38,11),(4377,260,8,38,1,12),(4378,261,12,38,2,12),(4379,235,1,30,7,12),(4380,249,5,30,45,12),(4381,236,6,31,4,12),(4382,248,11,31,43,12),(4383,250,13,31,5,12),(4384,256,3,36,3,12),(4385,257,16,36,41,12),(4386,239,9,34,40,12),(4387,237,7,32,38,12),(4388,260,8,38,1,13),(4389,261,12,38,2,13),(4390,235,1,30,7,13),(4391,249,5,30,45,13),(4392,236,6,31,4,13),(4393,248,11,31,43,13),(4394,250,13,31,5,13),(4395,256,3,36,3,13),(4396,257,16,36,41,13),(4397,239,9,34,40,13),(4398,237,7,32,38,13),(4399,232,3,29,1,14),(4400,233,4,29,2,14),(4401,253,5,35,7,14),(4402,254,10,35,45,14),(4403,260,8,38,42,14),(4404,261,12,38,43,14),(4405,238,13,33,5,14),(4406,236,6,31,3,14),(4407,248,11,31,41,14),(4408,256,1,36,40,14),(4409,239,9,34,38,14),(4410,232,3,29,1,15),(4411,233,4,29,2,15),(4412,253,5,35,7,15),(4413,254,10,35,45,15),(4414,260,8,38,42,15),(4415,261,12,38,43,15),(4416,238,13,33,5,15),(4417,236,6,31,3,15),(4418,248,11,31,41,15),(4419,256,1,36,40,15),(4420,257,16,36,38,15),(4421,232,3,29,6,8),(4422,233,4,29,44,8),(4423,236,6,31,1,8),(4424,248,11,31,2,8),(4425,260,8,38,7,8),(4426,261,12,38,45,8),(4427,244,15,29,4,8),(4428,250,13,31,42,8),(4429,239,9,34,43,8),(4430,231,2,28,5,8),(4431,253,5,35,3,8),(4432,254,10,35,41,8),(4433,258,17,37,40,8),(4434,259,18,37,38,8),(4435,232,3,29,6,9),(4436,233,4,29,44,9),(4437,236,6,31,1,9),(4438,248,11,31,2,9),(4439,260,8,38,7,9),(4440,261,12,38,45,9),(4441,244,15,29,4,9),(4442,250,13,31,42,9),(4443,239,9,34,43,9),(4444,231,2,28,5,9),(4445,253,5,35,3,9),(4446,254,10,35,41,9),(4447,258,17,37,40,9),(4448,259,18,37,38,9),(4449,236,6,31,6,10),(4450,248,11,31,44,10),(4451,256,1,36,1,10),(4452,257,3,36,2,10),(4453,238,8,33,7,10),(4454,265,13,33,45,10),(4455,260,12,38,4,10),(4456,232,4,29,42,10),(4457,261,19,38,43,10),(4458,239,9,34,5,10),(4459,231,2,28,3,10),(4460,234,14,28,41,10),(4461,237,7,32,40,10),(4462,253,5,35,38,10),(4463,236,6,31,6,11),(4464,248,11,31,44,11),(4465,256,1,36,1,11),(4466,257,3,36,2,11),(4467,238,8,33,7,11),(4468,265,13,33,45,11),(4469,260,12,38,4,11),(4470,232,4,29,42,11),(4471,261,19,38,43,11),(4472,239,9,34,5,11),(4473,231,2,28,3,11),(4474,234,14,28,41,11),(4475,237,7,32,40,11),(4476,253,5,35,38,11),(4477,260,8,38,1,12),(4478,261,12,38,2,12),(4479,231,2,28,7,12),(4480,234,14,28,45,12),(4481,236,6,31,4,12),(4482,248,11,31,43,12),(4483,250,13,31,5,12),(4484,256,1,36,3,12),(4485,257,3,36,41,12),(4486,239,9,34,40,12),(4487,237,7,32,38,12),(4488,260,8,38,1,13),(4489,261,12,38,2,13),(4490,231,2,28,7,13),(4491,234,14,28,45,13),(4492,236,6,31,4,13),(4493,248,11,31,43,13),(4494,250,13,31,5,13),(4495,256,1,36,3,13),(4496,257,3,36,41,13),(4497,239,9,34,40,13),(4498,237,7,32,38,13),(4499,232,3,29,1,14),(4500,233,4,29,2,14),(4501,235,1,30,7,14),(4502,249,5,30,45,14),(4503,260,8,38,42,14),(4504,238,13,33,43,14),(4505,261,12,38,5,14),(4506,236,6,31,3,14),(4507,248,11,31,41,14),(4508,256,16,36,40,14),(4509,239,9,34,38,14),(4510,232,3,29,1,15),(4511,233,4,29,2,15),(4512,235,1,30,7,15),(4513,249,5,30,45,15),(4514,260,8,38,42,15),(4515,238,13,33,43,15),(4516,261,12,38,5,15),(4517,236,6,31,3,15),(4518,248,11,31,41,15),(4519,256,16,36,40,15),(4520,239,9,34,38,15),(4521,232,3,29,6,8),(4522,233,4,29,44,8),(4523,236,6,31,1,8),(4524,248,11,31,2,8),(4525,260,8,38,7,8),(4526,261,12,38,45,8),(4527,244,15,29,4,8),(4528,250,13,31,42,8),(4529,239,9,34,43,8),(4530,231,2,28,5,8),(4531,253,5,35,3,8),(4532,254,10,35,41,8),(4533,258,17,37,40,8),(4534,259,18,37,38,8),(4535,232,3,29,6,9),(4536,233,4,29,44,9),(4537,236,6,31,1,9),(4538,248,11,31,2,9),(4539,260,8,38,7,9),(4540,261,12,38,45,9),(4541,244,15,29,4,9),(4542,250,13,31,42,9),(4543,239,9,34,43,9),(4544,231,2,28,5,9),(4545,253,5,35,3,9),(4546,254,10,35,41,9),(4547,258,17,37,40,9),(4548,259,18,37,38,9),(4549,236,6,31,6,10),(4550,248,11,31,44,10),(4551,260,8,38,1,10),(4552,261,12,38,2,10),(4553,238,13,33,7,10),(4554,231,2,28,45,10),(4555,232,3,29,42,10),(4556,234,14,28,43,10),(4557,239,9,34,5,10),(4558,233,4,29,3,10),(4559,244,15,29,41,10),(4560,237,7,32,40,10),(4561,253,5,35,38,10),(4562,236,6,31,6,11),(4563,248,11,31,44,11),(4564,260,8,38,1,11),(4565,261,12,38,2,11),(4566,238,13,33,7,11),(4567,231,2,28,45,11),(4568,232,3,29,42,11),(4569,234,14,28,43,11),(4570,239,9,34,5,11),(4571,233,4,29,3,11),(4572,244,15,29,41,11),(4573,237,7,32,40,11),(4574,253,5,35,38,11),(4575,232,3,29,1,12),(4576,233,4,29,2,12),(4577,231,2,28,7,12),(4578,238,8,33,45,12),(4579,236,6,31,4,12),(4580,260,12,38,42,12),(4581,261,19,38,43,12),(4582,248,11,31,5,12),(4583,250,13,31,3,12),(4584,234,14,28,41,12),(4585,239,9,34,40,12),(4586,237,7,32,38,12),(4587,232,3,29,1,13),(4588,233,4,29,2,13),(4589,231,2,28,7,13),(4590,238,8,33,45,13),(4591,236,6,31,4,13),(4592,260,12,38,42,13),(4593,261,19,38,43,13),(4594,248,11,31,5,13),(4595,250,13,31,3,13),(4596,234,14,28,41,13),(4597,239,9,34,40,13),(4598,237,7,32,38,13),(4599,258,6,37,1,14),(4600,259,17,37,2,14),(4601,235,1,30,7,14),(4602,249,5,30,45,14),(4603,260,8,38,4,14),(4604,236,11,31,43,14),(4605,261,12,38,5,14),(4606,231,2,28,3,14),(4607,248,13,31,41,14),(4608,253,10,35,40,14),(4609,239,9,34,38,14),(4610,258,6,37,1,15),(4611,259,17,37,2,15),(4612,235,1,30,7,15),(4613,249,5,30,45,15),(4614,260,8,38,4,15),(4615,236,11,31,43,15),(4616,261,12,38,5,15),(4617,231,2,28,3,15),(4618,248,13,31,41,15),(4619,253,10,35,40,15),(4620,239,9,34,38,15),(4621,232,3,29,6,8),(4622,233,4,29,44,8),(4623,236,6,31,1,8),(4624,248,11,31,2,8),(4625,260,8,38,7,8),(4626,261,12,38,45,8),(4627,244,15,29,4,8),(4628,250,13,31,42,8),(4629,239,9,34,43,8),(4630,231,2,28,5,8),(4631,234,14,28,3,8),(4632,256,1,36,41,8),(4633,237,7,32,40,8),(4634,257,16,36,38,8),(4635,232,3,29,6,9),(4636,233,4,29,44,9),(4637,236,6,31,1,9),(4638,248,11,31,2,9),(4639,260,8,38,7,9),(4640,261,12,38,45,9),(4641,244,15,29,4,9),(4642,250,13,31,42,9),(4643,239,9,34,43,9),(4644,231,2,28,5,9),(4645,234,14,28,3,9),(4646,256,1,36,41,9),(4647,237,7,32,40,9),(4648,257,16,36,38,9),(4649,236,6,31,6,10),(4650,248,11,31,44,10),(4651,260,8,38,1,10),(4652,261,12,38,2,10),(4653,238,13,33,7,10),(4654,231,2,28,45,10),(4655,232,3,29,42,10),(4656,234,14,28,43,10),(4657,239,9,34,5,10),(4658,256,1,36,3,10),(4659,233,4,29,41,10),(4660,257,16,36,40,10),(4661,237,7,32,38,10),(4662,236,6,31,6,11),(4663,248,11,31,44,11),(4664,260,8,38,1,11),(4665,261,12,38,2,11),(4666,238,13,33,7,11),(4667,231,2,28,45,11),(4668,232,3,29,42,11),(4669,234,14,28,43,11),(4670,239,9,34,5,11),(4671,256,1,36,3,11),(4672,233,4,29,41,11),(4673,257,16,36,40,11),(4674,237,7,32,38,11),(4675,232,3,29,1,12),(4676,233,4,29,2,12),(4677,231,2,28,7,12),(4678,238,8,33,45,12),(4679,236,6,31,4,12),(4680,260,12,38,42,12),(4681,261,19,38,43,12),(4682,248,11,31,5,12),(4683,250,13,31,3,12),(4684,234,14,28,41,12),(4685,239,9,34,40,12),(4686,232,3,29,1,13),(4687,233,4,29,2,13),(4688,231,2,28,7,13),(4689,238,8,33,45,13),(4690,236,6,31,4,13),(4691,260,12,38,42,13),(4692,261,19,38,43,13),(4693,248,11,31,5,13),(4694,250,13,31,3,13),(4695,234,14,28,41,13),(4696,239,9,34,38,13),(4697,256,1,36,1,14),(4698,257,3,36,2,14),(4699,260,8,38,4,14),(4700,236,6,31,43,14),(4701,261,12,38,5,14),(4702,232,4,29,3,14),(4703,248,11,31,41,14),(4704,239,9,34,40,14),(4705,256,1,36,1,15),(4706,257,3,36,2,15),(4707,260,8,38,4,15),(4708,236,6,31,43,15),(4709,261,12,38,5,15),(4710,232,4,29,3,15),(4711,248,11,31,41,15),(4712,239,9,34,38,15),(4713,232,3,29,6,8),(4714,233,4,29,44,8),(4715,236,6,31,1,8),(4716,248,11,31,2,8),(4717,260,8,38,7,8),(4718,261,12,38,45,8),(4719,244,15,29,4,8),(4720,250,13,31,42,8),(4721,239,9,34,43,8),(4722,231,2,28,5,8),(4723,253,5,35,3,8),(4724,254,10,35,41,8),(4725,237,7,32,40,8),(4726,256,1,36,38,8),(4727,232,3,29,6,9),(4728,233,4,29,44,9),(4729,236,6,31,1,9),(4730,248,11,31,2,9),(4731,260,8,38,7,9),(4732,261,12,38,45,9),(4733,244,15,29,4,9),(4734,250,13,31,42,9),(4735,239,9,34,43,9),(4736,231,2,28,5,9),(4737,253,5,35,3,9),(4738,254,10,35,41,9),(4739,237,7,32,40,9),(4740,256,1,36,38,9),(4741,236,6,31,6,10),(4742,248,11,31,44,10),(4743,260,8,38,1,10),(4744,261,12,38,2,10),(4745,238,13,33,7,10),(4746,231,2,28,45,10),(4747,232,3,29,42,10),(4748,234,14,28,43,10),(4749,239,9,34,5,10),(4750,256,1,36,3,10),(4751,257,16,36,41,10),(4752,253,5,35,40,10),(4753,237,7,32,38,10),(4754,236,6,31,6,11),(4755,248,11,31,44,11),(4756,260,8,38,1,11),(4757,261,12,38,2,11),(4758,238,13,33,7,11),(4759,231,2,28,45,11),(4760,232,3,29,42,11),(4761,234,14,28,43,11),(4762,239,9,34,5,11),(4763,256,1,36,3,11),(4764,257,16,36,41,11),(4765,253,5,35,40,11),(4766,237,7,32,38,11),(4767,232,3,29,1,12),(4768,233,4,29,2,12),(4769,231,2,28,7,12),(4770,238,8,33,45,12),(4771,236,6,31,4,12),(4772,260,12,38,42,12),(4773,261,19,38,43,12),(4774,248,11,31,5,12),(4775,250,13,31,3,12),(4776,234,14,28,41,12),(4777,239,9,34,40,12),(4778,253,5,35,38,12),(4779,232,3,29,1,13),(4780,233,4,29,2,13),(4781,231,2,28,7,13),(4782,238,8,33,45,13),(4783,236,6,31,4,13),(4784,260,12,38,42,13),(4785,261,19,38,43,13),(4786,248,11,31,5,13),(4787,250,13,31,3,13),(4788,234,14,28,41,13),(4789,239,9,34,40,13),(4790,253,5,35,38,13),(4791,256,1,36,1,14),(4792,257,3,36,2,14),(4793,235,5,30,7,14),(4794,249,12,30,45,14),(4795,260,8,38,4,14),(4796,236,6,31,43,14),(4797,261,19,38,5,14),(4798,231,2,28,3,14),(4799,248,11,31,41,14),(4800,239,9,34,38,14),(4801,256,1,36,1,15),(4802,257,3,36,2,15),(4803,235,5,30,7,15),(4804,249,12,30,45,15),(4805,260,8,38,4,15),(4806,236,6,31,43,15),(4807,238,13,33,5,15),(4808,231,2,28,3,15),(4809,248,11,31,41,15),(4810,239,9,34,38,15),(4811,232,3,29,6,8),(4812,233,4,29,44,8),(4813,236,6,31,1,8),(4814,248,11,31,2,8),(4815,260,8,38,7,8),(4816,261,12,38,45,8),(4817,244,15,29,4,8),(4818,250,13,31,42,8),(4819,239,9,34,43,8),(4820,231,2,28,5,8),(4821,253,5,35,3,8),(4822,254,10,35,41,8),(4823,237,7,32,40,8),(4824,256,1,36,38,8),(4825,232,3,29,6,9),(4826,233,4,29,44,9),(4827,236,6,31,1,9),(4828,248,11,31,2,9),(4829,260,8,38,7,9),(4830,261,12,38,45,9),(4831,244,15,29,4,9),(4832,250,13,31,42,9),(4833,239,9,34,43,9),(4834,231,2,28,5,9),(4835,253,5,35,3,9),(4836,254,10,35,41,9),(4837,237,7,32,40,9),(4838,256,1,36,38,9),(4839,236,6,31,6,10),(4840,248,11,31,44,10),(4841,260,8,38,1,10),(4842,261,12,38,2,10),(4843,238,13,33,7,10),(4844,231,2,28,45,10),(4845,232,3,29,42,10),(4846,234,14,28,43,10),(4847,239,9,34,5,10),(4848,256,1,36,3,10),(4849,257,16,36,41,10),(4850,253,5,35,40,10),(4851,237,7,32,38,10),(4852,236,6,31,6,11),(4853,248,11,31,44,11),(4854,260,8,38,1,11),(4855,261,12,38,2,11),(4856,238,13,33,7,11),(4857,231,2,28,45,11),(4858,232,3,29,42,11),(4859,234,14,28,43,11),(4860,239,9,34,5,11),(4861,256,1,36,3,11),(4862,257,16,36,41,11),(4863,253,5,35,40,11),(4864,237,7,32,38,11),(4865,232,3,29,1,12),(4866,233,4,29,2,12),(4867,231,2,28,7,12),(4868,238,8,33,45,12),(4869,236,6,31,4,12),(4870,260,12,38,42,12),(4871,248,11,31,43,12),(4872,250,13,31,5,12),(4873,234,14,28,3,12),(4874,244,15,29,41,12),(4875,239,9,34,40,12),(4876,253,5,35,38,12),(4877,232,3,29,1,13),(4878,233,4,29,2,13),(4879,231,2,28,7,13),(4880,238,8,33,45,13),(4881,236,6,31,4,13),(4882,260,12,38,42,13),(4883,248,11,31,43,13),(4884,250,13,31,5,13),(4885,234,14,28,3,13),(4886,244,15,29,41,13),(4887,239,9,34,40,13),(4888,253,5,35,38,13),(4889,256,1,36,1,14),(4890,257,3,36,2,14),(4891,235,5,30,7,14),(4892,249,12,30,45,14),(4893,260,8,38,4,14),(4894,238,13,33,43,14),(4895,236,6,31,3,14),(4896,248,11,31,41,14),(4897,239,9,34,38,14),(4898,256,1,36,1,15),(4899,257,3,36,2,15),(4900,235,5,30,7,15),(4901,249,12,30,45,15),(4902,260,8,38,4,15),(4903,238,13,33,5,15),(4904,236,6,31,3,15),(4905,248,11,31,41,15),(4906,239,9,34,38,15),(4907,232,3,29,6,8),(4908,233,4,29,44,8),(4909,236,6,31,1,8),(4910,248,11,31,2,8),(4911,260,8,38,7,8),(4912,261,12,38,45,8),(4913,244,15,29,4,8),(4914,250,13,31,42,8),(4915,239,9,34,43,8),(4916,253,5,35,3,8),(4917,254,10,35,41,8),(4918,237,7,32,40,8),(4919,256,1,36,38,8),(4920,232,3,29,6,9),(4921,233,4,29,44,9),(4922,236,6,31,1,9),(4923,248,11,31,2,9),(4924,260,8,38,7,9),(4925,261,12,38,45,9),(4926,244,15,29,4,9),(4927,250,13,31,42,9),(4928,239,9,34,5,9),(4929,253,5,35,3,9),(4930,254,10,35,41,9),(4931,237,7,32,40,9),(4932,256,1,36,38,9),(4933,236,6,31,6,10),(4934,248,11,31,44,10),(4935,260,8,38,1,10),(4936,261,12,38,2,10),(4937,238,13,33,7,10),(4938,235,1,30,45,10),(4939,249,5,30,4,10),(4940,232,3,29,42,10),(4941,239,9,34,43,10),(4942,256,16,36,3,10),(4943,233,4,29,41,10),(4944,253,10,35,40,10),(4945,237,7,32,38,10),(4946,236,6,31,6,11),(4947,248,11,31,44,11),(4948,260,8,38,1,11),(4949,261,12,38,2,11),(4950,238,13,33,7,11),(4951,235,1,30,45,11),(4952,249,5,30,4,11),(4953,232,3,29,42,11),(4954,239,9,34,5,11),(4955,256,16,36,3,11),(4956,233,4,29,41,11),(4957,253,10,35,40,11),(4958,237,7,32,38,11),(4959,235,1,30,6,12),(4960,249,5,30,44,12),(4961,232,3,29,1,12),(4962,233,4,29,2,12),(4963,250,12,30,7,12),(4964,238,8,33,45,12),(4965,236,6,31,4,12),(4966,260,19,38,42,12),(4967,248,11,31,43,12),(4968,265,13,33,5,12),(4969,244,15,29,3,12),(4970,256,16,36,41,12),(4971,239,9,34,40,12),(4972,253,10,35,38,12),(4973,235,1,30,6,13),(4974,249,5,30,44,13),(4975,232,3,29,1,13),(4976,233,4,29,2,13),(4977,250,12,30,7,13),(4978,238,8,33,45,13),(4979,236,6,31,4,13),(4980,260,19,38,42,13),(4981,248,11,31,43,13),(4982,265,13,33,5,13),(4983,244,15,29,3,13),(4984,256,16,36,41,13),(4985,239,9,34,40,13),(4986,253,10,35,38,13),(4987,253,5,35,6,14),(4988,254,10,35,44,14),(4989,256,1,36,1,14),(4990,257,3,36,2,14),(4991,255,12,35,7,14),(4992,260,8,38,4,14),(4993,258,6,37,42,14),(4994,238,13,33,43,14),(4995,236,11,31,5,14),(4996,239,9,34,38,14),(4997,253,5,35,6,15),(4998,254,10,35,44,15),(4999,256,1,36,1,15),(5000,257,3,36,2,15),(5001,255,12,35,45,15),(5002,260,8,38,4,15),(5003,258,6,37,42,15),(5004,238,13,33,43,15),(5005,236,11,31,5,15),(5006,239,9,34,38,15),(5007,235,1,30,6,8),(5008,249,5,30,44,8),(5009,260,8,38,1,8),(5010,261,12,38,2,8),(5011,238,13,33,7,8),(5012,231,2,28,45,8),(5013,258,6,37,4,8),(5014,259,17,37,42,8),(5015,239,9,34,43,8),(5016,262,11,34,5,8),(5017,253,10,35,3,8),(5018,256,3,36,41,8),(5019,237,7,32,40,8),(5020,257,16,36,38,8),(5021,260,8,38,1,9),(5022,261,12,38,2,9),(5023,235,1,30,6,9),(5024,249,5,30,44,9),(5025,238,13,33,7,9),(5026,231,2,28,45,9),(5027,258,6,37,4,9),(5028,259,17,37,42,9),(5029,239,9,34,43,9),(5030,262,11,34,5,9),(5031,253,10,35,3,9),(5032,256,3,36,41,9),(5033,237,7,32,40,9),(5034,257,16,36,38,9),(5035,232,3,29,1,10),(5036,233,4,29,2,10),(5037,253,5,35,6,10),(5038,254,10,35,44,10),(5039,260,8,38,7,10),(5040,261,12,38,45,10),(5041,235,1,30,4,10),(5042,238,13,33,43,10),(5043,231,2,28,5,10),(5044,236,6,31,3,10),(5045,248,11,31,41,10),(5046,239,9,34,40,10),(5047,237,7,32,38,10),(5048,232,3,29,1,11),(5049,233,4,29,2,11),(5050,253,5,35,6,11),(5051,254,10,35,44,11),(5052,260,8,38,7,11),(5053,261,12,38,45,11),(5054,235,1,30,42,11),(5055,238,13,33,43,11),(5056,231,2,28,5,11),(5057,236,6,31,3,11),(5058,248,11,31,41,11),(5059,239,9,34,40,11),(5060,237,7,32,38,11),(5061,256,1,36,1,12),(5062,257,3,36,2,12),(5063,231,2,28,7,12),(5064,238,8,33,45,12),(5065,260,12,38,4,12),(5066,261,19,38,42,12),(5067,234,14,28,43,12),(5068,265,13,33,5,12),(5069,232,4,29,3,12),(5070,253,5,35,41,12),(5071,254,10,35,40,12),(5072,239,9,34,38,12),(5073,256,1,36,1,13),(5074,257,3,36,2,13),(5075,231,2,28,7,13),(5076,238,8,33,45,13),(5077,260,12,38,4,13),(5078,261,19,38,42,13),(5079,234,14,28,43,13),(5080,265,13,33,5,13),(5081,232,4,29,3,13),(5082,253,5,35,41,13),(5083,254,10,35,40,13),(5084,239,9,34,38,13),(5085,253,5,35,1,14),(5086,254,10,35,2,14),(5087,235,1,30,7,14),(5088,249,12,30,45,14),(5089,237,7,32,43,14),(5090,251,11,32,5,14),(5091,231,2,28,3,14),(5092,234,8,28,41,14),(5093,256,3,36,40,14),(5094,253,5,35,1,15),(5095,254,10,35,2,15),(5096,235,1,30,7,15),(5097,249,12,30,45,15),(5098,237,7,32,43,15),(5099,251,11,32,5,15),(5100,231,2,28,3,15),(5101,234,8,28,41,15),(5102,256,3,36,40,15),(5103,235,1,30,6,8),(5104,249,5,30,44,8),(5105,260,8,38,1,8),(5106,261,12,38,2,8),(5107,238,13,33,7,8),(5108,231,2,28,45,8),(5109,258,6,37,4,8),(5110,259,17,37,42,8),(5111,239,9,34,43,8),(5112,262,11,34,5,8),(5113,253,10,35,3,8),(5114,234,14,28,41,8),(5115,237,7,32,40,8),(5116,235,1,30,6,9),(5117,249,5,30,44,9),(5118,260,8,38,1,9),(5119,261,12,38,2,9),(5120,238,13,33,7,9),(5121,231,2,28,45,9),(5122,258,6,37,4,9),(5123,259,17,37,42,9),(5124,239,9,34,43,9),(5125,262,11,34,5,9),(5126,253,10,35,3,9),(5127,234,14,28,41,9),(5128,237,7,32,40,9),(5129,232,3,29,1,10),(5130,233,4,29,2,10),(5131,253,5,35,6,10),(5132,254,10,35,44,10),(5133,260,8,38,7,10),(5134,261,12,38,45,10),(5135,235,1,30,4,10),(5136,238,13,33,43,10),(5137,231,2,28,5,10),(5138,236,6,31,3,10),(5139,248,11,31,41,10),(5140,239,9,34,40,10),(5141,237,7,32,38,10),(5142,232,3,29,1,11),(5143,233,4,29,2,11),(5144,253,5,35,6,11),(5145,254,10,35,44,11),(5146,260,8,38,7,11),(5147,261,12,38,45,11),(5148,235,1,30,42,11),(5149,238,13,33,43,11),(5150,231,2,28,5,11),(5151,236,6,31,3,11),(5152,248,11,31,41,11),(5153,239,9,34,40,11),(5154,237,7,32,38,11),(5155,253,5,35,1,12),(5156,254,10,35,2,12),(5157,231,2,28,7,12),(5158,238,8,33,45,12),(5159,260,12,38,4,12),(5160,261,19,38,42,12),(5161,234,14,28,43,12),(5162,265,13,33,5,12),(5163,232,3,29,3,12),(5164,233,4,29,41,12),(5165,239,9,34,38,12),(5166,253,5,35,1,13),(5167,254,10,35,2,13),(5168,231,2,28,7,13),(5169,238,8,33,45,13),(5170,260,12,38,4,13),(5171,261,19,38,42,13),(5172,234,14,28,43,13),(5173,265,13,33,5,13),(5174,232,3,29,3,13),(5175,233,4,29,41,13),(5176,239,9,34,38,13),(5177,258,6,37,1,14),(5178,259,17,37,2,14),(5179,235,1,30,7,14),(5180,249,5,30,45,14),(5181,250,12,30,4,14),(5182,253,10,35,42,14),(5183,237,7,32,43,14),(5184,251,11,32,5,14),(5185,231,2,28,3,14),(5186,258,6,37,1,15),(5187,259,17,37,2,15),(5188,235,1,30,7,15),(5189,249,5,30,45,15),(5190,253,10,35,4,15),(5191,250,12,30,42,15),(5192,237,7,32,43,15),(5193,251,11,32,5,15),(5194,231,2,28,3,15),(5195,260,8,38,1,8),(5196,261,12,38,2,8),(5197,238,13,33,7,8),(5198,231,2,28,45,8),(5199,258,6,37,4,8),(5200,259,17,37,42,8),(5201,239,9,34,43,8),(5202,262,11,34,5,8),(5203,234,14,28,41,8),(5204,256,1,36,3,8),(5205,237,7,32,40,8),(5206,257,3,36,38,8),(5207,260,8,38,1,9),(5208,261,12,38,2,9),(5209,238,13,33,7,9),(5210,231,2,28,45,9),(5211,258,6,37,4,9),(5212,259,17,37,42,9),(5213,239,9,34,43,9),(5214,262,11,34,5,9),(5215,234,14,28,41,9),(5216,256,1,36,3,9),(5217,237,7,32,40,9),(5218,257,3,36,38,9),(5219,232,3,29,1,10),(5220,233,4,29,2,10),(5221,260,8,38,7,10),(5222,261,12,38,45,10),(5223,238,13,33,43,10),(5224,231,2,28,5,10),(5225,236,6,31,41,10),(5226,248,11,31,3,10),(5227,239,9,34,40,10),(5228,237,7,32,38,10),(5229,232,3,29,1,11),(5230,233,4,29,2,11),(5231,260,8,38,7,11),(5232,261,12,38,45,11),(5233,238,13,33,43,11),(5234,231,2,28,5,11),(5235,236,6,31,41,11),(5236,248,11,31,3,11),(5237,239,9,34,40,11),(5238,237,7,32,38,11),(5239,256,1,36,1,12),(5240,257,3,36,2,12),(5241,231,2,28,7,12),(5242,238,8,33,45,12),(5243,260,12,38,4,12),(5244,261,19,38,42,12),(5245,234,14,28,43,12),(5246,265,13,33,5,12),(5247,232,4,29,41,12),(5248,233,15,29,3,12),(5249,239,9,34,38,12),(5250,256,1,36,1,13),(5251,257,3,36,2,13),(5252,231,2,28,7,13),(5253,238,8,33,45,13),(5254,260,12,38,4,13),(5255,261,19,38,42,13),(5256,234,14,28,43,13),(5257,265,13,33,5,13),(5258,232,4,29,41,13),(5259,233,15,29,3,13),(5260,239,9,34,38,13),(5261,258,6,37,1,14),(5262,259,17,37,2,14),(5263,237,7,32,43,14),(5264,251,11,32,5,14),(5265,256,1,36,41,14),(5266,231,2,28,3,14),(5267,257,3,36,40,14),(5268,258,6,37,1,15),(5269,259,17,37,2,15),(5270,237,7,32,43,15),(5271,251,11,32,5,15),(5272,256,1,36,41,15),(5273,231,2,28,3,15),(5274,257,3,36,40,15),(5275,235,1,30,6,8),(5276,249,5,30,44,8),(5277,260,8,38,1,8),(5278,261,12,38,2,8),(5279,238,13,33,7,8),(5280,231,2,28,45,8),(5281,258,6,37,4,8),(5282,259,17,37,42,8),(5283,239,9,34,43,8),(5284,262,11,34,5,8),(5285,253,10,35,41,8),(5286,234,14,28,3,8),(5287,237,7,32,40,8),(5288,256,3,36,38,8),(5289,235,1,30,6,9),(5290,249,5,30,44,9),(5291,260,8,38,1,9),(5292,261,12,38,2,9),(5293,238,13,33,7,9),(5294,231,2,28,45,9),(5295,258,6,37,4,9),(5296,259,17,37,42,9),(5297,239,9,34,43,9),(5298,262,11,34,5,9),(5299,253,10,35,41,9),(5300,234,14,28,3,9),(5301,237,7,32,40,9),(5302,256,3,36,38,9),(5303,253,5,35,6,10),(5304,254,10,35,44,10),(5305,232,3,29,1,10),(5306,233,4,29,2,10),(5307,260,8,38,7,10),(5308,261,12,38,45,10),(5309,235,1,30,4,10),(5310,238,13,33,43,10),(5311,231,2,28,5,10),(5312,236,6,31,41,10),(5313,248,11,31,3,10),(5314,239,9,34,40,10),(5315,237,7,32,38,10),(5316,253,5,35,6,11),(5317,254,10,35,44,11),(5318,232,3,29,1,11),(5319,233,4,29,2,11),(5320,260,8,38,7,11),(5321,261,12,38,45,11),(5322,235,1,30,42,11),(5323,238,13,33,43,11),(5324,231,2,28,5,11),(5325,236,6,31,41,11),(5326,248,11,31,3,11),(5327,239,9,34,40,11),(5328,237,7,32,38,11),(5329,256,1,36,1,12),(5330,257,3,36,2,12),(5331,231,2,28,7,12),(5332,238,8,33,45,12),(5333,260,12,38,4,12),(5334,261,19,38,42,12),(5335,234,14,28,43,12),(5336,265,13,33,5,12),(5337,232,4,29,41,12),(5338,233,15,29,3,12),(5339,253,5,35,40,12),(5340,239,9,34,38,12),(5341,256,1,36,1,13),(5342,257,3,36,2,13),(5343,231,2,28,7,13),(5344,238,8,33,45,13),(5345,260,12,38,4,13),(5346,261,19,38,42,13),(5347,234,14,28,43,13),(5348,265,13,33,5,13),(5349,232,4,29,41,13),(5350,233,15,29,3,13),(5351,253,5,35,40,13),(5352,239,9,34,38,13),(5353,253,5,35,1,14),(5354,254,10,35,2,14),(5355,235,1,30,7,14),(5356,249,12,30,45,14),(5357,237,7,32,43,14),(5358,251,11,32,5,14),(5359,231,2,28,41,14),(5360,256,3,36,3,14),(5361,257,16,36,40,14),(5362,253,5,35,1,15),(5363,254,10,35,2,15),(5364,235,1,30,7,15),(5365,249,12,30,45,15),(5366,237,7,32,43,15),(5367,251,11,32,5,15),(5368,231,2,28,41,15),(5369,256,3,36,3,15),(5370,257,16,36,40,15),(5371,235,1,30,6,8),(5372,249,5,30,44,8),(5373,260,8,38,1,8),(5374,261,12,38,2,8),(5375,238,13,33,7,8),(5376,231,2,28,45,8),(5377,258,6,37,4,8),(5378,259,17,37,42,8),(5379,239,9,34,43,8),(5380,262,11,34,5,8),(5381,234,14,28,41,8),(5382,256,3,36,3,8),(5383,237,7,32,40,8),(5384,257,16,36,38,8),(5385,235,1,30,6,9),(5386,249,5,30,44,9),(5387,260,8,38,1,9),(5388,261,12,38,2,9),(5389,238,13,33,7,9),(5390,231,2,28,45,9),(5391,258,6,37,4,9),(5392,259,17,37,42,9),(5393,239,9,34,43,9),(5394,262,11,34,5,9),(5395,234,14,28,41,9),(5396,256,3,36,3,9),(5397,237,7,32,40,9),(5398,257,16,36,38,9),(5399,253,5,35,6,10),(5400,254,10,35,44,10),(5401,232,3,29,1,10),(5402,233,4,29,2,10),(5403,260,8,38,7,10),(5404,261,12,38,45,10),(5405,235,1,30,4,10),(5406,238,13,33,43,10),(5407,231,2,28,5,10),(5408,236,6,31,41,10),(5409,248,11,31,3,10),(5410,239,9,34,40,10),(5411,237,7,32,38,10),(5412,253,5,35,6,11),(5413,254,10,35,44,11),(5414,232,3,29,1,11),(5415,233,4,29,2,11),(5416,260,8,38,7,11),(5417,261,12,38,45,11),(5418,235,1,30,42,11),(5419,238,13,33,43,11),(5420,231,2,28,5,11),(5421,236,6,31,41,11),(5422,248,11,31,3,11),(5423,239,9,34,40,11),(5424,237,7,32,38,11),(5425,256,1,36,1,12),(5426,257,3,36,2,12),(5427,231,2,28,7,12),(5428,238,8,33,45,12),(5429,260,12,38,4,12),(5430,261,19,38,42,12),(5431,234,14,28,43,12),(5432,265,13,33,5,12),(5433,232,4,29,41,12),(5434,233,15,29,3,12),(5435,253,5,35,40,12),(5436,239,9,34,38,12),(5437,256,1,36,1,13),(5438,257,3,36,2,13),(5439,231,2,28,7,13),(5440,238,8,33,45,13),(5441,260,12,38,4,13),(5442,261,19,38,42,13),(5443,234,14,28,43,13),(5444,265,13,33,5,13),(5445,232,4,29,41,13),(5446,233,15,29,3,13),(5447,253,5,35,40,13),(5448,239,9,34,38,13),(5449,253,5,35,1,14),(5450,254,10,35,2,14),(5451,235,1,30,7,14),(5452,249,12,30,45,14),(5453,237,7,32,43,14),(5454,251,11,32,5,14),(5455,256,3,36,41,14),(5456,231,2,28,3,14),(5457,257,16,36,40,14),(5458,253,5,35,1,15),(5459,254,10,35,2,15),(5460,235,1,30,7,15),(5461,249,12,30,45,15),(5462,237,7,32,43,15),(5463,251,11,32,5,15),(5464,256,3,36,41,15),(5465,231,2,28,3,15),(5466,257,16,36,40,15),(5467,235,1,30,6,8),(5468,249,5,30,44,8),(5469,260,8,38,1,8),(5470,261,12,38,2,8),(5471,238,13,33,7,8),(5472,253,10,35,45,8),(5473,258,6,37,4,8),(5474,259,17,37,42,8),(5475,239,9,34,43,8),(5476,262,11,34,5,8),(5477,256,3,36,41,8),(5478,257,16,36,3,8),(5479,235,1,30,6,9),(5480,249,5,30,44,9),(5481,260,8,38,1,9),(5482,261,12,38,2,9),(5483,238,13,33,7,9),(5484,253,10,35,45,9),(5485,258,6,37,4,9),(5486,259,17,37,42,9),(5487,239,9,34,43,9),(5488,262,11,34,5,9),(5489,256,3,36,41,9),(5490,257,16,36,3,9),(5491,253,5,35,6,10),(5492,254,10,35,44,10),(5493,232,3,29,1,10),(5494,233,4,29,2,10),(5495,260,8,38,7,10),(5496,261,12,38,45,10),(5497,235,1,30,4,10),(5498,238,13,33,43,10),(5499,237,7,32,5,10),(5500,236,6,31,41,10),(5501,248,11,31,3,10),(5502,256,16,36,40,10),(5503,239,9,34,38,10),(5504,253,5,35,6,11),(5505,254,10,35,44,11),(5506,232,3,29,1,11),(5507,233,4,29,2,11),(5508,260,8,38,7,11),(5509,261,12,38,45,11),(5510,235,1,30,42,11),(5511,238,13,33,43,11),(5512,237,7,32,5,11),(5513,236,6,31,41,11),(5514,248,11,31,3,11),(5515,256,16,36,40,11),(5516,256,1,36,1,12),(5517,257,3,36,2,12),(5518,235,5,30,7,12),(5519,238,8,33,45,12),(5520,260,12,38,4,12),(5521,261,19,38,42,12),(5522,237,7,32,43,12),(5523,265,13,33,5,12),(5524,232,4,29,41,12),(5525,251,11,32,3,12),(5526,253,10,35,38,12),(5527,256,1,36,1,13),(5528,257,3,36,2,13),(5529,235,5,30,7,13),(5530,238,8,33,45,13),(5531,260,12,38,4,13),(5532,261,19,38,42,13),(5533,237,7,32,43,13),(5534,265,13,33,5,13),(5535,232,4,29,41,13),(5536,251,11,32,3,13),(5537,253,10,35,40,13),(5538,253,5,35,1,14),(5539,254,10,35,2,14),(5540,255,12,35,7,14),(5541,235,1,30,45,14),(5542,232,3,29,3,14),(5543,256,16,36,38,14),(5544,253,5,35,1,15),(5545,254,10,35,2,15),(5546,255,12,35,7,15),(5547,235,1,30,45,15),(5548,232,3,29,3,15),(5549,256,16,36,38,15),(5550,235,1,30,6,8),(5551,249,5,30,44,8),(5552,260,8,38,1,8),(5553,261,12,38,2,8),(5554,238,13,33,7,8),(5555,231,2,28,45,8),(5556,258,6,37,4,8),(5557,259,17,37,42,8),(5558,239,9,34,43,8),(5559,262,11,34,5,8),(5560,234,14,28,41,8),(5561,256,3,36,3,8),(5562,257,16,36,40,8),(5563,253,10,35,38,8),(5564,235,1,30,6,9),(5565,249,5,30,44,9),(5566,260,8,38,1,9),(5567,261,12,38,2,9),(5568,238,13,33,7,9),(5569,231,2,28,45,9),(5570,258,6,37,4,9),(5571,259,17,37,42,9),(5572,239,9,34,43,9),(5573,262,11,34,5,9),(5574,234,14,28,41,9),(5575,256,3,36,3,9),(5576,257,16,36,40,9),(5577,253,10,35,38,9),(5578,253,5,35,6,10),(5579,254,10,35,44,10),(5580,232,3,29,1,10),(5581,233,4,29,2,10),(5582,260,8,38,7,10),(5583,261,12,38,45,10),(5584,235,1,30,4,10),(5585,238,13,33,43,10),(5586,237,7,32,5,10),(5587,236,6,31,41,10),(5588,231,2,28,3,10),(5589,256,16,36,38,10),(5590,253,5,35,6,11),(5591,254,10,35,44,11),(5592,232,3,29,1,11),(5593,233,4,29,2,11),(5594,260,8,38,7,11),(5595,261,12,38,45,11),(5596,235,1,30,42,11),(5597,238,13,33,43,11),(5598,237,7,32,5,11),(5599,256,16,36,41,11),(5600,231,2,28,3,11),(5601,256,1,36,1,12),(5602,257,3,36,2,12),(5603,231,2,28,7,12),(5604,238,8,33,45,12),(5605,260,12,38,4,12),(5606,261,19,38,42,12),(5607,234,14,28,43,12),(5608,265,13,33,5,12),(5609,237,7,32,41,12),(5610,251,11,32,3,12),(5611,253,5,35,40,12),(5612,256,1,36,1,13),(5613,257,3,36,2,13),(5614,231,2,28,7,13),(5615,238,8,33,45,13),(5616,260,12,38,4,13),(5617,261,19,38,42,13),(5618,234,14,28,43,13),(5619,265,13,33,5,13),(5620,237,7,32,41,13),(5621,251,11,32,3,13),(5622,253,5,35,40,13),(5623,253,5,35,1,14),(5624,254,10,35,2,14),(5625,235,1,30,7,14),(5626,249,12,30,45,14),(5627,237,7,32,43,14),(5628,231,2,28,5,14),(5629,256,3,36,41,14),(5630,232,4,29,3,14),(5631,257,16,36,38,14),(5632,253,5,35,1,15),(5633,254,10,35,2,15),(5634,235,1,30,7,15),(5635,249,12,30,45,15),(5636,237,7,32,43,15),(5637,231,2,28,5,15),(5638,232,3,29,41,15),(5639,233,4,29,3,15),(5640,235,1,30,6,8),(5641,249,5,30,44,8),(5642,260,8,38,1,8),(5643,261,12,38,2,8),(5644,238,13,33,7,8),(5645,231,2,28,45,8),(5646,258,6,37,4,8),(5647,259,17,37,42,8),(5648,239,9,34,43,8),(5649,262,11,34,5,8),(5650,234,14,28,41,8),(5651,253,10,35,40,8),(5652,237,7,32,3,8),(5653,235,1,30,6,9),(5654,249,5,30,44,9),(5655,260,8,38,1,9),(5656,261,12,38,2,9),(5657,238,13,33,7,9),(5658,231,2,28,45,9),(5659,258,6,37,4,9),(5660,259,17,37,42,9),(5661,239,9,34,43,9),(5662,262,11,34,5,9),(5663,234,14,28,41,9),(5664,253,10,35,40,9),(5665,237,7,32,3,9),(5666,253,5,35,6,10),(5667,254,10,35,44,10),(5668,232,3,29,1,10),(5669,233,4,29,2,10),(5670,231,2,28,7,10),(5671,238,8,33,45,10),(5672,260,12,38,4,10),(5673,261,19,38,42,10),(5674,265,13,33,43,10),(5675,237,7,32,5,10),(5676,251,11,32,41,10),(5677,234,14,28,3,10),(5678,253,5,35,6,11),(5679,254,10,35,44,11),(5680,232,3,29,1,11),(5681,233,4,29,2,11),(5682,231,2,28,7,11),(5683,238,8,33,45,11),(5684,260,12,38,4,11),(5685,261,19,38,42,11),(5686,265,13,33,43,11),(5687,237,7,32,5,11),(5688,251,11,32,41,11),(5689,234,14,28,3,11),(5690,253,5,35,1,12),(5691,254,10,35,2,12),(5692,235,1,30,7,12),(5693,249,12,30,45,12),(5694,231,2,28,43,12),(5695,238,8,33,5,12),(5696,232,3,29,41,12),(5697,233,4,29,3,12),(5698,253,5,35,1,13),(5699,254,10,35,2,13),(5700,235,1,30,7,13),(5701,249,12,30,45,13),(5702,231,2,28,43,13),(5703,238,8,33,5,13),(5704,232,3,29,41,13),(5705,233,4,29,3,13),(5706,258,6,37,1,14),(5707,259,17,37,2,14),(5708,253,5,35,7,14),(5709,254,10,35,45,14),(5710,235,1,30,4,14),(5711,249,12,30,42,14),(5712,237,7,32,43,14),(5713,231,2,28,5,14),(5714,258,6,37,1,15),(5715,259,17,37,2,15),(5716,253,5,35,7,15),(5717,254,10,35,45,15),(5718,235,1,30,4,15),(5719,249,12,30,42,15),(5720,237,7,32,43,15),(5721,231,2,28,5,15),(5722,260,8,38,1,8),(5723,261,12,38,2,8),(5724,238,13,33,7,8),(5725,231,2,28,45,8),(5726,258,6,37,4,8),(5727,259,17,37,42,8),(5728,239,9,34,43,8),(5729,262,11,34,5,8),(5730,256,1,36,38,8),(5731,257,3,36,40,8),(5732,234,14,28,41,8),(5733,237,7,32,3,8),(5734,260,8,38,1,9),(5735,261,12,38,2,9),(5736,238,13,33,7,9),(5737,231,2,28,45,9),(5738,258,6,37,4,9),(5739,259,17,37,42,9),(5740,239,9,34,43,9),(5741,262,11,34,5,9),(5742,256,1,36,38,9),(5743,257,3,36,40,9),(5744,234,14,28,41,9),(5745,237,7,32,3,9),(5746,232,3,29,1,10),(5747,233,4,29,2,10),(5748,231,2,28,7,10),(5749,238,8,33,45,10),(5750,260,12,38,4,10),(5751,261,19,38,42,10),(5752,265,13,33,43,10),(5753,237,7,32,5,10),(5754,256,1,36,41,10),(5755,257,16,36,3,10),(5756,232,3,29,1,11),(5757,233,4,29,2,11),(5758,231,2,28,7,11),(5759,238,8,33,45,11),(5760,260,12,38,4,11),(5761,261,19,38,42,11),(5762,265,13,33,43,11),(5763,237,7,32,5,11),(5764,256,1,36,41,11),(5765,257,16,36,3,11),(5766,256,1,36,1,12),(5767,257,3,36,2,12),(5768,231,2,28,43,12),(5769,238,8,33,5,12),(5770,237,7,32,41,12),(5771,232,4,29,3,12),(5772,256,1,36,1,13),(5773,257,3,36,2,13),(5774,231,2,28,43,13),(5775,238,8,33,5,13),(5776,237,7,32,41,13),(5777,232,4,29,3,13),(5778,258,6,37,1,14),(5779,259,17,37,2,14),(5780,237,7,32,43,14),(5781,231,2,28,5,14),(5782,232,3,29,41,14),(5783,258,6,37,1,15),(5784,259,17,37,2,15),(5785,237,7,32,43,15),(5786,231,2,28,5,15),(5787,232,3,29,41,15),(5788,235,1,30,6,8),(5789,249,5,30,44,8),(5790,260,8,38,1,8),(5791,261,12,38,2,8),(5792,238,13,33,7,8),(5793,231,2,28,45,8),(5794,258,6,37,4,8),(5795,259,17,37,42,8),(5796,239,9,34,43,8),(5797,262,11,34,5,8),(5798,256,3,36,38,8),(5799,257,16,36,40,8),(5800,237,7,32,41,8),(5801,232,4,29,3,8),(5802,235,1,30,6,9),(5803,249,5,30,44,9),(5804,260,8,38,1,9),(5805,261,12,38,2,9),(5806,238,13,33,7,9),(5807,231,2,28,45,9),(5808,258,6,37,4,9),(5809,259,17,37,42,9),(5810,239,9,34,43,9),(5811,262,11,34,5,9),(5812,256,3,36,38,9),(5813,257,16,36,40,9),(5814,237,7,32,41,9),(5815,232,4,29,3,9),(5816,253,5,35,6,10),(5817,254,10,35,44,10),(5818,232,3,29,1,10),(5819,233,4,29,2,10),(5820,231,2,28,7,10),(5821,238,8,33,45,10),(5822,260,12,38,4,10),(5823,261,19,38,42,10),(5824,265,13,33,43,10),(5825,237,7,32,5,10),(5826,256,1,36,41,10),(5827,257,16,36,3,10),(5828,253,5,35,6,11),(5829,254,10,35,44,11),(5830,232,3,29,1,11),(5831,233,4,29,2,11),(5832,231,2,28,7,11),(5833,238,8,33,45,11),(5834,260,12,38,4,11),(5835,261,19,38,42,11),(5836,265,13,33,43,11),(5837,237,7,32,5,11),(5838,256,1,36,41,11),(5839,257,16,36,3,11),(5840,256,1,36,1,12),(5841,257,3,36,2,12),(5842,235,5,30,7,12),(5843,249,12,30,45,12),(5844,253,10,35,4,12),(5845,231,2,28,43,12),(5846,238,8,33,5,12),(5847,232,4,29,41,12),(5848,237,7,32,3,12),(5849,256,1,36,1,13),(5850,257,3,36,2,13),(5851,235,5,30,7,13),(5852,249,12,30,45,13),(5853,253,10,35,42,13),(5854,231,2,28,43,13),(5855,234,8,28,5,13),(5856,232,4,29,41,13),(5857,237,7,32,3,13),(5858,253,5,35,1,14),(5859,254,10,35,2,14),(5860,255,12,35,7,14),(5861,235,1,30,4,14),(5862,237,7,32,43,14),(5863,231,2,28,5,14),(5864,253,5,35,1,15),(5865,254,10,35,2,15),(5866,255,12,35,45,15),(5867,235,1,30,42,15),(5868,237,7,32,43,15),(5869,235,1,30,6,8),(5870,249,5,30,44,8),(5871,256,3,36,1,8),(5872,257,16,36,2,8),(5873,231,2,28,7,8),(5874,234,8,28,45,8),(5875,258,6,37,4,8),(5876,259,17,37,42,8),(5877,239,9,34,5,8),(5878,238,13,33,43,8),(5879,253,10,35,38,8),(5880,254,12,35,40,8),(5881,237,7,32,41,8),(5882,251,11,32,3,8),(5883,235,1,30,6,9),(5884,249,5,30,44,9),(5885,256,3,36,1,9),(5886,257,16,36,2,9),(5887,231,2,28,7,9),(5888,234,8,28,45,9),(5889,258,6,37,4,9),(5890,259,17,37,42,9),(5891,237,7,32,5,9),(5892,238,13,33,43,9),(5893,253,10,35,38,9),(5894,254,12,35,40,9),(5895,251,11,32,41,9),(5896,232,4,29,3,9),(5897,253,5,35,6,10),(5898,254,10,35,44,10),(5899,255,12,35,1,10),(5900,235,1,30,2,10),(5901,237,7,32,5,10),(5902,231,2,28,43,10),(5903,256,3,36,38,10),(5904,257,16,36,40,10),(5905,232,4,29,41,10),(5906,251,11,32,3,10),(5907,253,5,35,6,11),(5908,254,10,35,44,11),(5909,255,12,35,1,11),(5910,235,1,30,2,11),(5911,231,2,28,5,11),(5912,234,8,28,43,11),(5913,256,3,36,38,11),(5914,257,16,36,40,11),(5915,232,4,29,41,11),(5916,233,15,29,3,11),(5917,235,1,30,1,12),(5918,253,5,35,2,12),(5919,249,12,30,7,12),(5920,254,10,35,45,12),(5921,231,2,28,5,12),(5922,237,7,32,43,12),(5923,256,3,36,41,12),(5924,257,16,36,3,12),(5925,235,1,30,1,13),(5926,253,5,35,2,13),(5927,249,12,30,7,13),(5928,254,10,35,45,13),(5929,237,7,32,43,13),(5930,256,3,36,3,13),(5931,258,6,37,1,14),(5932,259,17,37,2,14),(5933,253,5,35,7,14),(5934,235,1,30,45,14),(5935,249,12,30,4,14),(5936,254,10,35,42,14),(5937,258,6,37,1,15),(5938,259,17,37,2,15),(5939,253,5,35,7,15),(5940,235,1,30,45,15),(5941,249,12,30,4,15),(5942,254,10,35,42,15),(5943,235,1,30,6,8),(5944,249,5,30,44,8),(5945,256,3,36,1,8),(5946,257,16,36,2,8),(5947,250,12,30,7,8),(5948,253,10,35,45,8),(5949,258,6,37,4,8),(5950,259,17,37,42,8),(5951,237,7,32,5,8),(5952,238,8,33,43,8),(5953,251,11,32,41,8),(5954,232,4,29,3,8),(5955,235,1,30,6,9),(5956,249,5,30,44,9),(5957,256,3,36,1,9),(5958,257,16,36,2,9),(5959,250,12,30,7,9),(5960,253,10,35,45,9),(5961,258,6,37,4,9),(5962,259,17,37,42,9),(5963,237,7,32,5,9),(5964,238,8,33,43,9),(5965,251,11,32,41,9),(5966,232,4,29,3,9),(5967,253,5,35,6,10),(5968,254,10,35,44,10),(5969,255,12,35,1,10),(5970,235,1,30,2,10),(5971,237,7,32,43,10),(5972,256,3,36,38,10),(5973,257,16,36,40,10),(5974,232,4,29,41,10),(5975,251,11,32,3,10),(5976,253,5,35,6,11),(5977,254,10,35,44,11),(5978,255,12,35,1,11),(5979,235,1,30,2,11),(5980,237,7,32,43,11),(5981,256,3,36,38,11),(5982,257,16,36,40,11),(5983,232,4,29,41,11),(5984,251,11,32,3,11),(5985,235,1,30,1,12),(5986,253,5,35,2,12),(5987,254,10,35,7,12),(5988,249,12,30,45,12),(5989,235,1,30,1,13),(5990,253,5,35,2,13),(5991,254,10,35,7,13),(5992,249,12,30,45,13),(5993,258,6,37,1,14),(5994,259,17,37,2,14),(5995,235,1,30,4,14),(5996,249,5,30,42,14),(5997,253,10,35,5,14),(5998,254,12,35,43,14),(5999,258,6,37,1,15),(6000,259,17,37,2,15),(6001,235,1,30,4,15),(6002,249,5,30,42,15),(6003,253,10,35,5,15),(6004,254,12,35,43,15),(6005,235,1,30,6,8),(6006,249,5,30,44,8),(6007,256,3,36,1,8),(6008,257,16,36,2,8),(6009,231,2,28,7,8),(6010,234,8,28,45,8),(6011,258,6,37,4,8),(6012,259,17,37,42,8),(6013,237,7,32,5,8),(6014,251,11,32,43,8),(6015,253,10,35,38,8),(6016,254,12,35,40,8),(6017,232,4,29,41,8),(6018,233,15,29,3,8),(6019,235,1,30,6,9),(6020,249,5,30,44,9),(6021,256,3,36,1,9),(6022,257,16,36,2,9),(6023,231,2,28,7,9),(6024,234,8,28,45,9),(6025,258,6,37,4,9),(6026,259,17,37,42,9),(6027,237,7,32,5,9),(6028,251,11,32,43,9),(6029,253,10,35,38,9),(6030,254,12,35,40,9),(6031,232,4,29,41,9),(6032,233,15,29,3,9),(6033,253,5,35,6,10),(6034,254,10,35,44,10),(6035,255,12,35,1,10),(6036,235,1,30,2,10),(6037,231,2,28,5,10),(6038,234,8,28,43,10),(6039,256,3,36,38,10),(6040,257,16,36,40,10),(6041,237,7,32,41,10),(6042,251,11,32,3,10),(6043,253,5,35,6,11),(6044,254,10,35,44,11),(6045,255,12,35,1,11),(6046,235,1,30,2,11),(6047,231,2,28,5,11),(6048,234,8,28,43,11),(6049,256,3,36,38,11),(6050,257,16,36,40,11),(6051,237,7,32,41,11),(6052,251,11,32,3,11),(6053,235,1,30,1,12),(6054,253,5,35,2,12),(6055,249,12,30,7,12),(6056,254,10,35,45,12),(6057,235,1,30,1,13),(6058,253,5,35,2,13),(6059,249,12,30,7,13),(6060,254,10,35,45,13),(6061,258,6,37,1,14),(6062,259,17,37,2,14),(6063,253,5,35,7,14),(6064,235,1,30,45,14),(6065,249,12,30,4,14),(6066,254,10,35,42,14),(6067,258,6,37,1,15),(6068,259,17,37,2,15),(6069,253,5,35,7,15),(6070,235,1,30,45,15),(6071,249,12,30,4,15),(6072,254,10,35,42,15),(6073,235,1,30,6,8),(6074,249,5,30,44,8),(6075,253,10,35,1,8),(6076,254,12,35,2,8),(6077,231,2,28,7,8),(6078,234,8,28,45,8),(6079,258,6,37,4,8),(6080,259,17,37,42,8),(6081,237,7,32,5,8),(6082,251,11,32,43,8),(6083,232,3,29,41,8),(6084,233,4,29,3,8),(6085,235,1,30,6,9),(6086,249,5,30,44,9),(6087,253,10,35,1,9),(6088,254,12,35,2,9),(6089,231,2,28,7,9),(6090,234,8,28,45,9),(6091,258,6,37,4,9),(6092,259,17,37,42,9),(6093,237,7,32,5,9),(6094,251,11,32,43,9),(6095,232,3,29,41,9),(6096,233,4,29,3,9),(6097,253,5,35,6,10),(6098,254,10,35,44,10),(6099,235,1,30,1,10),(6100,249,12,30,2,10),(6101,231,2,28,5,10),(6102,234,8,28,43,10),(6103,237,7,32,41,10),(6104,251,11,32,3,10),(6105,253,5,35,6,11),(6106,254,10,35,44,11),(6107,235,1,30,1,11),(6108,249,12,30,2,11),(6109,231,2,28,5,11),(6110,234,8,28,43,11),(6111,237,7,32,41,11),(6112,251,11,32,3,11),(6113,258,6,37,1,12),(6114,259,17,37,2,12),(6115,235,1,30,7,12),(6116,249,5,30,45,12),(6117,250,12,30,4,12),(6118,253,10,35,42,12),(6119,258,6,37,1,13),(6120,259,17,37,2,13),(6121,235,1,30,7,13),(6122,249,5,30,45,13),(6123,250,12,30,4,13),(6124,253,10,35,42,13),(6125,253,5,35,7,14),(6126,254,10,35,45,14),(6127,255,12,35,4,14),(6128,235,1,30,42,14),(6129,253,5,35,7,15),(6130,254,10,35,45,15),(6131,255,12,35,4,15),(6132,235,1,30,42,15),(6133,258,6,37,1,8),(6134,259,17,37,2,8),(6135,237,7,32,5,8),(6136,251,11,32,43,8),(6137,256,1,36,38,8),(6138,257,3,36,40,8),(6139,252,12,32,41,8),(6140,232,4,29,3,8),(6141,258,6,37,1,9),(6142,259,17,37,2,9),(6143,237,7,32,5,9),(6144,251,11,32,43,9),(6145,256,1,36,38,9),(6146,257,3,36,40,9),(6147,252,12,32,41,9),(6148,232,4,29,3,9),(6149,258,6,37,4,10),(6150,231,2,28,5,10),(6151,234,8,28,43,10),(6152,232,3,29,41,10),(6153,237,7,32,3,10),(6154,258,6,37,4,11),(6155,231,2,28,5,11),(6156,234,8,28,43,11),(6157,232,3,29,41,11),(6158,237,7,32,3,11),(6159,235,1,30,6,8),(6160,249,5,30,44,8),(6161,253,10,35,1,8),(6162,254,12,35,2,8),(6163,231,2,28,5,8),(6164,256,3,36,38,8),(6165,257,16,36,40,8),(6166,237,7,32,41,8),(6167,232,4,29,3,8),(6168,235,1,30,6,9),(6169,249,5,30,44,9),(6170,253,10,35,1,9),(6171,254,12,35,2,9),(6172,231,2,28,5,9),(6173,256,3,36,38,9),(6174,257,16,36,40,9),(6175,237,7,32,41,9),(6176,232,4,29,3,9),(6177,253,5,35,6,10),(6178,254,10,35,44,10),(6179,235,1,30,1,10),(6180,249,12,30,2,10),(6181,232,3,29,41,10),(6182,253,5,35,6,11),(6183,254,10,35,44,11),(6184,235,1,30,1,11),(6185,249,12,30,2,11),(6186,232,3,29,41,11),(6187,258,6,37,1,12),(6188,259,17,37,2,12),(6189,253,5,35,7,12),(6190,254,10,35,45,12),(6191,235,1,30,42,12),(6192,249,12,30,4,12),(6193,258,6,37,1,13),(6194,259,17,37,2,13),(6195,253,5,35,7,13),(6196,254,10,35,45,13),(6197,235,1,30,42,13),(6198,249,12,30,4,13),(6199,253,5,35,42,14),(6200,254,10,35,4,14),(6201,255,12,35,5,14),(6202,253,5,35,42,15),(6203,254,10,35,4,15),(6204,255,12,35,5,15),(6205,235,1,30,6,8),(6206,249,5,30,44,8),(6207,253,10,35,1,8),(6208,254,12,35,2,8),(6209,231,2,28,5,8),(6210,256,3,36,38,8),(6211,257,16,36,40,8),(6212,232,4,29,41,8),(6213,233,15,29,3,8),(6214,235,1,30,6,9),(6215,249,5,30,44,9),(6216,253,10,35,1,9),(6217,254,12,35,2,9),(6218,256,3,36,38,9),(6219,257,16,36,40,9),(6220,232,4,29,41,9),(6221,233,15,29,3,9),(6222,231,2,28,6,10),(6223,234,8,28,44,10),(6224,235,1,30,1,10),(6225,249,5,30,2,10),(6226,253,10,35,7,10),(6227,254,12,35,45,10),(6228,231,2,28,6,11),(6229,234,8,28,44,11),(6230,235,1,30,1,11),(6231,249,5,30,2,11),(6232,253,10,35,7,11),(6233,254,12,35,45,11),(6234,253,5,35,6,12),(6235,254,10,35,44,12),(6236,258,6,37,1,12),(6237,259,17,37,2,12),(6238,235,1,30,42,12),(6239,249,12,30,4,12),(6240,253,5,35,6,13),(6241,254,10,35,44,13),(6242,258,6,37,1,13),(6243,259,17,37,2,13),(6244,235,1,30,42,13),(6245,249,12,30,4,13),(6246,253,5,35,42,14),(6247,254,10,35,4,14),(6248,255,12,35,43,14),(6249,253,5,35,42,15),(6250,254,10,35,4,15),(6251,255,12,35,43,15),(6252,253,5,35,6,8),(6253,254,10,35,44,8),(6254,255,12,35,1,8),(6255,235,1,30,2,8),(6256,256,3,36,38,8),(6257,257,16,36,40,8),(6258,232,4,29,41,8),(6259,233,15,29,3,8),(6260,253,5,35,6,9),(6261,254,10,35,44,9),(6262,255,12,35,1,9),(6263,235,1,30,2,9),(6264,232,3,29,41,9),(6265,233,4,29,3,9),(6266,235,1,30,1,10),(6267,253,5,35,2,10),(6268,254,10,35,7,10),(6269,255,12,35,45,10),(6270,235,1,30,1,11),(6271,253,5,35,2,11),(6272,254,10,35,7,11),(6273,255,12,35,45,11),(6274,258,6,37,1,12),(6275,259,17,37,2,12),(6276,235,1,30,42,12),(6277,249,5,30,4,12),(6278,253,10,35,5,12),(6279,254,12,35,43,12),(6280,258,6,37,1,13),(6281,259,17,37,2,13),(6282,235,1,30,42,13),(6283,249,5,30,4,13),(6284,253,10,35,5,13),(6285,254,12,35,43,13),(6286,253,5,35,42,14),(6287,254,10,35,4,14),(6288,255,12,35,38,14),(6289,253,5,35,42,15),(6290,254,10,35,4,15),(6291,255,12,35,40,15),(6292,231,2,28,6,8),(6293,234,8,28,44,8),(6294,253,5,35,1,8),(6295,254,10,35,2,8),(6296,255,12,35,7,8),(6297,235,1,30,42,8),(6298,232,3,29,41,8),(6299,231,2,28,6,9),(6300,234,8,28,44,9),(6301,253,5,35,1,9),(6302,254,10,35,2,9),(6303,255,12,35,45,9),(6304,235,1,30,42,9),(6305,253,5,35,6,10),(6306,254,10,35,44,10),(6307,235,1,30,1,10),(6308,249,12,30,2,10),(6309,253,5,35,6,11),(6310,254,10,35,44,11),(6311,235,1,30,1,11),(6312,249,12,30,2,11),(6313,258,6,37,1,12),(6314,259,17,37,2,12),(6315,253,5,35,7,12),(6316,254,10,35,45,12),(6317,235,1,30,4,12),(6318,255,12,35,42,12),(6319,258,6,37,1,13),(6320,259,17,37,2,13),(6321,235,1,30,4,13),(6322,253,5,35,42,13),(6323,254,10,35,5,13),(6324,255,12,35,43,13),(6325,253,5,35,4,14),(6326,254,10,35,5,14),(6327,255,12,35,43,14),(6328,253,5,35,4,15),(6329,254,10,35,38,15),(6330,255,12,35,40,15),(6331,231,2,28,6,8),(6332,234,8,28,44,8),(6333,253,5,35,1,8),(6334,254,10,35,2,8),(6335,255,12,35,7,8),(6336,235,1,30,42,8),(6337,231,2,28,6,9),(6338,234,8,28,44,9),(6339,253,5,35,1,9),(6340,254,10,35,2,9),(6341,255,12,35,45,9),(6342,235,1,30,42,9),(6343,253,5,35,6,10),(6344,254,10,35,44,10),(6345,235,1,30,1,10),(6346,249,12,30,2,10),(6347,253,5,35,6,11),(6348,254,10,35,44,11),(6349,235,1,30,1,11),(6350,249,12,30,2,11),(6351,258,6,37,1,12),(6352,259,17,37,2,12),(6353,253,5,35,7,12),(6354,254,10,35,45,12),(6355,235,1,30,4,12),(6356,255,12,35,42,12),(6357,258,6,37,1,13),(6358,259,17,37,2,13),(6359,235,1,30,4,13),(6360,253,5,35,42,13),(6361,254,10,35,5,13),(6362,255,12,35,43,13),(6363,253,5,35,4,14),(6364,254,10,35,5,14),(6365,255,12,35,43,14),(6366,253,5,35,4,15),(6367,254,10,35,38,15),(6368,255,12,35,40,15),(6369,231,2,28,6,8),(6370,234,8,28,44,8),(6371,258,6,37,1,8),(6372,259,17,37,2,8),(6373,231,2,28,6,9),(6374,234,8,28,44,9),(6375,258,6,37,1,9),(6376,259,17,37,2,9),(6377,231,2,28,6,8),(6378,234,8,28,44,8),(6379,253,5,35,1,8),(6380,254,10,35,2,8),(6381,255,12,35,7,8),(6382,235,1,30,42,8),(6383,231,2,28,6,9),(6384,234,8,28,44,9),(6385,253,5,35,1,9),(6386,254,10,35,2,9),(6387,255,12,35,45,9),(6388,235,1,30,42,9),(6389,253,5,35,6,10),(6390,254,10,35,44,10),(6391,235,1,30,1,10),(6392,249,12,30,2,10),(6393,253,5,35,6,11),(6394,254,10,35,44,11),(6395,235,1,30,1,11),(6396,249,12,30,2,11),(6397,258,6,37,1,12),(6398,259,17,37,2,12),(6399,253,5,35,7,12),(6400,254,10,35,45,12),(6401,255,12,35,4,12),(6402,258,6,37,1,13),(6403,259,17,37,2,13),(6404,253,5,35,42,13),(6405,254,10,35,4,13),(6406,255,12,35,5,13),(6407,253,5,35,42,14),(6408,254,10,35,43,14),(6409,255,12,35,5,14),(6410,253,5,35,43,15),(6411,254,10,35,38,15),(6412,255,12,35,40,15),(6413,231,2,28,6,8),(6414,234,8,28,44,8),(6415,253,5,35,1,8),(6416,254,10,35,2,8),(6417,255,12,35,7,8),(6418,235,1,30,42,8),(6419,231,2,28,6,9),(6420,234,8,28,44,9),(6421,253,5,35,1,9),(6422,254,10,35,2,9),(6423,255,12,35,45,9),(6424,235,1,30,42,9),(6425,253,5,35,6,10),(6426,254,10,35,44,10),(6427,235,1,30,1,10),(6428,249,12,30,2,10),(6429,253,5,35,6,11),(6430,254,10,35,44,11),(6431,235,1,30,1,11),(6432,249,12,30,2,11),(6433,258,6,37,1,12),(6434,259,17,37,2,12),(6435,253,5,35,7,12),(6436,254,10,35,45,12),(6437,255,12,35,4,12),(6438,258,6,37,1,13),(6439,259,17,37,2,13),(6440,253,5,35,4,13),(6441,254,10,35,42,13),(6442,255,12,35,5,13),(6443,253,5,35,42,14),(6444,254,10,35,43,14),(6445,255,12,35,5,14),(6446,253,5,35,43,15),(6447,254,10,35,38,15),(6448,255,12,35,40,15),(6449,253,5,35,6,8),(6450,254,10,35,44,8),(6451,255,12,35,1,8),(6452,235,1,30,2,8),(6453,253,5,35,6,9),(6454,254,10,35,44,9),(6455,255,12,35,1,9),(6456,235,1,30,2,9),(6457,235,1,30,1,10),(6458,253,5,35,2,10),(6459,254,10,35,7,10),(6460,255,12,35,45,10),(6461,235,1,30,1,11),(6462,253,5,35,2,11),(6463,254,10,35,7,11),(6464,255,12,35,45,11),(6465,258,6,37,1,12),(6466,259,17,37,2,12),(6467,253,5,35,4,12),(6468,235,1,30,42,12),(6469,254,10,35,5,12),(6470,255,12,35,43,12),(6471,258,6,37,1,13),(6472,259,17,37,2,13),(6473,253,5,35,4,13),(6474,235,1,30,42,13),(6475,254,10,35,5,13),(6476,255,12,35,43,13),(6477,253,5,35,42,14),(6478,254,10,35,38,14),(6479,255,12,35,40,14),(6480,253,5,35,42,15),(6481,254,10,35,38,15),(6482,255,12,35,40,15),(6483,231,2,28,6,8),(6484,234,8,28,44,8),(6485,235,1,30,1,8),(6486,249,5,30,2,8),(6487,253,10,35,7,8),(6488,254,12,35,45,8),(6489,231,2,28,6,9),(6490,234,8,28,44,9),(6491,235,1,30,1,9),(6492,249,5,30,2,9),(6493,253,10,35,7,9),(6494,254,12,35,45,9),(6495,253,5,35,6,10),(6496,254,10,35,44,10),(6497,258,6,37,1,10),(6498,259,17,37,2,10),(6499,255,12,35,4,10),(6500,253,5,35,6,11),(6501,254,10,35,44,11),(6502,258,6,37,1,11),(6503,259,17,37,2,11),(6504,255,12,35,4,11),(6505,253,5,35,42,12),(6506,254,10,35,5,12),(6507,255,12,35,43,12),(6508,253,5,35,42,13),(6509,254,10,35,5,13),(6510,255,12,35,43,13),(6511,253,5,35,38,14),(6512,254,10,35,40,14),(6513,253,5,35,38,15),(6514,254,10,35,40,15),(6515,231,2,28,6,8),(6516,234,8,28,44,8),(6517,235,1,30,1,8),(6518,249,5,30,2,8),(6519,253,10,35,7,8),(6520,254,12,35,45,8),(6521,231,2,28,6,9),(6522,234,8,28,44,9),(6523,235,1,30,1,9),(6524,249,5,30,2,9),(6525,253,10,35,7,9),(6526,254,12,35,45,9),(6527,253,5,35,6,10),(6528,254,10,35,44,10),(6529,258,6,37,1,10),(6530,259,17,37,2,10),(6531,255,12,35,4,10),(6532,253,5,35,6,11),(6533,254,10,35,44,11),(6534,258,6,37,1,11),(6535,259,17,37,2,11),(6536,255,12,35,4,11),(6537,253,5,35,42,12),(6538,254,10,35,5,12),(6539,255,12,35,43,12),(6540,253,5,35,42,13),(6541,254,10,35,5,13),(6542,255,12,35,43,13),(6543,253,5,35,38,14),(6544,254,10,35,40,14),(6545,253,5,35,38,15),(6546,254,10,35,40,15),(6547,231,2,28,6,8),(6548,234,8,28,44,8),(6549,258,6,37,1,8),(6550,259,17,37,2,8),(6551,231,2,28,6,9),(6552,234,8,28,44,9),(6553,258,6,37,1,9),(6554,259,17,37,2,9),(6555,231,2,28,6,8),(6556,234,8,28,44,8),(6557,235,1,30,1,8),(6558,249,5,30,2,8),(6559,253,10,35,7,8),(6560,254,12,35,45,8),(6561,231,2,28,6,9),(6562,234,8,28,44,9),(6563,235,1,30,1,9),(6564,249,5,30,2,9),(6565,253,10,35,7,9),(6566,254,12,35,45,9),(6567,253,5,35,6,10),(6568,254,10,35,44,10),(6569,258,6,37,1,10),(6570,259,17,37,2,10),(6571,255,12,35,4,10),(6572,253,5,35,6,11),(6573,254,10,35,44,11),(6574,258,6,37,1,11),(6575,259,17,37,2,11),(6576,255,12,35,4,11),(6577,231,2,28,1,12),(6578,234,8,28,2,12),(6579,253,5,35,42,12),(6580,254,10,35,5,12),(6581,255,12,35,43,12),(6582,231,2,28,1,13),(6583,234,8,28,2,13),(6584,253,5,35,42,13),(6585,254,10,35,5,13),(6586,255,12,35,43,13),(6587,253,5,35,38,14),(6588,254,10,35,40,14),(6589,253,5,35,38,15),(6590,254,10,35,40,15),(6591,231,2,28,6,8),(6592,234,8,28,44,8),(6593,258,6,37,1,8),(6594,259,17,37,2,8),(6595,253,5,35,7,8),(6596,254,10,35,45,8),(6597,255,12,35,4,8),(6598,231,2,28,6,9),(6599,234,8,28,44,9),(6600,258,6,37,1,9),(6601,259,17,37,2,9),(6602,253,5,35,7,9),(6603,254,10,35,45,9),(6604,255,12,35,4,9),(6605,253,5,35,6,10),(6606,254,10,35,44,10),(6607,231,2,28,1,10),(6608,234,8,28,2,10),(6609,255,12,35,42,10),(6610,253,5,35,6,11),(6611,254,10,35,44,11),(6612,231,2,28,1,11),(6613,234,8,28,2,11),(6614,255,12,35,42,11),(6615,253,5,35,5,12),(6616,254,10,35,43,12),(6617,255,12,35,38,12),(6618,253,5,35,5,13),(6619,254,10,35,43,13),(6620,255,12,35,40,13),(6621,253,5,35,38,14),(6622,254,10,35,40,14),(6623,253,5,35,6,8),(6624,254,10,35,44,8),(6625,258,6,37,1,8),(6626,259,17,37,2,8),(6627,255,12,35,7,8),(6628,253,5,35,6,9),(6629,254,10,35,44,9),(6630,258,6,37,1,9),(6631,259,17,37,2,9),(6632,255,12,35,45,9),(6633,253,5,35,7,10),(6634,254,10,35,45,10),(6635,255,12,35,4,10),(6636,253,5,35,4,11),(6637,254,10,35,42,11),(6638,255,12,35,5,11),(6639,253,5,35,42,12),(6640,254,10,35,43,12),(6641,255,12,35,5,12),(6642,253,5,35,43,13),(6643,254,10,35,38,13),(6644,255,12,35,40,13),(6645,253,5,35,38,14),(6646,254,10,35,40,14),(6647,231,2,28,6,8),(6648,234,8,28,44,8),(6649,258,6,37,1,8),(6650,259,17,37,2,8),(6651,253,5,35,7,8),(6652,254,10,35,45,8),(6653,255,12,35,4,8),(6654,231,2,28,6,9),(6655,234,8,28,44,9),(6656,258,6,37,1,9),(6657,259,17,37,2,9),(6658,253,5,35,7,9),(6659,254,10,35,45,9),(6660,255,12,35,4,9),(6661,253,5,35,6,10),(6662,254,10,35,44,10),(6663,231,2,28,1,10),(6664,234,8,28,2,10),(6665,255,12,35,42,10),(6666,253,5,35,6,11),(6667,254,10,35,44,11),(6668,231,2,28,1,11),(6669,234,8,28,2,11),(6670,255,12,35,42,11),(6671,253,5,35,5,12),(6672,254,10,35,43,12),(6673,255,12,35,38,12),(6674,253,5,35,5,13),(6675,254,10,35,43,13),(6676,231,2,28,6,8),(6677,234,8,28,44,8),(6678,258,6,37,1,8),(6679,259,17,37,2,8),(6680,253,5,35,7,8),(6681,254,10,35,45,8),(6682,255,12,35,4,8),(6683,231,2,28,6,9),(6684,234,8,28,44,9),(6685,258,6,37,1,9),(6686,259,17,37,2,9),(6687,253,5,35,7,9),(6688,254,10,35,45,9),(6689,255,12,35,4,9),(6690,231,2,28,1,10),(6691,234,8,28,2,10),(6692,253,5,35,6,10),(6693,254,10,35,44,10),(6694,255,12,35,42,10),(6695,231,2,28,1,11),(6696,234,8,28,2,11),(6697,253,5,35,6,11),(6698,254,10,35,44,11),(6699,255,12,35,42,11),(6700,253,5,35,5,12),(6701,254,10,35,43,12),(6702,253,5,35,5,13),(6703,254,10,35,43,13),(6704,258,6,37,1,8),(6705,259,17,37,2,8),(6706,231,2,28,6,8),(6707,234,8,28,44,8),(6708,258,6,37,1,9),(6709,259,17,37,2,9),(6710,231,2,28,6,9),(6711,234,8,28,44,9),(6712,231,2,28,1,10),(6713,234,8,28,2,10),(6714,231,2,28,1,11),(6715,234,8,28,2,11),(6716,258,6,37,1,8),(6717,259,17,37,2,8),(6718,253,5,35,7,8),(6719,254,10,35,45,8),(6720,231,2,28,6,8),(6721,234,8,28,44,8),(6722,255,12,35,4,8),(6723,258,6,37,1,9),(6724,259,17,37,2,9),(6725,253,5,35,7,9),(6726,254,10,35,45,9),(6727,231,2,28,6,9),(6728,234,8,28,44,9),(6729,255,12,35,4,9),(6730,231,2,28,1,10),(6731,234,8,28,2,10),(6732,253,5,35,6,10),(6733,254,10,35,44,10),(6734,255,12,35,42,10),(6735,231,2,28,1,11),(6736,234,8,28,2,11),(6737,253,5,35,6,11),(6738,254,10,35,44,11),(6739,255,12,35,42,11),(6740,253,5,35,5,12),(6741,254,10,35,43,12),(6742,253,5,35,5,13),(6743,254,10,35,43,13),(6744,253,5,35,7,8),(6745,254,10,35,45,8),(6746,258,6,37,1,8),(6747,259,17,37,2,8),(6748,231,2,28,6,8),(6749,234,8,28,44,8),(6750,255,12,35,4,8),(6751,253,5,35,7,9),(6752,254,10,35,45,9),(6753,258,6,37,1,9),(6754,259,17,37,2,9),(6755,231,2,28,6,9),(6756,234,8,28,44,9),(6757,255,12,35,4,9),(6758,231,2,28,1,10),(6759,234,8,28,2,10),(6760,253,5,35,6,10),(6761,254,10,35,44,10),(6762,255,12,35,42,10),(6763,231,2,28,1,11),(6764,234,8,28,2,11),(6765,253,5,35,6,11),(6766,254,10,35,44,11),(6767,255,12,35,42,11),(6768,253,5,35,5,12),(6769,254,10,35,43,12),(6770,253,5,35,5,13),(6771,254,10,35,43,13),(6772,253,5,35,7,8),(6773,254,10,35,45,8),(6774,258,6,37,1,8),(6775,259,17,37,2,8),(6776,255,12,35,6,8),(6777,253,5,35,7,9),(6778,254,10,35,45,9),(6779,258,6,37,1,9),(6780,259,17,37,2,9),(6781,255,12,35,44,9),(6782,253,5,35,6,10),(6783,254,10,35,44,10),(6784,255,12,35,4,10),(6785,253,5,35,4,11),(6786,254,10,35,42,11),(6787,255,12,35,5,11),(6788,253,5,35,42,12),(6789,254,10,35,43,12),(6790,255,12,35,5,12),(6791,253,5,35,43,13),(6792,253,5,35,7,8),(6793,254,10,35,45,8),(6794,258,6,37,1,8),(6795,259,17,37,2,8),(6796,231,2,28,6,8),(6797,234,8,28,44,8),(6798,255,12,35,4,8),(6799,253,5,35,7,9),(6800,254,10,35,45,9),(6801,258,6,37,1,9),(6802,259,17,37,2,9),(6803,231,2,28,6,9),(6804,234,8,28,44,9),(6805,255,12,35,4,9),(6806,231,2,28,1,10),(6807,234,8,28,2,10),(6808,253,5,35,6,10),(6809,254,10,35,44,10),(6810,255,12,35,42,10),(6811,231,2,28,1,11),(6812,234,8,28,2,11),(6813,253,5,35,6,11),(6814,254,10,35,44,11),(6815,255,12,35,42,11),(6816,253,5,35,5,12),(6817,254,10,35,43,12),(6818,253,5,35,5,13),(6819,254,10,35,43,13),(6820,253,5,35,7,8),(6821,254,10,35,45,8),(6822,258,6,37,1,8),(6823,259,17,37,2,8),(6824,231,2,28,6,8),(6825,234,8,28,44,8),(6826,255,12,35,4,8),(6827,253,5,35,7,9),(6828,254,10,35,45,9),(6829,258,6,37,1,9),(6830,259,17,37,2,9),(6831,231,2,28,6,9),(6832,234,8,28,44,9),(6833,255,12,35,4,9),(6834,231,2,28,1,10),(6835,234,8,28,2,10),(6836,253,5,35,6,10),(6837,254,10,35,44,10),(6838,255,12,35,42,10),(6839,231,2,28,1,11),(6840,234,8,28,2,11),(6841,253,5,35,6,11),(6842,254,10,35,44,11),(6843,255,12,35,42,11),(6844,253,5,35,5,12),(6845,254,10,35,43,12),(6846,253,5,35,5,13),(6847,254,10,35,43,13),(6848,258,6,37,1,8),(6849,259,17,37,2,8),(6850,231,2,28,6,8),(6851,234,8,28,44,8),(6852,258,6,37,1,9),(6853,259,17,37,2,9),(6854,231,2,28,6,9),(6855,234,8,28,44,9),(6856,231,2,28,1,10),(6857,234,8,28,2,10),(6858,231,2,28,1,11),(6859,234,8,28,2,11),(6860,253,5,35,7,8),(6861,254,10,35,45,8),(6862,258,6,37,1,8),(6863,259,17,37,2,8),(6864,231,2,28,6,8),(6865,234,8,28,44,8),(6866,255,12,35,4,8),(6867,253,5,35,7,9),(6868,254,10,35,45,9),(6869,258,6,37,1,9),(6870,259,17,37,2,9),(6871,231,2,28,6,9),(6872,234,8,28,44,9),(6873,255,12,35,4,9),(6874,231,2,28,1,10),(6875,234,8,28,2,10),(6876,253,5,35,6,10),(6877,254,10,35,44,10),(6878,255,12,35,42,10),(6879,231,2,28,1,11),(6880,234,8,28,2,11),(6881,253,5,35,6,11),(6882,254,10,35,44,11),(6883,255,12,35,42,11),(6884,253,5,35,7,8),(6885,254,10,35,45,8),(6886,258,6,37,1,8),(6887,259,17,37,2,8),(6888,231,2,28,6,8),(6889,234,8,28,44,8),(6890,255,12,35,4,8),(6891,253,5,35,7,9),(6892,254,10,35,45,9),(6893,258,6,37,1,9),(6894,259,17,37,2,9),(6895,231,2,28,6,9),(6896,234,8,28,44,9),(6897,255,12,35,4,9),(6898,231,2,28,1,10),(6899,234,8,28,2,10),(6900,253,5,35,6,10),(6901,254,10,35,44,10),(6902,231,2,28,1,11),(6903,234,8,28,2,11),(6904,253,5,35,6,11),(6905,254,10,35,44,11),(6906,253,5,35,7,8),(6907,254,10,35,45,8),(6908,258,6,37,1,8),(6909,259,17,37,2,8),(6910,255,12,35,6,8),(6911,253,5,35,7,9),(6912,254,10,35,45,9),(6913,258,6,37,1,9),(6914,259,17,37,2,9),(6915,255,12,35,44,9),(6916,253,5,35,6,10),(6917,254,10,35,44,10),(6918,255,12,35,4,10),(6919,253,5,35,4,11),(6920,253,5,35,7,8),(6921,254,10,35,45,8),(6922,258,6,37,1,8),(6923,259,17,37,2,8),(6924,231,2,28,6,8),(6925,234,8,28,44,8),(6926,253,5,35,7,9),(6927,254,10,35,45,9),(6928,258,6,37,1,9),(6929,259,17,37,2,9),(6930,231,2,28,6,9),(6931,234,8,28,44,9),(6932,231,2,28,1,10),(6933,234,8,28,2,10),(6934,253,5,35,6,10),(6935,254,10,35,44,10),(6936,231,2,28,1,11),(6937,234,8,28,2,11),(6938,253,5,35,6,11),(6939,254,10,35,44,11),(6940,253,5,35,7,8),(6941,254,10,35,45,8),(6942,258,6,37,1,8),(6943,259,17,37,2,8),(6944,231,2,28,6,8),(6945,234,8,28,44,8),(6946,253,5,35,7,9),(6947,254,10,35,45,9),(6948,258,6,37,1,9),(6949,259,17,37,2,9),(6950,255,12,35,6,9),(6951,231,2,28,1,10),(6952,234,8,28,2,10),(6953,253,5,35,44,10),(6954,254,10,35,6,10),(6955,231,2,28,1,11),(6956,234,8,28,2,11),(6957,253,5,35,44,11),(6958,258,6,37,1,8),(6959,259,17,37,2,8),(6960,258,6,37,1,9),(6961,259,17,37,2,9),(6962,231,2,28,1,10),(6963,234,8,28,2,10),(6964,231,2,28,1,11),(6965,234,8,28,2,11),(6966,253,5,35,7,8),(6967,254,10,35,45,8),(6968,231,2,28,1,8),(6969,234,8,28,2,8),(6970,255,12,35,6,8),(6971,253,5,35,7,9),(6972,254,10,35,45,9),(6973,231,2,28,1,9),(6974,234,8,28,2,9),(6975,255,12,35,44,9),(6976,253,5,35,6,10),(6977,254,10,35,44,10),(6978,253,5,35,7,8),(6979,254,10,35,45,8),(6980,231,2,28,1,8),(6981,234,8,28,2,8),(6982,255,12,35,6,8),(6983,253,5,35,7,9),(6984,254,10,35,45,9),(6985,231,2,28,1,9),(6986,234,8,28,2,9),(6987,255,12,35,44,9),(6988,253,5,35,6,10),(6989,254,10,35,44,10),(6990,253,5,35,7,8),(6991,254,10,35,45,8),(6992,253,5,35,7,9),(6993,254,10,35,45,9),(6994,253,5,35,7,8),(6995,254,10,35,45,8),(6996,231,2,28,1,8),(6997,234,8,28,2,8),(6998,253,5,35,7,9),(6999,254,10,35,45,9),(7000,231,2,28,1,9),(7001,234,8,28,2,9),(7002,253,5,35,7,8),(7003,254,10,35,45,8),(7004,231,2,28,1,8),(7005,234,8,28,2,8),(7006,253,5,35,7,9),(7007,254,10,35,45,9),(7008,231,2,28,1,9),(7009,234,8,28,2,9),(7010,231,2,28,1,8),(7011,234,8,28,2,8),(7012,231,2,28,1,9),(7013,234,8,28,2,9),(7014,253,5,35,7,8),(7015,254,10,35,45,8),(7016,231,2,28,1,8),(7017,234,8,28,2,8),(7018,253,5,35,7,9),(7019,254,10,35,45,9),(7020,231,2,28,1,9),(7021,234,8,28,2,9),(7022,253,5,35,7,8),(7023,254,10,35,45,8),(7024,231,2,28,1,8),(7025,234,8,28,2,8),(7026,253,5,35,7,9),(7027,254,10,35,45,9),(7028,231,2,28,1,9),(7029,234,8,28,2,9),(7030,253,5,35,7,8),(7031,254,10,35,45,8),(7032,253,5,35,7,9),(7033,254,10,35,45,9),(7034,253,5,35,7,8),(7035,254,10,35,45,8),(7036,231,2,28,1,8),(7037,234,8,28,2,8),(7038,253,5,35,7,9),(7039,254,10,35,45,9),(7040,231,2,28,1,9),(7041,234,8,28,2,9),(7042,253,5,35,7,8),(7043,254,10,35,45,8),(7044,231,2,28,1,8),(7045,234,8,28,2,8),(7046,253,5,35,7,9),(7047,254,10,35,45,9),(7048,231,2,28,1,9),(7049,234,8,28,2,9),(7050,231,2,28,1,8),(7051,234,8,28,2,8),(7052,231,2,28,1,9),(7053,234,8,28,2,9),(7054,253,5,35,7,8),(7055,254,10,35,45,8),(7056,231,2,28,1,8),(7057,234,8,28,2,8),(7058,253,5,35,7,9),(7059,254,10,35,45,9),(7060,231,2,28,1,9),(7061,234,8,28,2,9),(7062,253,5,35,7,8),(7063,254,10,35,45,8),(7064,231,2,28,1,8),(7065,234,8,28,2,8),(7066,253,5,35,7,9),(7067,254,10,35,45,9),(7068,231,2,28,1,9),(7069,234,8,28,2,9),(7070,253,5,35,7,8),(7071,254,10,35,45,8),(7072,253,5,35,7,9),(7073,254,10,35,45,9),(7074,253,5,35,7,8),(7075,254,10,35,45,8),(7076,231,2,28,1,8),(7077,234,8,28,2,8),(7078,253,5,35,7,9),(7079,254,10,35,45,9),(7080,231,2,28,1,9),(7081,234,8,28,2,9),(7082,253,5,35,7,8),(7083,254,10,35,45,8),(7084,231,2,28,1,8),(7085,234,8,28,2,8),(7086,253,5,35,7,9),(7087,254,10,35,45,9),(7088,231,2,28,1,9),(7089,234,8,28,2,9),(7090,231,2,28,1,8),(7091,234,8,28,2,8),(7092,231,2,28,1,9),(7093,234,8,28,2,9),(7094,253,5,35,7,8),(7095,254,10,35,45,8),(7096,231,2,28,1,8),(7097,234,8,28,2,8),(7098,253,5,35,7,9),(7099,254,10,35,45,9),(7100,253,5,35,7,8),(7101,254,10,35,45,8),(7102,253,5,35,45,9),(7103,254,10,35,7,10),(7104,236,6,31,1,8),(7105,248,11,31,2,8),(7106,231,2,28,3,8),(7107,232,3,29,4,8),(7108,260,8,38,5,8),(7109,233,4,29,6,8),(7110,261,12,38,7,8),(7111,258,17,37,40,8),(7112,234,14,28,41,8),(7113,244,15,29,42,8),(7114,250,13,31,43,8),(7115,259,18,37,38,8),(7116,232,3,29,44,9),(7117,260,8,38,45,9),(7118,236,6,31,1,9),(7119,248,11,31,2,9),(7120,261,12,38,7,9),(7121,250,13,31,5,9),(7122,239,9,34,43,9),(7123,233,4,29,6,9),(7124,244,15,29,4,9),(7125,231,2,28,3,9),(7126,234,14,28,41,9),(7127,258,17,37,40,9),(7128,259,18,37,38,9),(7129,260,8,38,45,10),(7130,232,3,29,44,10),(7131,233,4,29,42,10),(7132,236,6,31,1,10),(7133,248,11,31,2,10),(7134,261,12,38,7,10),(7135,250,13,31,5,10),(7136,239,9,34,43,10),(7137,244,15,29,6,10),(7138,231,2,28,3,10),(7139,234,14,28,41,10),(7140,258,17,37,40,10),(7141,259,18,37,38,10),(7142,260,8,38,45,11),(7143,256,1,36,1,11),(7144,257,3,36,2,11),(7145,232,4,29,44,11),(7146,233,15,29,4,11),(7147,236,6,31,42,11),(7148,238,13,33,7,11),(7149,261,12,38,5,11),(7150,248,11,31,43,11),(7151,237,7,32,40,11),(7152,239,9,34,38,11),(7153,256,1,36,1,12),(7154,257,3,36,2,12),(7155,238,8,33,45,12),(7156,236,6,31,6,12),(7157,248,11,31,44,12),(7158,265,13,33,7,12),(7159,260,12,38,4,12),(7160,232,4,29,42,12),(7161,233,15,29,3,12),(7162,261,19,38,5,12),(7163,239,9,34,43,12),(7164,237,7,32,40,12),(7165,256,1,36,1,13),(7166,257,3,36,2,13),(7167,238,8,33,45,13),(7168,236,6,31,41,13),(7169,265,13,33,7,13),(7170,248,11,31,6,13),(7171,260,12,38,4,13),(7172,261,19,38,42,13),(7173,232,4,29,3,13),(7174,239,9,34,5,13),(7175,231,2,28,43,13),(7176,237,7,32,38,13),(7177,260,8,38,1,14),(7178,261,12,38,2,14),(7179,238,13,33,45,14),(7180,236,6,31,44,14),(7181,248,11,31,41,14),(7182,231,2,28,7,14),(7183,239,9,34,5,14),(7184,234,14,28,43,14),(7185,256,1,36,3,14),(7186,237,7,32,40,14),(7187,257,3,36,38,14),(7188,260,8,38,1,15),(7189,261,12,38,2,15),(7190,231,2,28,45,15),(7191,236,6,31,6,15),(7192,248,11,31,44,15),(7193,250,13,31,4,15),(7194,234,14,28,7,15),(7195,256,1,36,41,15),(7196,239,9,34,5,15),(7197,257,3,36,3,15),(7198,237,7,32,38,15),(7199,236,6,31,1,8),(7200,248,11,31,2,8),(7201,232,3,29,42,8),(7202,260,8,38,45,8),(7203,233,4,29,6,8),(7204,244,15,29,44,8),(7205,261,12,38,7,8),(7206,250,13,31,4,8),(7207,239,9,34,43,8),(7208,253,5,35,41,8),(7209,231,2,28,5,8),(7210,254,10,35,3,8),(7211,258,17,37,40,8),(7212,259,18,37,38,8),(7213,236,6,31,1,9),(7214,248,11,31,2,9),(7215,260,8,38,45,9),(7216,232,3,29,42,9),(7217,261,12,38,7,9),(7218,233,4,29,6,9),(7219,244,15,29,44,9),(7220,250,13,31,4,9),(7221,239,9,34,43,9),(7222,253,5,35,41,9),(7223,231,2,28,5,9),(7224,254,10,35,3,9),(7225,258,17,37,40,9),(7226,259,18,37,38,9),(7227,236,6,31,1,10),(7228,248,11,31,2,10),(7229,260,8,38,45,10),(7230,232,3,29,42,10),(7231,261,12,38,7,10),(7232,233,4,29,6,10),(7233,244,15,29,44,10),(7234,250,13,31,43,10),(7235,253,5,35,41,10),(7236,239,9,34,5,10),(7237,254,10,35,3,10),(7238,258,17,37,40,10),(7239,259,18,37,38,10),(7240,256,1,36,1,11),(7241,257,3,36,2,11),(7242,238,8,33,45,11),(7243,232,4,29,4,11),(7244,236,6,31,42,11),(7245,265,13,33,7,11),(7246,248,11,31,6,11),(7247,260,12,38,43,11),(7248,231,2,28,41,11),(7249,261,19,38,5,11),(7250,234,14,28,3,11),(7251,237,7,32,40,11),(7252,239,9,34,38,11),(7253,256,1,36,1,12),(7254,257,3,36,2,12),(7255,238,8,33,45,12),(7256,236,6,31,44,12),(7257,265,13,33,7,12),(7258,232,4,29,4,12),(7259,248,11,31,42,12),(7260,260,12,38,43,12),(7261,261,19,38,5,12),(7262,231,2,28,41,12),(7263,234,14,28,3,12),(7264,237,7,32,40,12),(7265,239,9,34,38,12),(7266,256,1,36,1,13),(7267,257,3,36,2,13),(7268,238,8,33,45,13),(7269,265,13,33,7,13),(7270,236,6,31,6,13),(7271,248,11,31,44,13),(7272,232,4,29,4,13),(7273,260,12,38,42,13),(7274,261,19,38,43,13),(7275,239,9,34,5,13),(7276,231,2,28,41,13),(7277,234,14,28,3,13),(7278,237,7,32,40,13),(7279,253,5,35,38,13),(7280,260,8,38,1,14),(7281,261,12,38,2,14),(7282,231,2,28,45,14),(7283,234,14,28,7,14),(7284,236,6,31,6,14),(7285,248,11,31,44,14),(7286,250,13,31,4,14),(7287,239,9,34,43,14),(7288,256,1,36,41,14),(7289,257,3,36,3,14),(7290,253,5,35,40,14),(7291,237,7,32,38,14),(7292,260,8,38,1,15),(7293,261,12,38,2,15),(7294,231,2,28,45,15),(7295,236,6,31,42,15),(7296,234,14,28,7,15),(7297,248,11,31,5,15),(7298,250,13,31,43,15),(7299,256,1,36,41,15),(7300,257,3,36,3,15),(7301,239,9,34,40,15),(7302,237,7,32,38,15),(7303,236,6,31,1,8),(7304,248,11,31,2,8),(7305,260,8,38,45,8),(7306,232,3,29,6,8),(7307,233,4,29,44,8),(7308,261,12,38,7,8),(7309,244,15,29,4,8),(7310,250,13,31,42,8),(7311,239,9,34,5,8),(7312,231,2,28,43,8),(7313,253,5,35,41,8),(7314,254,10,35,3,8),(7315,258,17,37,40,8),(7316,259,18,37,38,8),(7317,236,6,31,1,9),(7318,248,11,31,2,9),(7319,260,8,38,45,9),(7320,232,3,29,6,9),(7321,233,4,29,44,9),(7322,261,12,38,7,9),(7323,244,15,29,4,9),(7324,250,13,31,42,9),(7325,239,9,34,5,9),(7326,231,2,28,43,9),(7327,253,5,35,41,9),(7328,254,10,35,3,9),(7329,258,17,37,40,9),(7330,259,18,37,38,9),(7331,236,6,31,1,10),(7332,248,11,31,2,10),(7333,260,8,38,45,10),(7334,261,12,38,7,10),(7335,232,3,29,6,10),(7336,233,4,29,44,10),(7337,244,15,29,4,10),(7338,250,13,31,42,10),(7339,239,9,34,5,10),(7340,231,2,28,43,10),(7341,253,5,35,41,10),(7342,254,10,35,3,10),(7343,258,17,37,40,10),(7344,259,18,37,38,10),(7345,256,1,36,1,11),(7346,257,3,36,2,11),(7347,238,8,33,45,11),(7348,265,13,33,7,11),(7349,236,6,31,6,11),(7350,248,11,31,44,11),(7351,260,12,38,4,11),(7352,232,4,29,42,11),(7353,261,19,38,5,11),(7354,239,9,34,43,11),(7355,231,2,28,41,11),(7356,234,14,28,3,11),(7357,237,7,32,40,11),(7358,253,5,35,38,11),(7359,256,1,36,1,12),(7360,257,3,36,2,12),(7361,238,8,33,45,12),(7362,265,13,33,7,12),(7363,236,6,31,6,12),(7364,248,11,31,44,12),(7365,260,12,38,4,12),(7366,232,4,29,42,12),(7367,261,19,38,5,12),(7368,239,9,34,43,12),(7369,231,2,28,41,12),(7370,234,14,28,3,12),(7371,237,7,32,40,12),(7372,253,5,35,38,12),(7373,256,1,36,1,13),(7374,257,3,36,2,13),(7375,238,8,33,45,13),(7376,265,13,33,7,13),(7377,236,6,31,6,13),(7378,248,11,31,44,13),(7379,260,12,38,4,13),(7380,232,4,29,42,13),(7381,261,19,38,5,13),(7382,239,9,34,43,13),(7383,231,2,28,41,13),(7384,234,14,28,3,13),(7385,237,7,32,40,13),(7386,253,5,35,38,13),(7387,260,8,38,1,14),(7388,261,12,38,2,14),(7389,231,2,28,45,14),(7390,234,14,28,7,14),(7391,236,6,31,4,14),(7392,248,11,31,5,14),(7393,250,13,31,43,14),(7394,256,1,36,41,14),(7395,257,3,36,3,14),(7396,239,9,34,40,14),(7397,237,7,32,38,14),(7398,260,8,38,1,15),(7399,261,12,38,2,15),(7400,231,2,28,45,15),(7401,234,14,28,7,15),(7402,236,6,31,4,15),(7403,248,11,31,5,15),(7404,250,13,31,43,15),(7405,256,1,36,41,15),(7406,257,3,36,3,15),(7407,239,9,34,40,15),(7408,237,7,32,38,15),(7409,236,6,31,1,8),(7410,248,11,31,2,8),(7411,260,8,38,45,8),(7412,232,3,29,6,8),(7413,233,4,29,44,8),(7414,261,12,38,7,8),(7415,244,15,29,42,8),(7416,250,13,31,4,8),(7417,239,9,34,5,8),(7418,253,5,35,41,8),(7419,254,10,35,3,8),(7420,258,17,37,40,8),(7421,259,18,37,38,8),(7422,236,6,31,1,9),(7423,248,11,31,2,9),(7424,260,8,38,45,9),(7425,232,3,29,6,9),(7426,233,4,29,44,9),(7427,261,12,38,7,9),(7428,244,15,29,42,9),(7429,250,13,31,43,9),(7430,239,9,34,5,9),(7431,253,5,35,41,9),(7432,254,10,35,3,9),(7433,258,17,37,40,9),(7434,259,18,37,38,9),(7435,236,6,31,1,10),(7436,248,11,31,2,10),(7437,260,8,38,45,10),(7438,261,12,38,7,10),(7439,232,3,29,6,10),(7440,233,4,29,44,10),(7441,244,15,29,42,10),(7442,250,13,31,4,10),(7443,239,9,34,43,10),(7444,253,5,35,41,10),(7445,254,10,35,3,10),(7446,258,17,37,40,10),(7447,259,18,37,38,10),(7448,256,1,36,1,11),(7449,257,3,36,2,11),(7450,238,8,33,45,11),(7451,265,13,33,7,11),(7452,236,6,31,6,11),(7453,248,11,31,44,11),(7454,260,12,38,42,11),(7455,232,4,29,4,11),(7456,261,19,38,5,11),(7457,239,9,34,43,11),(7458,233,15,29,41,11),(7459,237,7,32,40,11),(7460,253,5,35,38,11),(7461,256,1,36,1,12),(7462,257,3,36,2,12),(7463,238,8,33,45,12),(7464,265,13,33,7,12),(7465,236,6,31,6,12),(7466,248,11,31,44,12),(7467,260,12,38,42,12),(7468,261,19,38,5,12),(7469,239,9,34,43,12),(7470,232,4,29,4,12),(7471,233,15,29,3,12),(7472,237,7,32,40,12),(7473,253,5,35,38,12),(7474,256,1,36,1,13),(7475,257,3,36,2,13),(7476,238,8,33,45,13),(7477,265,13,33,7,13),(7478,236,6,31,6,13),(7479,248,11,31,44,13),(7480,260,12,38,42,13),(7481,261,19,38,5,13),(7482,232,4,29,4,13),(7483,233,15,29,41,13),(7484,237,7,32,40,13),(7485,239,9,34,38,13),(7486,260,8,38,1,14),(7487,261,12,38,2,14),(7488,235,1,30,45,14),(7489,249,5,30,7,14),(7490,236,6,31,43,14),(7491,248,11,31,42,14),(7492,250,13,31,5,14),(7493,256,3,36,3,14),(7494,257,16,36,41,14),(7495,239,9,34,40,14),(7496,237,7,32,38,14),(7497,260,8,38,1,15),(7498,261,12,38,2,15),(7499,235,1,30,45,15),(7500,249,5,30,7,15),(7501,236,6,31,43,15),(7502,248,11,31,4,15),(7503,250,13,31,42,15),(7504,239,9,34,5,15),(7505,256,3,36,3,15),(7506,257,16,36,41,15),(7507,253,10,35,40,15),(7508,237,7,32,38,15),(7509,236,6,31,1,8),(7510,248,11,31,2,8),(7511,260,8,38,45,8),(7512,232,3,29,6,8),(7513,233,4,29,44,8),(7514,261,12,38,7,8),(7515,250,13,31,43,8),(7516,244,15,29,4,8),(7517,239,9,34,5,8),(7518,253,5,35,3,8),(7519,254,10,35,41,8),(7520,237,7,32,40,8),(7521,256,1,36,38,8),(7522,236,6,31,1,9),(7523,248,11,31,2,9),(7524,260,8,38,45,9),(7525,232,3,29,6,9),(7526,233,4,29,44,9),(7527,261,12,38,7,9),(7528,244,15,29,42,9),(7529,250,13,31,43,9),(7530,239,9,34,5,9),(7531,253,5,35,3,9),(7532,254,10,35,41,9),(7533,237,7,32,40,9),(7534,256,1,36,38,9),(7535,236,6,31,1,10),(7536,248,11,31,2,10),(7537,260,8,38,45,10),(7538,232,3,29,6,10),(7539,233,4,29,44,10),(7540,261,12,38,7,10),(7541,244,15,29,4,10),(7542,250,13,31,42,10),(7543,239,9,34,43,10),(7544,231,2,28,5,10),(7545,253,5,35,3,10),(7546,254,10,35,41,10),(7547,237,7,32,40,10),(7548,256,1,36,38,10),(7549,256,1,36,1,11),(7550,257,3,36,2,11),(7551,238,8,33,45,11),(7552,265,13,33,7,11),(7553,236,6,31,6,11),(7554,248,11,31,44,11),(7555,232,4,29,4,11),(7556,233,15,29,42,11),(7557,260,12,38,43,11),(7558,261,19,38,5,11),(7559,231,2,28,3,11),(7560,234,14,28,41,11),(7561,239,9,34,40,11),(7562,237,7,32,38,11),(7563,256,1,36,1,12),(7564,257,3,36,2,12),(7565,238,8,33,45,12),(7566,265,13,33,7,12),(7567,236,6,31,6,12),(7568,248,11,31,44,12),(7569,260,12,38,4,12),(7570,232,4,29,42,12),(7571,261,19,38,43,12),(7572,239,9,34,5,12),(7573,231,2,28,3,12),(7574,234,14,28,41,12),(7575,253,5,35,40,12),(7576,237,7,32,38,12),(7577,256,1,36,1,13),(7578,257,3,36,2,13),(7579,238,8,33,45,13),(7580,265,13,33,7,13),(7581,236,6,31,6,13),(7582,248,11,31,44,13),(7583,260,12,38,4,13),(7584,261,19,38,42,13),(7585,239,9,34,43,13),(7586,231,2,28,5,13),(7587,234,14,28,3,13),(7588,232,4,29,41,13),(7589,253,5,35,40,13),(7590,237,7,32,38,13),(7591,260,8,38,1,14),(7592,261,12,38,2,14),(7593,231,2,28,45,14),(7594,234,14,28,7,14),(7595,236,6,31,43,14),(7596,248,11,31,4,14),(7597,250,13,31,42,14),(7598,256,1,36,3,14),(7599,257,3,36,41,14),(7600,239,9,34,40,14),(7601,253,5,35,38,14),(7602,260,8,38,1,15),(7603,261,12,38,2,15),(7604,231,2,28,45,15),(7605,234,14,28,7,15),(7606,236,6,31,5,15),(7607,239,9,34,43,15),(7608,248,11,31,4,15),(7609,250,13,31,42,15),(7610,256,1,36,3,15),(7611,257,3,36,41,15),(7612,253,5,35,40,15),(7613,254,10,35,38,15),(7614,236,6,31,1,8),(7615,248,11,31,2,8),(7616,260,8,38,45,8),(7617,232,3,29,6,8),(7618,233,4,29,44,8),(7619,261,12,38,7,8),(7620,250,13,31,5,8),(7621,239,9,34,43,8),(7622,244,15,29,4,8),(7623,253,5,35,3,8),(7624,254,10,35,41,8),(7625,237,7,32,40,8),(7626,236,6,31,1,9),(7627,248,11,31,2,9),(7628,260,8,38,45,9),(7629,232,3,29,6,9),(7630,233,4,29,44,9),(7631,261,12,38,7,9),(7632,244,15,29,42,9),(7633,250,13,31,5,9),(7634,239,9,34,43,9),(7635,253,5,35,3,9),(7636,254,10,35,41,9),(7637,237,7,32,40,9),(7638,236,6,31,1,10),(7639,248,11,31,2,10),(7640,260,8,38,45,10),(7641,232,3,29,6,10),(7642,233,4,29,44,10),(7643,261,12,38,7,10),(7644,244,15,29,4,10),(7645,250,13,31,42,10),(7646,239,9,34,5,10),(7647,231,2,28,43,10),(7648,253,5,35,3,10),(7649,254,10,35,41,10),(7650,237,7,32,38,10),(7651,260,8,38,1,11),(7652,261,12,38,2,11),(7653,238,13,33,45,11),(7654,236,6,31,6,11),(7655,248,11,31,44,11),(7656,231,2,28,7,11),(7657,232,3,29,4,11),(7658,233,4,29,42,11),(7659,239,9,34,5,11),(7660,234,14,28,43,11),(7661,244,15,29,3,11),(7662,237,7,32,40,11),(7663,253,5,35,38,11),(7664,260,8,38,1,12),(7665,261,12,38,2,12),(7666,238,13,33,45,12),(7667,231,2,28,7,12),(7668,236,6,31,6,12),(7669,248,11,31,44,12),(7670,232,3,29,42,12),(7671,239,9,34,5,12),(7672,234,14,28,43,12),(7673,233,4,29,41,12),(7674,244,15,29,3,12),(7675,253,5,35,40,12),(7676,237,7,32,38,12),(7677,260,8,38,1,13),(7678,261,12,38,2,13),(7679,238,13,33,45,13),(7680,231,2,28,7,13),(7681,236,6,31,6,13),(7682,248,11,31,44,13),(7683,234,14,28,5,13),(7684,239,9,34,43,13),(7685,232,3,29,41,13),(7686,233,4,29,3,13),(7687,253,5,35,40,13),(7688,237,7,32,38,13),(7689,232,3,29,1,14),(7690,233,4,29,2,14),(7691,231,2,28,45,14),(7692,238,8,33,7,14),(7693,236,6,31,4,14),(7694,248,11,31,42,14),(7695,260,12,38,5,14),(7696,250,13,31,43,14),(7697,234,14,28,41,14),(7698,239,9,34,40,14),(7699,253,5,35,38,14),(7700,232,3,29,1,15),(7701,233,4,29,2,15),(7702,231,2,28,45,15),(7703,238,8,33,7,15),(7704,236,6,31,4,15),(7705,248,11,31,42,15),(7706,260,12,38,5,15),(7707,250,13,31,43,15),(7708,234,14,28,3,15),(7709,244,15,29,41,15),(7710,239,9,34,40,15),(7711,253,5,35,38,15),(7712,236,6,31,1,8),(7713,248,11,31,2,8),(7714,232,3,29,6,8),(7715,233,4,29,44,8),(7716,260,8,38,45,8),(7717,261,12,38,7,8),(7718,244,15,29,4,8),(7719,250,13,31,42,8),(7720,239,9,34,5,8),(7721,231,2,28,43,8),(7722,234,14,28,3,8),(7723,256,1,36,41,8),(7724,237,7,32,40,8),(7725,257,16,36,38,8),(7726,236,6,31,1,9),(7727,248,11,31,2,9),(7728,260,8,38,45,9),(7729,232,3,29,6,9),(7730,233,4,29,44,9),(7731,261,12,38,7,9),(7732,244,15,29,4,9),(7733,250,13,31,42,9),(7734,239,9,34,5,9),(7735,231,2,28,43,9),(7736,234,14,28,3,9),(7737,256,1,36,41,9),(7738,237,7,32,40,9),(7739,257,16,36,38,9),(7740,256,1,36,1,10),(7741,257,3,36,2,10),(7742,260,8,38,45,10),(7743,236,6,31,6,10),(7744,248,11,31,44,10),(7745,261,12,38,7,10),(7746,250,13,31,4,10),(7747,232,4,29,42,10),(7748,239,9,34,5,10),(7749,231,2,28,43,10),(7750,234,14,28,3,10),(7751,233,15,29,41,10),(7752,237,7,32,40,10),(7753,256,1,36,1,11),(7754,257,3,36,2,11),(7755,238,8,33,45,11),(7756,236,6,31,6,11),(7757,248,11,31,44,11),(7758,265,13,33,7,11),(7759,260,12,38,4,11),(7760,232,4,29,42,11),(7761,261,19,38,5,11),(7762,239,9,34,43,11),(7763,233,15,29,3,11),(7764,231,2,28,41,11),(7765,237,7,32,38,11),(7766,256,1,36,1,12),(7767,257,3,36,2,12),(7768,238,8,33,45,12),(7769,265,13,33,7,12),(7770,236,6,31,4,12),(7771,248,11,31,42,12),(7772,231,2,28,5,12),(7773,260,12,38,43,12),(7774,232,4,29,3,12),(7775,234,14,28,41,12),(7776,239,9,34,40,12),(7777,237,7,32,38,12),(7778,260,8,38,1,13),(7779,261,12,38,2,13),(7780,238,13,33,45,13),(7781,231,2,28,7,13),(7782,236,6,31,4,13),(7783,248,11,31,5,13),(7784,239,9,34,43,13),(7785,256,1,36,3,13),(7786,234,14,28,41,13),(7787,257,3,36,40,13),(7788,237,7,32,38,13),(7789,260,8,38,1,14),(7790,261,12,38,2,14),(7791,231,2,28,45,14),(7792,238,13,33,7,14),(7793,236,6,31,5,14),(7794,248,11,31,43,14),(7795,256,1,36,3,14),(7796,257,3,36,41,14),(7797,239,9,34,40,14),(7798,260,8,38,1,15),(7799,261,12,38,2,15),(7800,231,2,28,45,15),(7801,234,14,28,7,15),(7802,236,6,31,5,15),(7803,248,11,31,43,15),(7804,256,1,36,3,15),(7805,250,13,31,41,15),(7806,239,9,34,38,15),(7807,257,3,36,40,15),(7808,256,1,36,1,8),(7809,257,3,36,2,8),(7810,235,5,30,6,8),(7811,249,12,30,44,8),(7812,260,8,38,45,8),(7813,261,19,38,7,8),(7814,236,6,31,4,8),(7815,248,11,31,42,8),(7816,250,13,31,5,8),(7817,239,9,34,43,8),(7818,253,10,35,3,8),(7819,231,2,28,41,8),(7820,237,7,32,38,8),(7821,256,1,36,1,9),(7822,257,3,36,2,9),(7823,235,5,30,6,9),(7824,249,12,30,44,9),(7825,260,8,38,45,9),(7826,261,19,38,7,9),(7827,236,6,31,4,9),(7828,248,11,31,42,9),(7829,250,13,31,5,9),(7830,239,9,34,43,9),(7831,253,10,35,3,9),(7832,231,2,28,41,9),(7833,237,7,32,40,9),(7834,256,1,36,1,10),(7835,257,3,36,2,10),(7836,235,5,30,6,10),(7837,249,12,30,44,10),(7838,260,8,38,45,10),(7839,261,19,38,7,10),(7840,236,6,31,4,10),(7841,258,17,37,42,10),(7842,248,11,31,5,10),(7843,250,13,31,43,10),(7844,253,10,35,3,10),(7845,231,2,28,41,10),(7846,237,7,32,38,10),(7847,239,9,34,40,10),(7848,260,8,38,1,11),(7849,261,12,38,2,11),(7850,253,5,35,6,11),(7851,254,10,35,44,11),(7852,238,13,33,45,11),(7853,231,2,28,7,11),(7854,235,1,30,4,11),(7855,258,6,37,42,11),(7856,239,9,34,5,11),(7857,236,11,31,43,11),(7858,234,14,28,3,11),(7859,256,3,36,41,11),(7860,237,7,32,38,11),(7861,257,16,36,40,11),(7862,260,8,38,1,12),(7863,261,12,38,2,12),(7864,253,5,35,6,12),(7865,254,10,35,44,12),(7866,238,13,33,45,12),(7867,231,2,28,7,12),(7868,235,1,30,4,12),(7869,258,6,37,42,12),(7870,239,9,34,5,12),(7871,236,11,31,43,12),(7872,234,14,28,3,12),(7873,256,3,36,41,12),(7874,257,16,36,38,12),(7875,237,7,32,40,12),(7876,260,8,38,1,13),(7877,261,12,38,2,13),(7878,253,5,35,6,13),(7879,254,10,35,44,13),(7880,238,13,33,45,13),(7881,231,2,28,7,13),(7882,235,1,30,4,13),(7883,239,9,34,5,13),(7884,262,11,34,43,13),(7885,234,14,28,3,13),(7886,256,3,36,41,13),(7887,257,16,36,38,13),(7888,237,7,32,40,13),(7889,232,3,29,1,14),(7890,233,4,29,2,14),(7891,231,2,28,45,14),(7892,238,8,33,7,14),(7893,235,1,30,42,14),(7894,260,12,38,4,14),(7895,265,13,33,5,14),(7896,261,19,38,43,14),(7897,256,16,36,3,14),(7898,253,5,35,41,14),(7899,239,9,34,38,14),(7900,262,11,34,40,14),(7901,232,3,29,1,15),(7902,233,4,29,2,15),(7903,231,2,28,45,15),(7904,238,8,33,7,15),(7905,235,1,30,42,15),(7906,260,12,38,4,15),(7907,265,13,33,5,15),(7908,261,19,38,43,15),(7909,256,16,36,3,15),(7910,253,5,35,41,15),(7911,239,9,34,38,15),(7912,262,11,34,40,15),(7913,256,1,36,1,8),(7914,257,3,36,2,8),(7915,235,5,30,6,8),(7916,249,12,30,44,8),(7917,260,8,38,45,8),(7918,261,19,38,7,8),(7919,258,6,37,42,8),(7920,236,11,31,4,8),(7921,248,13,31,5,8),(7922,239,9,34,43,8),(7923,253,10,35,3,8),(7924,231,2,28,41,8),(7925,237,7,32,38,8),(7926,256,1,36,1,9),(7927,257,3,36,2,9),(7928,235,5,30,6,9),(7929,249,12,30,44,9),(7930,260,8,38,45,9),(7931,261,19,38,7,9),(7932,258,6,37,42,9),(7933,259,17,37,4,9),(7934,236,11,31,5,9),(7935,248,13,31,43,9),(7936,253,10,35,3,9),(7937,231,2,28,41,9),(7938,237,7,32,40,9),(7939,239,9,34,38,9),(7940,256,1,36,1,10),(7941,257,3,36,2,10),(7942,235,5,30,6,10),(7943,249,12,30,44,10),(7944,260,8,38,45,10),(7945,261,19,38,7,10),(7946,258,6,37,42,10),(7947,259,17,37,4,10),(7948,236,11,31,5,10),(7949,239,9,34,43,10),(7950,231,2,28,3,10),(7951,253,10,35,41,10),(7952,237,7,32,40,10),(7953,260,8,38,1,11),(7954,261,12,38,2,11),(7955,253,5,35,6,11),(7956,254,10,35,44,11),(7957,238,13,33,45,11),(7958,231,2,28,7,11),(7959,235,1,30,42,11),(7960,258,6,37,4,11),(7961,239,9,34,5,11),(7962,262,11,34,43,11),(7963,234,14,28,3,11),(7964,256,3,36,41,11),(7965,237,7,32,38,11),(7966,257,16,36,40,11),(7967,260,8,38,1,12),(7968,261,12,38,2,12),(7969,253,5,35,6,12),(7970,254,10,35,44,12),(7971,238,13,33,45,12),(7972,231,2,28,7,12),(7973,235,1,30,42,12),(7974,239,9,34,5,12),(7975,234,14,28,43,12),(7976,256,3,36,3,12),(7977,257,16,36,41,12),(7978,237,7,32,38,12),(7979,251,11,32,40,12),(7980,260,8,38,1,13),(7981,261,12,38,2,13),(7982,253,5,35,6,13),(7983,254,10,35,44,13),(7984,238,13,33,45,13),(7985,231,2,28,7,13),(7986,235,1,30,4,13),(7987,239,9,34,5,13),(7988,234,14,28,43,13),(7989,256,3,36,3,13),(7990,257,16,36,41,13),(7991,262,11,34,38,13),(7992,232,3,29,1,14),(7993,233,4,29,2,14),(7994,231,2,28,45,14),(7995,238,8,33,7,14),(7996,235,1,30,42,14),(7997,249,5,30,4,14),(7998,265,13,33,5,14),(7999,260,12,38,43,14),(8000,234,14,28,3,14),(8001,253,10,35,41,14),(8002,239,9,34,40,14),(8003,262,11,34,38,14),(8004,232,3,29,1,15),(8005,233,4,29,2,15),(8006,231,2,28,45,15),(8007,238,8,33,7,15),(8008,260,12,38,42,15),(8009,235,1,30,4,15),(8010,265,13,33,5,15),(8011,261,19,38,43,15),(8012,256,16,36,3,15),(8013,253,5,35,41,15),(8014,239,9,34,40,15),(8015,254,10,35,38,15),(8016,256,1,36,1,8),(8017,257,3,36,2,8),(8018,235,5,30,6,8),(8019,249,12,30,44,8),(8020,260,8,38,45,8),(8021,261,19,38,7,8),(8022,258,6,37,42,8),(8023,259,17,37,4,8),(8024,236,11,31,5,8),(8025,239,9,34,43,8),(8026,248,13,31,3,8),(8027,232,4,29,41,8),(8028,237,7,32,40,8),(8029,253,10,35,38,8),(8030,256,1,36,1,9),(8031,257,3,36,2,9),(8032,235,5,30,6,9),(8033,249,12,30,44,9),(8034,260,8,38,45,9),(8035,261,19,38,7,9),(8036,258,6,37,42,9),(8037,259,17,37,4,9),(8038,236,11,31,5,9),(8039,239,9,34,43,9),(8040,248,13,31,3,9),(8041,232,4,29,41,9),(8042,237,7,32,40,9),(8043,253,10,35,38,9),(8044,256,1,36,1,10),(8045,257,3,36,2,10),(8046,235,5,30,6,10),(8047,249,12,30,44,10),(8048,260,8,38,45,10),(8049,261,19,38,7,10),(8050,258,6,37,42,10),(8051,259,17,37,4,10),(8052,239,9,34,5,10),(8053,262,11,34,43,10),(8054,236,13,31,3,10),(8055,232,4,29,41,10),(8056,237,7,32,40,10),(8057,253,10,35,38,10),(8058,260,8,38,1,11),(8059,261,12,38,2,11),(8060,253,5,35,6,11),(8061,254,10,35,44,11),(8062,238,13,33,45,11),(8063,235,1,30,7,11),(8064,239,9,34,5,11),(8065,237,7,32,43,11),(8066,256,3,36,3,11),(8067,257,16,36,41,11),(8068,262,11,34,40,11),(8069,260,8,38,1,12),(8070,261,12,38,2,12),(8071,253,5,35,6,12),(8072,254,10,35,44,12),(8073,238,13,33,45,12),(8074,235,1,30,7,12),(8075,239,9,34,5,12),(8076,237,7,32,43,12),(8077,256,3,36,3,12),(8078,257,16,36,41,12),(8079,251,11,32,38,12),(8080,260,8,38,1,13),(8081,261,12,38,2,13),(8082,253,5,35,6,13),(8083,254,10,35,44,13),(8084,238,13,33,45,13),(8085,235,1,30,7,13),(8086,237,7,32,5,13),(8087,251,11,32,43,13),(8088,256,3,36,3,13),(8089,257,16,36,41,13),(8090,239,9,34,40,13),(8091,232,3,29,1,14),(8092,233,4,29,2,14),(8093,235,1,30,45,14),(8094,238,8,33,7,14),(8095,249,5,30,42,14),(8096,250,12,30,4,14),(8097,265,13,33,5,14),(8098,260,19,38,43,14),(8099,244,15,29,3,14),(8100,236,6,31,41,14),(8101,237,7,32,38,14),(8102,239,9,34,40,14),(8103,232,3,29,1,15),(8104,233,4,29,2,15),(8105,235,1,30,45,15),(8106,238,8,33,7,15),(8107,249,5,30,42,15),(8108,250,12,30,4,15),(8109,265,13,33,5,15),(8110,260,19,38,43,15),(8111,244,15,29,3,15),(8112,236,6,31,41,15),(8113,237,7,32,38,15),(8114,253,10,35,40,15),(8115,256,1,36,1,8),(8116,257,3,36,2,8),(8117,235,5,30,6,8),(8118,249,12,30,44,8),(8119,260,8,38,45,8),(8120,261,19,38,7,8),(8121,258,6,37,42,8),(8122,259,17,37,4,8),(8123,239,9,34,5,8),(8124,262,11,34,43,8),(8125,231,2,28,3,8),(8126,234,14,28,41,8),(8127,237,7,32,38,8),(8128,253,10,35,40,8),(8129,256,1,36,1,9),(8130,257,3,36,2,9),(8131,235,5,30,6,9),(8132,249,12,30,44,9),(8133,260,8,38,45,9),(8134,261,19,38,7,9),(8135,258,6,37,42,9),(8136,259,17,37,4,9),(8137,239,9,34,5,9),(8138,262,11,34,43,9),(8139,231,2,28,3,9),(8140,234,14,28,41,9),(8141,237,7,32,38,9),(8142,253,10,35,40,9),(8143,256,1,36,1,10),(8144,257,3,36,2,10),(8145,235,5,30,6,10),(8146,249,12,30,44,10),(8147,260,8,38,45,10),(8148,261,19,38,7,10),(8149,258,6,37,42,10),(8150,259,17,37,4,10),(8151,239,9,34,5,10),(8152,262,11,34,43,10),(8153,231,2,28,3,10),(8154,234,14,28,41,10),(8155,237,7,32,38,10),(8156,253,10,35,40,10),(8157,260,8,38,1,11),(8158,261,12,38,2,11),(8159,253,5,35,6,11),(8160,254,10,35,44,11),(8161,238,13,33,45,11),(8162,231,2,28,7,11),(8163,235,1,30,42,11),(8164,237,7,32,5,11),(8165,251,11,32,43,11),(8166,256,3,36,3,11),(8167,257,16,36,41,11),(8168,239,9,34,38,11),(8169,260,8,38,1,12),(8170,261,12,38,2,12),(8171,253,5,35,6,12),(8172,254,10,35,44,12),(8173,238,13,33,45,12),(8174,231,2,28,7,12),(8175,235,1,30,4,12),(8176,237,7,32,5,12),(8177,251,11,32,43,12),(8178,256,3,36,3,12),(8179,257,16,36,41,12),(8180,239,9,34,40,12),(8181,260,8,38,1,13),(8182,261,12,38,2,13),(8183,253,5,35,6,13),(8184,254,10,35,44,13),(8185,238,13,33,45,13),(8186,231,2,28,7,13),(8187,235,1,30,42,13),(8188,237,7,32,5,13),(8189,251,11,32,43,13),(8190,256,3,36,3,13),(8191,257,16,36,41,13),(8192,239,9,34,38,13),(8193,232,3,29,1,14),(8194,233,4,29,2,14),(8195,231,2,28,45,14),(8196,238,8,33,7,14),(8197,235,1,30,4,14),(8198,249,5,30,42,14),(8199,265,13,33,5,14),(8200,260,12,38,43,14),(8201,236,6,31,3,14),(8202,248,11,31,41,14),(8203,239,9,34,40,14),(8204,253,10,35,38,14),(8205,232,3,29,1,15),(8206,233,4,29,2,15),(8207,231,2,28,45,15),(8208,238,8,33,7,15),(8209,235,1,30,4,15),(8210,260,12,38,42,15),(8211,265,13,33,5,15),(8212,261,19,38,43,15),(8213,236,6,31,3,15),(8214,248,11,31,41,15),(8215,239,9,34,40,15),(8216,253,5,35,38,15),(8217,260,8,38,1,8),(8218,261,12,38,2,8),(8219,235,1,30,6,8),(8220,249,5,30,44,8),(8221,238,13,33,45,8),(8222,231,2,28,7,8),(8223,258,6,37,4,8),(8224,259,17,37,42,8),(8225,239,9,34,5,8),(8226,262,11,34,43,8),(8227,234,14,28,3,8),(8228,232,3,29,41,8),(8229,253,10,35,40,8),(8230,237,7,32,38,8),(8231,260,8,38,1,9),(8232,261,12,38,2,9),(8233,235,1,30,6,9),(8234,249,5,30,44,9),(8235,238,13,33,45,9),(8236,231,2,28,7,9),(8237,258,6,37,4,9),(8238,259,17,37,42,9),(8239,239,9,34,5,9),(8240,262,11,34,43,9),(8241,234,14,28,3,9),(8242,232,3,29,41,9),(8243,253,10,35,40,9),(8244,260,8,38,1,10),(8245,261,12,38,2,10),(8246,235,1,30,6,10),(8247,249,5,30,44,10),(8248,238,13,33,45,10),(8249,231,2,28,7,10),(8250,258,6,37,4,10),(8251,259,17,37,42,10),(8252,239,9,34,5,10),(8253,262,11,34,43,10),(8254,234,14,28,3,10),(8255,232,3,29,41,10),(8256,253,10,35,38,10),(8257,232,3,29,1,11),(8258,233,4,29,2,11),(8259,253,5,35,6,11),(8260,254,10,35,44,11),(8261,260,8,38,45,11),(8262,261,12,38,7,11),(8263,235,1,30,4,11),(8264,238,13,33,5,11),(8265,237,7,32,43,11),(8266,236,6,31,3,11),(8267,231,2,28,41,11),(8268,239,9,34,40,11),(8269,262,11,34,38,11),(8270,232,3,29,1,12),(8271,233,4,29,2,12),(8272,253,5,35,6,12),(8273,254,10,35,44,12),(8274,231,2,28,45,12),(8275,238,8,33,7,12),(8276,235,1,30,42,12),(8277,249,12,30,4,12),(8278,265,13,33,5,12),(8279,260,19,38,43,12),(8280,236,6,31,3,12),(8281,234,14,28,41,12),(8282,239,9,34,40,12),(8283,262,11,34,38,12),(8284,232,3,29,1,13),(8285,233,4,29,2,13),(8286,253,5,35,6,13),(8287,254,10,35,44,13),(8288,231,2,28,45,13),(8289,238,8,33,7,13),(8290,235,1,30,42,13),(8291,249,12,30,4,13),(8292,265,13,33,5,13),(8293,237,7,32,43,13),(8294,236,6,31,3,13),(8295,234,14,28,41,13),(8296,239,9,34,40,13),(8297,262,11,34,38,13),(8298,253,5,35,1,14),(8299,254,10,35,2,14),(8300,231,2,28,45,14),(8301,238,8,33,7,14),(8302,235,1,30,42,14),(8303,260,12,38,4,14),(8304,237,7,32,5,14),(8305,251,11,32,43,14),(8306,232,3,29,3,14),(8307,236,6,31,41,14),(8308,253,5,35,1,15),(8309,254,10,35,2,15),(8310,235,1,30,45,15),(8311,249,12,30,7,15),(8312,260,8,38,42,15),(8313,261,19,38,4,15),(8314,237,7,32,5,15),(8315,231,2,28,43,15),(8316,232,3,29,3,15),(8317,236,6,31,41,15),(8318,260,8,38,1,8),(8319,261,12,38,2,8),(8320,238,13,33,45,8),(8321,231,2,28,7,8),(8322,258,6,37,42,8),(8323,259,17,37,4,8),(8324,239,9,34,5,8),(8325,262,11,34,43,8),(8326,234,14,28,3,8),(8327,256,1,36,41,8),(8328,257,3,36,40,8),(8329,260,8,38,1,9),(8330,261,12,38,2,9),(8331,238,13,33,45,9),(8332,231,2,28,7,9),(8333,258,6,37,42,9),(8334,259,17,37,4,9),(8335,239,9,34,5,9),(8336,262,11,34,43,9),(8337,234,14,28,3,9),(8338,256,1,36,41,9),(8339,257,3,36,38,9),(8340,260,8,38,1,10),(8341,261,12,38,2,10),(8342,238,13,33,45,10),(8343,231,2,28,7,10),(8344,258,6,37,42,10),(8345,259,17,37,4,10),(8346,239,9,34,5,10),(8347,262,11,34,43,10),(8348,256,1,36,3,10),(8349,234,14,28,41,10),(8350,257,3,36,40,10),(8351,256,1,36,1,11),(8352,257,3,36,2,11),(8353,231,2,28,45,11),(8354,238,8,33,7,11),(8355,260,12,38,42,11),(8356,261,19,38,4,11),(8357,265,13,33,5,11),(8358,237,7,32,43,11),(8359,236,6,31,3,11),(8360,234,14,28,41,11),(8361,239,9,34,38,11),(8362,262,11,34,40,11),(8363,256,1,36,1,12),(8364,257,3,36,2,12),(8365,231,2,28,45,12),(8366,238,8,33,7,12),(8367,260,12,38,42,12),(8368,261,19,38,4,12),(8369,265,13,33,5,12),(8370,237,7,32,43,12),(8371,236,6,31,3,12),(8372,234,14,28,41,12),(8373,239,9,34,38,12),(8374,262,11,34,40,12),(8375,256,1,36,1,13),(8376,257,3,36,2,13),(8377,231,2,28,45,13),(8378,238,8,33,7,13),(8379,260,12,38,42,13),(8380,261,19,38,4,13),(8381,265,13,33,5,13),(8382,237,7,32,43,13),(8383,236,6,31,3,13),(8384,248,11,31,41,13),(8385,239,9,34,38,13),(8386,232,3,29,1,14),(8387,233,4,29,2,14),(8388,237,7,32,5,14),(8389,231,2,28,43,14),(8390,256,1,36,3,14),(8391,257,16,36,41,14),(8392,239,8,34,40,14),(8393,232,3,29,1,15),(8394,233,4,29,2,15),(8395,237,7,32,5,15),(8396,231,2,28,43,15),(8397,256,1,36,3,15),(8398,236,6,31,41,15),(8399,257,16,36,38,15),(8400,260,8,38,1,8),(8401,261,12,38,2,8),(8402,235,1,30,6,8),(8403,249,5,30,44,8),(8404,238,13,33,45,8),(8405,231,2,28,7,8),(8406,258,6,37,42,8),(8407,259,17,37,4,8),(8408,239,9,34,5,8),(8409,262,11,34,43,8),(8410,256,3,36,3,8),(8411,234,14,28,41,8),(8412,253,10,35,40,8),(8413,257,16,36,38,8),(8414,260,8,38,1,9),(8415,261,12,38,2,9),(8416,235,1,30,6,9),(8417,249,5,30,44,9),(8418,231,2,28,45,9),(8419,238,13,33,7,9),(8420,258,6,37,42,9),(8421,259,17,37,4,9),(8422,239,9,34,5,9),(8423,262,11,34,43,9),(8424,256,3,36,3,9),(8425,257,16,36,41,9),(8426,253,10,35,40,9),(8427,260,8,38,1,10),(8428,261,12,38,2,10),(8429,235,1,30,6,10),(8430,249,5,30,44,10),(8431,231,2,28,45,10),(8432,238,13,33,7,10),(8433,258,6,37,42,10),(8434,259,17,37,4,10),(8435,237,7,32,5,10),(8436,251,11,32,43,10),(8437,256,3,36,3,10),(8438,257,16,36,41,10),(8439,239,9,34,38,10),(8440,253,10,35,40,10),(8441,256,1,36,1,11),(8442,257,3,36,2,11),(8443,253,5,35,6,11),(8444,254,10,35,44,11),(8445,231,2,28,45,11),(8446,238,8,33,7,11),(8447,235,12,30,42,11),(8448,260,19,38,4,11),(8449,265,13,33,5,11),(8450,237,7,32,43,11),(8451,236,6,31,3,11),(8452,248,11,31,41,11),(8453,239,9,34,38,11),(8454,256,1,36,1,12),(8455,257,3,36,2,12),(8456,253,5,35,6,12),(8457,254,10,35,44,12),(8458,235,12,30,45,12),(8459,231,2,28,7,12),(8460,260,8,38,42,12),(8461,261,19,38,4,12),(8462,238,13,33,5,12),(8463,237,7,32,43,12),(8464,236,6,31,3,12),(8465,248,11,31,41,12),(8466,239,9,34,40,12),(8467,256,1,36,1,13),(8468,257,3,36,2,13),(8469,253,5,35,6,13),(8470,254,10,35,44,13),(8471,235,12,30,45,13),(8472,231,2,28,7,13),(8473,260,8,38,42,13),(8474,261,19,38,4,13),(8475,238,13,33,5,13),(8476,234,14,28,43,13),(8477,236,6,31,3,13),(8478,248,11,31,41,13),(8479,239,9,34,38,13),(8480,232,3,29,1,14),(8481,233,4,29,2,14),(8482,235,1,30,45,14),(8483,249,5,30,7,14),(8484,250,12,30,42,14),(8485,253,10,35,4,14),(8486,237,7,32,5,14),(8487,231,2,28,43,14),(8488,244,15,29,3,14),(8489,256,16,36,41,14),(8490,239,8,34,40,14),(8491,232,3,29,1,15),(8492,233,4,29,2,15),(8493,253,5,35,45,15),(8494,235,1,30,7,15),(8495,249,12,30,42,15),(8496,254,10,35,4,15),(8497,237,7,32,5,15),(8498,231,2,28,43,15),(8499,244,15,29,3,15),(8500,256,16,36,38,15),(8501,239,8,34,40,15),(8502,260,8,38,1,8),(8503,261,12,38,2,8),(8504,235,1,30,6,8),(8505,249,5,30,44,8),(8506,231,2,28,45,8),(8507,238,13,33,7,8),(8508,258,6,37,42,8),(8509,259,17,37,4,8),(8510,237,7,32,5,8),(8511,251,11,32,43,8),(8512,256,3,36,41,8),(8513,257,16,36,3,8),(8514,239,9,34,38,8),(8515,253,10,35,40,8),(8516,260,8,38,1,9),(8517,261,12,38,2,9),(8518,235,1,30,6,9),(8519,249,5,30,44,9),(8520,231,2,28,45,9),(8521,238,13,33,7,9),(8522,258,6,37,42,9),(8523,259,17,37,4,9),(8524,237,7,32,5,9),(8525,251,11,32,43,9),(8526,256,3,36,41,9),(8527,257,16,36,3,9),(8528,239,9,34,38,9),(8529,253,10,35,40,9),(8530,260,8,38,1,10),(8531,261,12,38,2,10),(8532,235,1,30,6,10),(8533,249,5,30,44,10),(8534,231,2,28,45,10),(8535,238,13,33,7,10),(8536,258,6,37,42,10),(8537,259,17,37,4,10),(8538,237,7,32,5,10),(8539,251,11,32,43,10),(8540,256,3,36,41,10),(8541,257,16,36,3,10),(8542,239,9,34,38,10),(8543,253,10,35,40,10),(8544,256,1,36,1,11),(8545,257,3,36,2,11),(8546,253,5,35,6,11),(8547,254,10,35,44,11),(8548,235,12,30,45,11),(8549,231,2,28,7,11),(8550,260,8,38,42,11),(8551,261,19,38,4,11),(8552,238,13,33,5,11),(8553,234,14,28,43,11),(8554,236,6,31,41,11),(8555,248,11,31,3,11),(8556,256,1,36,1,12),(8557,257,3,36,2,12),(8558,253,5,35,6,12),(8559,254,10,35,44,12),(8560,235,12,30,45,12),(8561,231,2,28,7,12),(8562,260,8,38,42,12),(8563,261,19,38,4,12),(8564,238,13,33,5,12),(8565,234,14,28,43,12),(8566,236,6,31,41,12),(8567,248,11,31,3,12),(8568,256,1,36,1,13),(8569,257,3,36,2,13),(8570,253,5,35,6,13),(8571,254,10,35,44,13),(8572,235,12,30,45,13),(8573,231,2,28,7,13),(8574,260,8,38,42,13),(8575,261,19,38,4,13),(8576,238,13,33,5,13),(8577,234,14,28,43,13),(8578,236,6,31,41,13),(8579,248,11,31,3,13),(8580,232,3,29,1,14),(8581,233,4,29,2,14),(8582,253,5,35,45,14),(8583,235,1,30,7,14),(8584,249,12,30,42,14),(8585,254,10,35,4,14),(8586,231,2,28,5,14),(8587,238,8,33,43,14),(8588,256,16,36,38,14),(8589,244,15,29,41,14),(8590,232,3,29,1,15),(8591,233,4,29,2,15),(8592,253,5,35,45,15),(8593,235,1,30,7,15),(8594,249,12,30,42,15),(8595,254,10,35,4,15),(8596,231,2,28,5,15),(8597,238,8,33,43,15),(8598,256,16,36,40,15),(8599,244,15,29,3,15),(8600,256,1,36,1,8),(8601,257,3,36,2,8),(8602,235,5,30,6,8),(8603,249,12,30,44,8),(8604,253,10,35,45,8),(8605,258,6,37,42,8),(8606,259,17,37,4,8),(8607,238,8,33,5,8),(8608,237,7,32,43,8),(8609,239,9,34,38,8),(8610,236,11,31,41,8),(8611,248,13,31,3,8),(8612,232,3,29,1,9),(8613,233,4,29,2,9),(8614,235,1,30,6,9),(8615,249,5,30,44,9),(8616,250,12,30,7,9),(8617,253,10,35,45,9),(8618,258,6,37,42,9),(8619,259,17,37,4,9),(8620,238,8,33,5,9),(8621,237,7,32,43,9),(8622,256,16,36,40,9),(8623,239,9,34,38,9),(8624,236,11,31,41,9),(8625,248,13,31,3,9),(8626,232,3,29,1,10),(8627,233,4,29,2,10),(8628,235,1,30,6,10),(8629,249,5,30,44,10),(8630,250,12,30,7,10),(8631,253,10,35,45,10),(8632,258,6,37,42,10),(8633,259,17,37,4,10),(8634,238,8,33,5,10),(8635,237,7,32,43,10),(8636,256,16,36,40,10),(8637,239,9,34,38,10),(8638,236,11,31,41,10),(8639,248,13,31,3,10),(8640,232,3,29,1,11),(8641,233,4,29,2,11),(8642,253,5,35,6,11),(8643,254,10,35,44,11),(8644,235,1,30,7,11),(8645,249,12,30,45,11),(8646,260,8,38,42,11),(8647,261,19,38,4,11),(8648,237,7,32,5,11),(8649,238,13,33,43,11),(8650,244,15,29,41,11),(8651,256,16,36,40,11),(8652,253,5,35,1,12),(8653,254,10,35,2,12),(8654,255,12,35,6,12),(8655,235,1,30,45,12),(8656,260,8,38,42,12),(8657,261,19,38,4,12),(8658,237,7,32,5,12),(8659,238,13,33,43,12),(8660,256,3,36,38,12),(8661,232,4,29,3,12),(8662,233,15,29,41,12),(8663,253,5,35,1,13),(8664,254,10,35,2,13),(8665,255,12,35,44,13),(8666,235,1,30,45,13),(8667,260,8,38,42,13),(8668,261,19,38,4,13),(8669,237,7,32,5,13),(8670,238,13,33,43,13),(8671,256,3,36,38,13),(8672,232,4,29,3,13),(8673,233,15,29,41,13),(8674,253,5,35,1,14),(8675,254,10,35,2,14),(8676,255,12,35,6,14),(8677,235,1,30,42,14),(8678,256,3,36,38,14),(8679,232,4,29,3,14),(8680,258,6,37,1,15),(8681,259,17,37,2,15),(8682,253,5,35,44,15),(8683,254,10,35,7,15),(8684,235,1,30,4,15),(8685,249,12,30,42,15),(8686,232,3,29,1,8),(8687,233,4,29,2,8),(8688,235,1,30,6,8),(8689,249,5,30,44,8),(8690,231,2,28,7,8),(8691,234,8,28,45,8),(8692,258,6,37,4,8),(8693,259,17,37,42,8),(8694,238,13,33,5,8),(8695,237,7,32,43,8),(8696,253,10,35,40,8),(8697,236,11,31,41,8),(8698,239,9,34,38,8),(8699,244,15,29,3,8),(8700,232,3,29,1,9),(8701,233,4,29,2,9),(8702,235,1,30,6,9),(8703,249,5,30,44,9),(8704,231,2,28,7,9),(8705,234,8,28,45,9),(8706,258,6,37,4,9),(8707,259,17,37,42,9),(8708,238,13,33,5,9),(8709,237,7,32,43,9),(8710,253,10,35,40,9),(8711,236,11,31,41,9),(8712,239,9,34,38,9),(8713,244,15,29,3,9),(8714,232,3,29,1,10),(8715,233,4,29,2,10),(8716,235,1,30,6,10),(8717,249,5,30,44,10),(8718,231,2,28,7,10),(8719,234,8,28,45,10),(8720,258,6,37,4,10),(8721,259,17,37,42,10),(8722,238,13,33,5,10),(8723,237,7,32,43,10),(8724,253,10,35,40,10),(8725,236,11,31,41,10),(8726,239,9,34,38,10),(8727,244,15,29,3,10),(8728,253,5,35,1,11),(8729,254,10,35,2,11),(8730,255,12,35,6,11),(8731,235,1,30,7,11),(8732,260,8,38,4,11),(8733,261,19,38,42,11),(8734,237,7,32,5,11),(8735,231,2,28,43,11),(8736,256,3,36,40,11),(8737,232,4,29,41,11),(8738,236,6,31,3,11),(8739,257,16,36,38,11),(8740,253,5,35,1,12),(8741,254,10,35,2,12),(8742,255,12,35,44,12),(8743,235,1,30,7,12),(8744,260,8,38,4,12),(8745,261,19,38,42,12),(8746,237,7,32,5,12),(8747,231,2,28,43,12),(8748,256,3,36,40,12),(8749,232,4,29,41,12),(8750,236,6,31,3,12),(8751,257,16,36,38,12),(8752,253,5,35,1,13),(8753,254,10,35,2,13),(8754,255,12,35,6,13),(8755,235,1,30,45,13),(8756,260,8,38,4,13),(8757,261,19,38,42,13),(8758,237,7,32,5,13),(8759,231,2,28,43,13),(8760,256,3,36,40,13),(8761,232,4,29,41,13),(8762,236,6,31,3,13),(8763,257,16,36,38,13),(8764,258,6,37,1,14),(8765,259,17,37,2,14),(8766,253,5,35,44,14),(8767,254,10,35,6,14),(8768,235,1,30,7,14),(8769,249,12,30,45,14),(8770,231,2,28,5,14),(8771,238,8,33,43,14),(8772,258,6,37,1,15),(8773,259,17,37,2,15),(8774,253,5,35,44,15),(8775,254,10,35,7,15),(8776,235,1,30,45,15),(8777,249,12,30,4,15),(8778,231,2,28,5,15),(8779,238,8,33,43,15),(8780,232,3,29,1,8),(8781,233,4,29,2,8),(8782,235,1,30,6,8),(8783,249,5,30,44,8),(8784,231,2,28,7,8),(8785,234,8,28,45,8),(8786,250,12,30,42,8),(8787,258,6,37,4,8),(8788,238,13,33,5,8),(8789,237,7,32,43,8),(8790,253,10,35,40,8),(8791,236,11,31,41,8),(8792,244,15,29,3,8),(8793,232,3,29,1,9),(8794,233,4,29,2,9),(8795,235,1,30,6,9),(8796,249,5,30,44,9),(8797,231,2,28,7,9),(8798,234,8,28,45,9),(8799,250,12,30,42,9),(8800,258,6,37,4,9),(8801,238,13,33,5,9),(8802,237,7,32,43,9),(8803,253,10,35,40,9),(8804,236,11,31,41,9),(8805,244,15,29,3,9),(8806,232,3,29,1,10),(8807,233,4,29,2,10),(8808,235,1,30,6,10),(8809,249,5,30,44,10),(8810,231,2,28,7,10),(8811,234,8,28,45,10),(8812,250,12,30,42,10),(8813,258,6,37,4,10),(8814,238,13,33,5,10),(8815,237,7,32,43,10),(8816,253,10,35,40,10),(8817,236,11,31,41,10),(8818,244,15,29,3,10),(8819,253,5,35,1,11),(8820,254,10,35,2,11),(8821,231,2,28,6,11),(8822,234,8,28,44,11),(8823,235,1,30,7,11),(8824,249,12,30,45,11),(8825,260,19,38,42,11),(8826,237,7,32,5,11),(8827,240,14,28,43,11),(8828,232,3,29,41,11),(8829,236,6,31,3,11),(8830,253,5,35,1,12),(8831,254,10,35,2,12),(8832,231,2,28,6,12),(8833,234,8,28,44,12),(8834,235,1,30,7,12),(8835,249,12,30,45,12),(8836,260,19,38,4,12),(8837,237,7,32,5,12),(8838,240,14,28,43,12),(8839,232,3,29,41,12),(8840,236,6,31,3,12),(8841,253,5,35,1,13),(8842,254,10,35,2,13),(8843,231,2,28,6,13),(8844,234,8,28,44,13),(8845,235,1,30,7,13),(8846,249,12,30,45,13),(8847,260,19,38,42,13),(8848,237,7,32,5,13),(8849,240,14,28,43,13),(8850,232,3,29,41,13),(8851,236,6,31,3,13),(8852,258,6,37,1,14),(8853,259,17,37,2,14),(8854,253,5,35,6,14),(8855,254,10,35,44,14),(8856,255,12,35,7,14),(8857,260,8,38,4,14),(8858,261,19,38,42,14),(8859,231,2,28,5,14),(8860,238,13,33,43,14),(8861,258,6,37,1,15),(8862,259,17,37,2,15),(8863,253,5,35,6,15),(8864,254,10,35,44,15),(8865,255,12,35,45,15),(8866,260,8,38,4,15),(8867,231,2,28,5,15),(8868,238,13,33,43,15),(8869,232,3,29,1,8),(8870,233,4,29,2,8),(8871,231,2,28,6,8),(8872,234,8,28,44,8),(8873,240,14,28,45,8),(8874,260,12,38,42,8),(8875,261,19,38,4,8),(8876,238,13,33,5,8),(8877,237,7,32,43,8),(8878,256,1,36,38,8),(8879,257,16,36,40,8),(8880,236,6,31,41,8),(8881,248,11,31,3,8),(8882,232,3,29,1,9),(8883,233,4,29,2,9),(8884,231,2,28,6,9),(8885,234,8,28,44,9),(8886,240,14,28,45,9),(8887,260,12,38,42,9),(8888,261,19,38,4,9),(8889,237,7,32,5,9),(8890,251,11,32,43,9),(8891,256,1,36,38,9),(8892,257,16,36,40,9),(8893,236,6,31,41,9),(8894,248,13,31,3,9),(8895,232,3,29,1,10),(8896,233,4,29,2,10),(8897,231,2,28,6,10),(8898,234,8,28,44,10),(8899,240,14,28,45,10),(8900,260,12,38,42,10),(8901,261,19,38,4,10),(8902,237,7,32,5,10),(8903,251,11,32,43,10),(8904,256,1,36,38,10),(8905,257,16,36,40,10),(8906,236,6,31,41,10),(8907,248,13,31,3,10),(8908,258,6,37,1,11),(8909,259,17,37,2,11),(8910,237,7,32,5,11),(8911,231,2,28,43,11),(8912,232,3,29,41,11),(8913,233,4,29,3,11),(8914,258,6,37,1,12),(8915,259,17,37,2,12),(8916,231,2,28,5,12),(8917,234,8,28,43,12),(8918,232,3,29,41,12),(8919,233,4,29,3,12),(8920,258,6,37,1,13),(8921,259,17,37,2,13),(8922,231,2,28,5,13),(8923,234,8,28,43,13),(8924,232,3,29,41,13),(8925,233,4,29,3,13),(8926,231,2,28,5,14),(8927,238,8,33,43,14),(8928,238,8,33,43,15),(8929,232,3,29,1,8),(8930,233,4,29,2,8),(8931,235,1,30,7,8),(8932,231,2,28,6,8),(8933,234,8,28,44,8),(8934,240,14,28,45,8),(8935,249,5,30,42,8),(8936,260,12,38,4,8),(8937,237,7,32,5,8),(8938,238,13,33,43,8),(8939,256,16,36,38,8),(8940,253,10,35,40,8),(8941,236,6,31,41,8),(8942,248,11,31,3,8),(8943,232,3,29,1,9),(8944,233,4,29,2,9),(8945,235,1,30,7,9),(8946,231,2,28,6,9),(8947,234,8,28,44,9),(8948,240,14,28,45,9),(8949,249,5,30,42,9),(8950,260,12,38,4,9),(8951,237,7,32,5,9),(8952,238,13,33,43,9),(8953,256,16,36,38,9),(8954,253,10,35,40,9),(8955,244,15,29,41,9),(8956,251,11,32,3,9),(8957,232,3,29,1,10),(8958,233,4,29,2,10),(8959,235,1,30,7,10),(8960,231,2,28,6,10),(8961,234,8,28,44,10),(8962,249,5,30,45,10),(8963,250,12,30,42,10),(8964,260,19,38,4,10),(8965,237,7,32,5,10),(8966,240,14,28,43,10),(8967,256,16,36,38,10),(8968,253,10,35,40,10),(8969,244,15,29,41,10),(8970,251,11,32,3,10),(8971,253,5,35,1,11),(8972,254,10,35,2,11),(8973,255,12,35,7,11),(8974,235,1,30,45,11),(8975,260,8,38,42,11),(8976,231,2,28,5,11),(8977,234,14,28,43,11),(8978,256,3,36,40,11),(8979,232,4,29,41,11),(8980,237,7,32,3,11),(8981,253,5,35,1,12),(8982,254,10,35,2,12),(8983,255,12,35,7,12),(8984,235,1,30,45,12),(8985,260,8,38,42,12),(8986,231,2,28,5,12),(8987,234,14,28,43,12),(8988,256,3,36,40,12),(8989,237,7,32,41,12),(8990,232,4,29,3,12),(8991,253,5,35,1,13),(8992,254,10,35,2,13),(8993,255,12,35,6,13),(8994,235,1,30,4,13),(8995,260,8,38,42,13),(8996,231,2,28,5,13),(8997,238,13,33,43,13),(8998,256,3,36,40,13),(8999,237,7,32,41,13),(9000,232,4,29,3,13),(9001,258,6,37,1,14),(9002,259,17,37,2,14),(9003,253,5,35,44,14),(9004,254,10,35,7,14),(9005,255,12,35,6,14),(9006,235,1,30,4,14),(9007,237,7,32,41,14),(9008,232,3,29,3,14),(9009,258,6,37,1,15),(9010,259,17,37,2,15),(9011,253,5,35,44,15),(9012,254,10,35,6,15),(9013,255,12,35,45,15),(9014,235,1,30,4,15),(9015,232,3,29,1,8),(9016,233,4,29,2,8),(9017,235,1,30,7,8),(9018,231,2,28,44,8),(9019,234,8,28,6,8),(9020,249,5,30,45,8),(9021,250,12,30,42,8),(9022,260,19,38,4,8),(9023,237,7,32,5,8),(9024,240,14,28,43,8),(9025,256,16,36,38,8),(9026,253,10,35,40,8),(9027,244,15,29,41,8),(9028,251,11,32,3,8),(9029,232,3,29,1,9),(9030,233,4,29,2,9),(9031,235,1,30,7,9),(9032,231,2,28,44,9),(9033,234,8,28,6,9),(9034,249,5,30,45,9),(9035,250,12,30,42,9),(9036,260,19,38,4,9),(9037,240,14,28,5,9),(9038,238,13,33,43,9),(9039,256,16,36,38,9),(9040,253,10,35,40,9),(9041,244,15,29,41,9),(9042,237,7,32,3,9),(9043,232,3,29,1,10),(9044,233,4,29,2,10),(9045,235,1,30,7,10),(9046,231,2,28,44,10),(9047,249,5,30,45,10),(9048,234,8,28,6,10),(9049,250,12,30,42,10),(9050,260,19,38,4,10),(9051,240,14,28,5,10),(9052,238,13,33,43,10),(9053,256,16,36,38,10),(9054,253,10,35,40,10),(9055,244,15,29,41,10),(9056,237,7,32,3,10),(9057,253,5,35,1,11),(9058,254,10,35,2,11),(9059,255,12,35,7,11),(9060,260,8,38,42,11),(9061,235,1,30,4,11),(9062,231,2,28,5,11),(9063,234,14,28,43,11),(9064,256,3,36,40,11),(9065,237,7,32,41,11),(9066,232,4,29,3,11),(9067,253,5,35,1,12),(9068,254,10,35,2,12),(9069,255,12,35,7,12),(9070,260,8,38,42,12),(9071,235,1,30,4,12),(9072,231,2,28,43,12),(9073,256,3,36,40,12),(9074,237,7,32,41,12),(9075,232,4,29,3,12),(9076,253,5,35,1,13),(9077,254,10,35,2,13),(9078,255,12,35,7,13),(9079,260,8,38,42,13),(9080,235,1,30,4,13),(9081,238,13,33,43,13),(9082,256,3,36,40,13),(9083,237,7,32,41,13),(9084,232,4,29,3,13),(9085,258,6,37,1,14),(9086,259,17,37,2,14),(9087,253,5,35,44,14),(9088,254,10,35,45,14),(9089,255,12,35,6,14),(9090,258,6,37,1,15),(9091,259,17,37,2,15),(9092,253,5,35,44,15),(9093,254,10,35,45,15),(9094,255,12,35,6,15),(9095,232,3,29,1,8),(9096,233,4,29,2,8),(9097,235,1,30,7,8),(9098,253,5,35,44,8),(9099,249,12,30,45,8),(9100,254,10,35,6,8),(9101,260,8,38,42,8),(9102,261,19,38,4,8),(9103,238,13,33,43,8),(9104,256,16,36,38,8),(9105,244,15,29,41,8),(9106,237,7,32,3,8),(9107,232,3,29,1,9),(9108,233,4,29,2,9),(9109,235,1,30,7,9),(9110,249,5,30,45,9),(9111,253,10,35,44,9),(9112,254,12,35,6,9),(9113,260,8,38,42,9),(9114,238,13,33,43,9),(9115,256,16,36,38,9),(9116,244,15,29,41,9),(9117,237,7,32,3,9),(9118,232,3,29,1,10),(9119,233,4,29,2,10),(9120,235,1,30,7,10),(9121,249,5,30,45,10),(9122,253,10,35,44,10),(9123,254,12,35,6,10),(9124,260,8,38,42,10),(9125,238,13,33,43,10),(9126,256,16,36,38,10),(9127,244,15,29,41,10),(9128,237,7,32,3,10),(9129,253,5,35,1,11),(9130,254,10,35,2,11),(9131,255,12,35,7,11),(9132,235,1,30,4,11),(9133,256,3,36,40,11),(9134,237,7,32,41,11),(9135,232,4,29,3,11),(9136,253,5,35,1,12),(9137,254,10,35,2,12),(9138,255,12,35,7,12),(9139,235,1,30,4,12),(9140,256,3,36,40,12),(9141,237,7,32,41,12),(9142,232,4,29,3,12),(9143,253,5,35,1,13),(9144,254,10,35,2,13),(9145,255,12,35,7,13),(9146,235,1,30,42,13),(9147,256,3,36,40,13),(9148,237,7,32,41,13),(9149,232,4,29,3,13),(9150,235,1,30,1,14),(9151,249,5,30,2,14),(9152,253,10,35,45,14),(9153,254,12,35,5,14),(9154,235,1,30,1,15),(9155,249,5,30,2,15),(9156,253,10,35,45,15),(9157,250,12,30,4,15),(9158,253,5,35,1,8),(9159,254,10,35,2,8),(9160,231,2,28,44,8),(9161,235,1,30,7,8),(9162,249,12,30,45,8),(9163,234,8,28,6,8),(9164,260,19,38,42,8),(9165,240,14,28,5,8),(9166,238,13,33,43,8),(9167,256,3,36,38,8),(9168,257,16,36,40,8),(9169,232,4,29,41,8),(9170,233,15,29,3,8),(9171,253,5,35,1,9),(9172,254,10,35,2,9),(9173,235,1,30,7,9),(9174,231,2,28,44,9),(9175,249,12,30,45,9),(9176,234,8,28,6,9),(9177,260,19,38,42,9),(9178,240,14,28,5,9),(9179,238,13,33,43,9),(9180,256,3,36,38,9),(9181,257,16,36,40,9),(9182,232,4,29,41,9),(9183,233,15,29,3,9),(9184,253,5,35,1,10),(9185,254,10,35,2,10),(9186,235,1,30,7,10),(9187,231,2,28,44,10),(9188,249,12,30,45,10),(9189,234,8,28,6,10),(9190,240,14,28,5,10),(9191,238,13,33,43,10),(9192,256,3,36,38,10),(9193,257,16,36,40,10),(9194,232,4,29,41,10),(9195,233,15,29,3,10),(9196,235,1,30,1,11),(9197,249,5,30,2,11),(9198,253,10,35,7,11),(9199,254,12,35,44,11),(9200,231,2,28,43,11),(9201,237,7,32,41,11),(9202,251,11,32,3,11),(9203,235,1,30,1,12),(9204,249,5,30,2,12),(9205,253,10,35,7,12),(9206,254,12,35,45,12),(9207,231,2,28,43,12),(9208,237,7,32,41,12),(9209,251,11,32,3,12),(9210,235,1,30,1,13),(9211,249,5,30,2,13),(9212,253,10,35,6,13),(9213,254,12,35,44,13),(9214,231,2,28,43,13),(9215,237,7,32,41,13),(9216,251,11,32,3,13),(9217,258,6,37,1,14),(9218,259,17,37,2,14),(9219,253,5,35,7,14),(9220,254,10,35,45,14),(9221,255,12,35,6,14),(9222,235,1,30,4,14),(9223,258,6,37,1,15),(9224,259,17,37,2,15),(9225,253,5,35,45,15),(9226,254,10,35,44,15),(9227,255,12,35,6,15),(9228,235,1,30,4,15),(9229,253,5,35,1,8),(9230,254,10,35,2,8),(9231,235,1,30,7,8),(9232,249,12,30,45,8),(9233,231,2,28,44,8),(9234,234,8,28,6,8),(9235,240,14,28,5,8),(9236,238,13,33,43,8),(9237,232,3,29,41,8),(9238,233,4,29,3,8),(9239,253,5,35,1,9),(9240,254,10,35,2,9),(9241,235,1,30,7,9),(9242,249,12,30,45,9),(9243,231,2,28,44,9),(9244,234,8,28,6,9),(9245,240,14,28,5,9),(9246,238,13,33,43,9),(9247,232,3,29,41,9),(9248,233,4,29,3,9),(9249,253,5,35,1,10),(9250,254,10,35,2,10),(9251,235,1,30,7,10),(9252,249,12,30,45,10),(9253,231,2,28,44,10),(9254,234,8,28,6,10),(9255,240,14,28,5,10),(9256,238,13,33,43,10),(9257,232,3,29,41,10),(9258,233,4,29,3,10),(9259,235,1,30,1,11),(9260,249,5,30,2,11),(9261,253,10,35,7,11),(9262,254,12,35,45,11),(9263,237,7,32,41,11),(9264,251,11,32,3,11),(9265,235,1,30,1,12),(9266,249,5,30,2,12),(9267,253,10,35,7,12),(9268,254,12,35,45,12),(9269,237,7,32,41,12),(9270,251,11,32,3,12),(9271,235,1,30,1,13),(9272,249,5,30,2,13),(9273,253,10,35,7,13),(9274,254,12,35,44,13),(9275,237,7,32,41,13),(9276,251,11,32,3,13),(9277,258,6,37,1,14),(9278,259,17,37,2,14),(9279,253,5,35,45,14),(9280,254,10,35,6,14),(9281,255,12,35,44,14),(9282,235,1,30,4,14),(9283,258,6,37,1,15),(9284,259,17,37,2,15),(9285,253,5,35,6,15),(9286,254,10,35,44,15),(9287,255,12,35,42,15),(9288,235,1,30,4,15),(9289,258,6,37,1,8),(9290,259,17,37,2,8),(9291,231,2,28,6,8),(9292,234,8,28,44,8),(9293,240,14,28,5,8),(9294,238,13,33,43,8),(9295,256,1,36,38,8),(9296,257,3,36,40,8),(9297,232,4,29,41,8),(9298,233,15,29,3,8),(9299,258,6,37,1,9),(9300,259,17,37,2,9),(9301,231,2,28,6,9),(9302,234,8,28,44,9),(9303,240,14,28,5,9),(9304,238,13,33,43,9),(9305,256,1,36,38,9),(9306,257,3,36,40,9),(9307,232,4,29,41,9),(9308,233,15,29,3,9),(9309,258,6,37,1,10),(9310,259,17,37,2,10),(9311,231,2,28,6,10),(9312,234,8,28,44,10),(9313,240,14,28,5,10),(9314,238,13,33,43,10),(9315,256,1,36,38,10),(9316,257,3,36,40,10),(9317,232,4,29,41,10),(9318,233,15,29,3,10),(9319,237,7,32,41,11),(9320,251,11,32,3,11),(9321,237,7,32,41,12),(9322,251,11,32,3,12),(9323,237,7,32,41,13),(9324,251,11,32,3,13),(9325,253,5,35,1,8),(9326,254,10,35,2,8),(9327,235,1,30,7,8),(9328,249,12,30,45,8),(9329,231,2,28,6,8),(9330,234,8,28,44,8),(9331,240,14,28,5,8),(9332,238,13,33,43,8),(9333,256,3,36,38,8),(9334,257,16,36,40,8),(9335,232,4,29,41,8),(9336,237,7,32,3,8),(9337,253,5,35,1,9),(9338,254,10,35,2,9),(9339,235,1,30,7,9),(9340,249,12,30,45,9),(9341,231,2,28,6,9),(9342,234,8,28,44,9),(9343,240,14,28,5,9),(9344,256,3,36,38,9),(9345,257,16,36,40,9),(9346,237,7,32,41,9),(9347,251,11,32,3,9),(9348,253,5,35,1,10),(9349,254,10,35,2,10),(9350,235,1,30,7,10),(9351,249,12,30,45,10),(9352,231,2,28,6,10),(9353,234,8,28,44,10),(9354,240,14,28,5,10),(9355,256,3,36,38,10),(9356,257,16,36,40,10),(9357,237,7,32,41,10),(9358,235,1,30,1,11),(9359,249,5,30,2,11),(9360,253,10,35,7,11),(9361,254,12,35,45,11),(9362,235,1,30,1,12),(9363,249,5,30,2,12),(9364,253,10,35,7,12),(9365,254,12,35,45,12),(9366,235,1,30,1,13),(9367,249,5,30,2,13),(9368,253,10,35,7,13),(9369,254,12,35,45,13),(9370,258,6,37,1,14),(9371,259,17,37,2,14),(9372,253,5,35,6,14),(9373,254,10,35,44,14),(9374,255,12,35,42,14),(9375,235,1,30,4,14),(9376,258,6,37,1,15),(9377,259,17,37,2,15),(9378,253,5,35,6,15),(9379,254,10,35,44,15),(9380,255,12,35,42,15),(9381,253,5,35,1,8),(9382,254,10,35,2,8),(9383,235,1,30,7,8),(9384,249,12,30,45,8),(9385,231,2,28,6,8),(9386,234,8,28,44,8),(9387,240,14,28,5,8),(9388,256,3,36,40,8),(9389,253,5,35,1,9),(9390,254,10,35,2,9),(9391,235,1,30,7,9),(9392,249,12,30,45,9),(9393,231,2,28,6,9),(9394,234,8,28,44,9),(9395,240,14,28,5,9),(9396,256,3,36,40,9),(9397,253,5,35,1,10),(9398,254,10,35,2,10),(9399,235,1,30,7,10),(9400,255,12,35,45,10),(9401,231,2,28,6,10),(9402,234,8,28,44,10),(9403,240,14,28,5,10),(9404,256,3,36,40,10),(9405,235,1,30,1,11),(9406,249,5,30,2,11),(9407,253,10,35,7,11),(9408,254,12,35,45,11),(9409,235,1,30,1,12),(9410,249,5,30,2,12),(9411,253,10,35,7,12),(9412,254,12,35,45,12),(9413,235,1,30,1,13),(9414,249,5,30,2,13),(9415,253,10,35,7,13),(9416,254,12,35,6,13),(9417,258,6,37,1,14),(9418,259,17,37,2,14),(9419,253,5,35,44,14),(9420,254,10,35,6,14),(9421,255,12,35,42,14),(9422,258,6,37,1,15),(9423,259,17,37,2,15),(9424,253,5,35,44,15),(9425,254,10,35,6,15),(9426,255,12,35,4,15),(9427,253,5,35,1,8),(9428,254,10,35,2,8),(9429,255,12,35,7,8),(9430,256,1,36,40,8),(9431,253,5,35,1,9),(9432,254,10,35,2,9),(9433,255,12,35,45,9),(9434,256,1,36,40,9),(9435,253,5,35,1,10),(9436,254,10,35,2,10),(9437,255,12,35,7,10),(9438,256,1,36,40,10),(9439,235,1,30,1,11),(9440,249,5,30,2,11),(9441,253,10,35,45,11),(9442,254,12,35,7,11),(9443,235,1,30,1,12),(9444,249,5,30,2,12),(9445,253,10,35,45,12),(9446,254,12,35,44,12),(9447,235,1,30,1,13),(9448,249,5,30,2,13),(9449,253,10,35,6,13),(9450,254,12,35,44,13),(9451,258,6,37,1,14),(9452,259,17,37,2,14),(9453,253,5,35,6,14),(9454,254,10,35,44,14),(9455,255,12,35,42,14),(9456,258,6,37,1,15),(9457,259,17,37,2,15),(9458,253,5,35,6,15),(9459,254,10,35,4,15),(9460,255,12,35,42,15),(9461,253,5,35,1,8),(9462,254,10,35,2,8),(9463,255,12,35,7,8),(9464,231,2,28,44,8),(9465,234,8,28,6,8),(9466,240,14,28,5,8),(9467,253,5,35,1,9),(9468,254,10,35,2,9),(9469,255,12,35,45,9),(9470,231,2,28,44,9),(9471,234,8,28,6,9),(9472,240,14,28,5,9),(9473,253,5,35,1,10),(9474,254,10,35,2,10),(9475,255,12,35,7,10),(9476,231,2,28,44,10),(9477,234,8,28,6,10),(9478,240,14,28,5,10),(9479,235,1,30,1,11),(9480,249,5,30,2,11),(9481,253,10,35,45,11),(9482,254,12,35,7,11),(9483,235,1,30,1,12),(9484,249,5,30,2,12),(9485,253,10,35,45,12),(9486,254,12,35,44,12),(9487,235,1,30,1,13),(9488,249,5,30,2,13),(9489,253,10,35,4,13),(9490,254,12,35,42,13),(9491,258,6,37,1,14),(9492,259,17,37,2,14),(9493,253,5,35,6,14),(9494,254,10,35,44,14),(9495,255,12,35,4,14),(9496,258,6,37,1,15),(9497,259,17,37,2,15),(9498,253,5,35,42,15),(9499,254,10,35,6,15),(9500,255,12,35,44,15),(9501,253,5,35,1,8),(9502,254,10,35,2,8),(9503,255,12,35,7,8),(9504,231,2,28,6,8),(9505,234,8,28,44,8),(9506,240,14,28,5,8),(9507,253,5,35,1,9),(9508,254,10,35,2,9),(9509,255,12,35,45,9),(9510,231,2,28,6,9),(9511,234,8,28,44,9),(9512,235,1,30,1,10),(9513,249,5,30,2,10),(9514,253,10,35,7,10),(9515,254,12,35,45,10),(9516,231,2,28,6,10),(9517,234,8,28,44,10),(9518,235,1,30,1,11),(9519,249,5,30,2,11),(9520,253,10,35,7,11),(9521,254,12,35,45,11),(9522,235,1,30,1,12),(9523,249,5,30,2,12),(9524,253,10,35,4,12),(9525,254,12,35,42,12),(9526,258,6,37,1,13),(9527,259,17,37,2,13),(9528,253,5,35,4,13),(9529,254,10,35,42,13),(9530,255,12,35,6,13),(9531,258,6,37,1,14),(9532,259,17,37,2,14),(9533,253,5,35,4,14),(9534,254,10,35,42,14),(9535,255,12,35,44,14),(9536,258,6,37,1,15),(9537,259,17,37,2,15),(9538,253,5,35,6,15),(9539,254,10,35,44,15),(9540,255,12,35,43,15),(9541,258,6,37,1,8),(9542,259,17,37,2,8),(9543,231,2,28,6,8),(9544,234,8,28,44,8),(9545,258,6,37,1,9),(9546,259,17,37,2,9),(9547,231,2,28,6,9),(9548,234,8,28,44,9),(9549,258,6,37,1,10),(9550,259,17,37,2,10),(9551,231,2,28,6,10),(9552,234,8,28,44,10),(9553,235,1,30,1,8),(9554,249,5,30,2,8),(9555,253,10,35,7,8),(9556,254,12,35,45,8),(9557,231,2,28,6,8),(9558,234,8,28,44,8),(9559,235,1,30,1,9),(9560,249,5,30,2,9),(9561,253,10,35,7,9),(9562,254,12,35,45,9),(9563,231,2,28,6,9),(9564,234,8,28,44,9),(9565,235,1,30,1,10),(9566,249,5,30,2,10),(9567,253,10,35,7,10),(9568,254,12,35,45,10),(9569,231,2,28,6,10),(9570,234,8,28,44,10),(9571,258,6,37,1,11),(9572,259,17,37,2,11),(9573,253,5,35,4,11),(9574,254,10,35,42,11),(9575,255,12,35,5,11),(9576,258,6,37,1,12),(9577,259,17,37,2,12),(9578,253,5,35,4,12),(9579,254,10,35,42,12),(9580,255,12,35,43,12),(9581,258,6,37,1,13),(9582,259,17,37,2,13),(9583,253,5,35,4,13),(9584,254,10,35,42,13),(9585,255,12,35,5,13),(9586,253,5,35,43,14),(9587,254,10,35,5,14),(9588,255,12,35,6,14),(9589,253,5,35,43,15),(9590,254,10,35,44,15),(9591,255,12,35,6,15),(9592,235,1,30,1,8),(9593,249,5,30,2,8),(9594,253,10,35,7,8),(9595,254,12,35,45,8),(9596,231,2,28,44,8),(9597,234,8,28,6,8),(9598,235,1,30,1,9),(9599,249,5,30,2,9),(9600,253,10,35,7,9),(9601,254,12,35,45,9),(9602,231,2,28,44,9),(9603,234,8,28,6,9),(9604,235,1,30,1,10),(9605,249,5,30,2,10),(9606,253,10,35,7,10),(9607,254,12,35,45,10),(9608,231,2,28,44,10),(9609,234,8,28,6,10),(9610,258,6,37,1,11),(9611,259,17,37,2,11),(9612,253,5,35,4,11),(9613,254,10,35,42,11),(9614,255,12,35,5,11),(9615,258,6,37,1,12),(9616,259,17,37,2,12),(9617,253,5,35,4,12),(9618,254,10,35,42,12),(9619,255,12,35,43,12),(9620,258,6,37,1,13),(9621,259,17,37,2,13),(9622,253,5,35,4,13),(9623,254,10,35,42,13),(9624,255,12,35,5,13),(9625,253,5,35,43,14),(9626,254,10,35,5,14),(9627,255,12,35,38,14),(9628,253,5,35,43,15),(9629,254,10,35,44,15),(9630,255,12,35,6,15),(9631,235,1,30,1,8),(9632,249,5,30,2,8),(9633,253,10,35,7,8),(9634,254,12,35,45,8),(9635,258,6,37,1,9),(9636,259,17,37,2,9),(9637,253,5,35,7,9),(9638,254,10,35,45,9),(9639,255,12,35,4,9),(9640,258,6,37,1,10),(9641,259,17,37,2,10),(9642,253,5,35,7,10),(9643,254,10,35,45,10),(9644,255,12,35,42,10),(9645,258,6,37,1,11),(9646,259,17,37,2,11),(9647,253,5,35,4,11),(9648,254,10,35,42,11),(9649,255,12,35,5,11),(9650,253,5,35,4,12),(9651,254,10,35,42,12),(9652,255,12,35,43,12),(9653,253,5,35,5,13),(9654,254,10,35,43,13),(9655,255,12,35,44,13),(9656,253,5,35,5,14),(9657,254,10,35,43,14),(9658,255,12,35,38,14),(9659,253,5,35,6,15),(9660,254,10,35,44,15),(9661,255,12,35,38,15),(9662,258,6,37,1,8),(9663,259,17,37,2,8),(9664,253,5,35,7,8),(9665,254,10,35,45,8),(9666,255,12,35,4,8),(9667,231,2,28,6,8),(9668,234,8,28,44,8),(9669,258,6,37,1,9),(9670,259,17,37,2,9),(9671,253,5,35,7,9),(9672,254,10,35,45,9),(9673,255,12,35,42,9),(9674,231,2,28,6,9),(9675,234,8,28,44,9),(9676,258,6,37,1,10),(9677,259,17,37,2,10),(9678,253,5,35,7,10),(9679,254,10,35,45,10),(9680,255,12,35,4,10),(9681,231,2,28,6,10),(9682,234,8,28,44,10),(9683,231,2,28,1,11),(9684,234,8,28,2,11),(9685,253,5,35,42,11),(9686,254,10,35,4,11),(9687,255,12,35,5,11),(9688,231,2,28,1,12),(9689,234,8,28,2,12),(9690,253,5,35,42,12),(9691,254,10,35,43,12),(9692,255,12,35,5,12),(9693,231,2,28,1,13),(9694,234,8,28,2,13),(9695,253,5,35,43,13),(9696,254,10,35,5,13),(9697,255,12,35,38,13),(9698,253,5,35,43,14),(9699,254,10,35,38,14),(9700,255,12,35,6,14),(9701,253,5,35,44,15),(9702,254,10,35,38,15),(9703,255,12,35,6,15),(9704,258,6,37,1,8),(9705,259,17,37,2,8),(9706,253,5,35,7,8),(9707,254,10,35,45,8),(9708,255,12,35,4,8),(9709,258,6,37,1,9),(9710,259,17,37,2,9),(9711,253,5,35,7,9),(9712,254,10,35,45,9),(9713,255,12,35,42,9),(9714,258,6,37,1,10),(9715,259,17,37,2,10),(9716,253,5,35,7,10),(9717,254,10,35,45,10),(9718,255,12,35,4,10),(9719,231,2,28,1,11),(9720,234,8,28,2,11),(9721,253,5,35,42,11),(9722,254,10,35,4,11),(9723,255,12,35,5,11),(9724,231,2,28,1,12),(9725,234,8,28,2,12),(9726,253,5,35,42,12),(9727,254,10,35,43,12),(9728,255,12,35,5,12),(9729,231,2,28,1,13),(9730,234,8,28,2,13),(9731,253,5,35,43,13),(9732,254,10,35,5,13),(9733,255,12,35,44,13),(9734,253,5,35,43,14),(9735,254,10,35,38,14),(9736,255,12,35,6,14),(9737,253,5,35,44,15),(9738,254,10,35,38,15),(9739,255,12,35,6,15),(9740,258,6,37,1,8),(9741,259,17,37,2,8),(9742,258,6,37,1,9),(9743,259,17,37,2,9),(9744,258,6,37,1,10),(9745,259,17,37,2,10),(9746,231,2,28,1,11),(9747,234,8,28,2,11),(9748,231,2,28,1,12),(9749,234,8,28,2,12),(9750,231,2,28,1,13),(9751,234,8,28,2,13),(9752,258,6,37,1,8),(9753,259,17,37,2,8),(9754,253,5,35,7,8),(9755,254,10,35,45,8),(9756,255,12,35,4,8),(9757,258,6,37,1,9),(9758,259,17,37,2,9),(9759,253,5,35,7,9),(9760,254,10,35,45,9),(9761,255,12,35,42,9),(9762,258,6,37,1,10),(9763,259,17,37,2,10),(9764,253,5,35,7,10),(9765,254,10,35,45,10),(9766,255,12,35,4,10),(9767,231,2,28,1,11),(9768,234,8,28,2,11),(9769,253,5,35,42,11),(9770,254,10,35,4,11),(9771,255,12,35,5,11),(9772,231,2,28,1,12),(9773,234,8,28,2,12),(9774,253,5,35,42,12),(9775,254,10,35,43,12),(9776,255,12,35,5,12),(9777,231,2,28,1,13),(9778,234,8,28,2,13),(9779,253,5,35,43,13),(9780,254,10,35,5,13),(9781,255,12,35,44,13),(9782,253,5,35,43,14),(9783,254,10,35,6,14),(9784,255,12,35,44,14),(9785,253,5,35,38,15),(9786,254,10,35,6,15),(9787,255,12,35,44,15),(9788,258,6,37,1,8),(9789,259,17,37,2,8),(9790,253,5,35,7,8),(9791,254,10,35,45,8),(9792,255,12,35,4,8),(9793,258,6,37,1,9),(9794,259,17,37,2,9),(9795,253,5,35,7,9),(9796,254,10,35,45,9),(9797,255,12,35,42,9),(9798,258,6,37,1,10),(9799,259,17,37,2,10),(9800,253,5,35,7,10),(9801,254,10,35,45,10),(9802,255,12,35,4,10),(9803,231,2,28,1,11),(9804,234,8,28,2,11),(9805,253,5,35,42,11),(9806,254,10,35,4,11),(9807,255,12,35,5,11),(9808,231,2,28,1,12),(9809,234,8,28,2,12),(9810,253,5,35,42,12),(9811,254,10,35,43,12),(9812,255,12,35,5,12),(9813,231,2,28,1,13),(9814,234,8,28,2,13),(9815,253,5,35,43,13),(9816,254,10,35,5,13),(9817,255,12,35,38,13),(9818,253,5,35,43,14),(9819,254,10,35,6,14),(9820,255,12,35,44,14),(9821,253,5,35,38,15),(9822,254,10,35,6,15),(9823,255,12,35,44,15),(9824,258,6,37,1,8),(9825,259,17,37,2,8),(9826,253,5,35,7,8),(9827,254,10,35,45,8),(9828,255,12,35,4,8),(9829,258,6,37,1,9),(9830,259,17,37,2,9),(9831,253,5,35,7,9),(9832,254,10,35,45,9),(9833,255,12,35,42,9),(9834,258,6,37,1,10),(9835,259,17,37,2,10),(9836,253,5,35,7,10),(9837,254,10,35,45,10),(9838,255,12,35,4,10),(9839,253,5,35,42,11),(9840,254,10,35,4,11),(9841,255,12,35,5,11),(9842,253,5,35,42,12),(9843,254,10,35,43,12),(9844,255,12,35,5,12),(9845,253,5,35,43,13),(9846,254,10,35,5,13),(9847,255,12,35,38,13),(9848,253,5,35,43,14),(9849,254,10,35,6,14),(9850,255,12,35,44,14),(9851,253,5,35,6,15),(9852,254,10,35,44,15),(9853,255,12,35,38,15),(9854,258,6,37,1,8),(9855,259,17,37,2,8),(9856,253,5,35,7,8),(9857,254,10,35,45,8),(9858,255,12,35,4,8),(9859,258,6,37,1,9),(9860,259,17,37,2,9),(9861,253,5,35,7,9),(9862,254,10,35,45,9),(9863,255,12,35,42,9),(9864,258,6,37,1,10),(9865,259,17,37,2,10),(9866,253,5,35,7,10),(9867,254,10,35,45,10),(9868,255,12,35,4,10),(9869,231,2,28,1,11),(9870,234,8,28,2,11),(9871,253,5,35,42,11),(9872,254,10,35,5,11),(9873,255,12,35,43,11),(9874,231,2,28,1,12),(9875,234,8,28,2,12),(9876,253,5,35,4,12),(9877,254,10,35,42,12),(9878,255,12,35,5,12),(9879,231,2,28,1,13),(9880,234,8,28,2,13),(9881,253,5,35,43,13),(9882,254,10,35,6,13),(9883,255,12,35,44,13),(9884,253,5,35,5,14),(9885,254,10,35,43,14),(9886,255,12,35,40,14),(9887,253,5,35,38,15),(9888,254,10,35,6,15),(9889,255,12,35,44,15),(9890,258,6,37,1,8),(9891,259,17,37,2,8),(9892,253,5,35,7,8),(9893,254,10,35,45,8),(9894,255,12,35,4,8),(9895,258,6,37,1,9),(9896,259,17,37,2,9),(9897,253,5,35,7,9),(9898,254,10,35,45,9),(9899,255,12,35,42,9),(9900,258,6,37,1,10),(9901,259,17,37,2,10),(9902,253,5,35,7,10),(9903,254,10,35,45,10),(9904,255,12,35,4,10),(9905,231,2,28,1,11),(9906,234,8,28,2,11),(9907,253,5,35,42,11),(9908,254,10,35,5,11),(9909,255,12,35,43,11),(9910,231,2,28,1,12),(9911,234,8,28,2,12),(9912,253,5,35,4,12),(9913,254,10,35,40,12),(9914,255,12,35,42,12),(9915,231,2,28,1,13),(9916,234,8,28,2,13),(9917,253,5,35,38,13),(9918,254,10,35,6,13),(9919,255,12,35,44,13),(9920,253,5,35,5,14),(9921,254,10,35,43,14),(9922,255,12,35,6,14),(9923,253,5,35,5,15),(9924,254,10,35,43,15),(9925,255,12,35,44,15),(9926,258,6,37,1,8),(9927,259,17,37,2,8),(9928,258,6,37,1,9),(9929,259,17,37,2,9),(9930,258,6,37,1,10),(9931,259,17,37,2,10),(9932,231,2,28,1,11),(9933,234,8,28,2,11),(9934,231,2,28,1,12),(9935,234,8,28,2,12),(9936,231,2,28,1,13),(9937,234,8,28,2,13),(9938,253,5,35,7,8),(9939,254,10,35,45,8),(9940,258,6,37,1,8),(9941,259,17,37,2,8),(9942,255,12,35,4,8),(9943,253,5,35,7,9),(9944,254,10,35,45,9),(9945,258,6,37,1,9),(9946,259,17,37,2,9),(9947,255,12,35,42,9),(9948,253,5,35,7,10),(9949,254,10,35,45,10),(9950,258,6,37,1,10),(9951,259,17,37,2,10),(9952,255,12,35,40,10),(9953,231,2,28,1,11),(9954,234,8,28,2,11),(9955,253,5,35,38,11),(9956,254,10,35,4,11),(9957,255,12,35,42,11),(9958,231,2,28,1,12),(9959,234,8,28,2,12),(9960,253,5,35,5,12),(9961,254,10,35,43,12),(9962,255,12,35,6,12),(9963,231,2,28,1,13),(9964,234,8,28,2,13),(9965,253,5,35,44,13),(9966,254,10,35,40,13),(9967,255,12,35,38,13),(9968,253,5,35,5,14),(9969,254,10,35,43,14),(9970,255,12,35,4,14),(9971,253,5,35,42,15),(9972,254,10,35,6,15),(9973,255,12,35,44,15),(9974,253,5,35,7,8),(9975,254,10,35,45,8),(9976,258,6,37,1,8),(9977,259,17,37,2,8),(9978,255,12,35,40,8),(9979,253,5,35,7,9),(9980,254,10,35,45,9),(9981,258,6,37,1,9),(9982,259,17,37,2,9),(9983,255,12,35,38,9),(9984,253,5,35,7,10),(9985,254,10,35,45,10),(9986,258,6,37,1,10),(9987,259,17,37,2,10),(9988,255,12,35,5,10),(9989,231,2,28,1,11),(9990,234,8,28,2,11),(9991,253,5,35,43,11),(9992,254,10,35,4,11),(9993,255,12,35,42,11),(9994,231,2,28,1,12),(9995,234,8,28,2,12),(9996,253,5,35,6,12),(9997,254,10,35,44,12),(9998,255,12,35,5,12),(9999,231,2,28,1,13),(10000,234,8,28,2,13),(10001,253,5,35,43,13),(10002,254,10,35,4,13),(10003,255,12,35,40,13),(10004,253,5,35,42,14),(10005,254,10,35,38,14),(10006,255,12,35,6,14),(10007,253,5,35,44,15),(10008,254,10,35,5,15),(10009,255,12,35,43,15),(10010,253,5,35,7,8),(10011,254,10,35,45,8),(10012,258,6,37,1,8),(10013,259,17,37,2,8),(10014,255,12,35,4,8),(10015,253,5,35,7,9),(10016,254,10,35,45,9),(10017,258,6,37,1,9),(10018,259,17,37,2,9),(10019,255,12,35,42,9),(10020,253,5,35,7,10),(10021,254,10,35,45,10),(10022,258,6,37,1,10),(10023,259,17,37,2,10),(10024,255,12,35,6,10),(10025,253,5,35,44,11),(10026,254,10,35,40,11),(10027,255,12,35,38,11),(10028,253,5,35,5,12),(10029,254,10,35,43,12),(10030,255,12,35,4,12),(10031,253,5,35,42,13),(10032,254,10,35,6,13),(10033,255,12,35,44,13),(10034,253,5,35,5,14),(10035,254,10,35,43,14),(10036,255,12,35,40,14),(10037,253,5,35,38,15),(10038,254,10,35,4,15),(10039,255,12,35,42,15),(10040,253,5,35,7,8),(10041,254,10,35,45,8),(10042,258,6,37,1,8),(10043,259,17,37,2,8),(10044,255,12,35,6,8),(10045,253,5,35,7,9),(10046,254,10,35,45,9),(10047,258,6,37,1,9),(10048,259,17,37,2,9),(10049,255,12,35,44,9),(10050,253,5,35,7,10),(10051,254,10,35,45,10),(10052,231,2,28,1,10),(10053,234,8,28,2,10),(10054,255,12,35,5,10),(10055,231,2,28,1,11),(10056,234,8,28,2,11),(10057,253,5,35,43,11),(10058,254,10,35,40,11),(10059,255,12,35,38,11),(10060,231,2,28,1,12),(10061,234,8,28,2,12),(10062,253,5,35,4,12),(10063,254,10,35,42,12),(10064,255,12,35,6,12),(10065,253,5,35,44,13),(10066,254,10,35,5,13),(10067,255,12,35,43,13),(10068,253,5,35,7,8),(10069,254,10,35,45,8),(10070,231,2,28,1,8),(10071,234,8,28,2,8),(10072,253,5,35,7,9),(10073,254,10,35,45,9),(10074,231,2,28,1,9),(10075,234,8,28,2,9),(10076,253,5,35,7,10),(10077,254,10,35,45,10),(10078,231,2,28,1,10),(10079,234,8,28,2,10),(10080,231,2,28,1,8),(10081,234,8,28,2,8),(10082,231,2,28,1,9),(10083,234,8,28,2,9),(10084,231,2,28,1,10),(10085,234,8,28,2,10),(10086,253,5,35,7,8),(10087,254,10,35,45,8),(10088,231,2,28,1,8),(10089,234,8,28,2,8),(10090,253,5,35,7,9),(10091,254,10,35,45,9),(10092,231,2,28,1,9),(10093,234,8,28,2,9),(10094,253,5,35,7,10),(10095,254,10,35,45,10),(10096,231,2,28,1,10),(10097,234,8,28,2,10),(10098,253,5,35,7,8),(10099,254,10,35,45,8),(10100,231,2,28,1,8),(10101,234,8,28,2,8),(10102,253,5,35,7,9),(10103,254,10,35,45,9),(10104,231,2,28,1,9),(10105,234,8,28,2,9),(10106,253,5,35,7,10),(10107,254,10,35,45,10),(10108,231,2,28,1,10),(10109,234,8,28,2,10),(10110,253,5,35,7,8),(10111,254,10,35,45,8),(10112,253,5,35,7,9),(10113,254,10,35,45,9),(10114,253,5,35,7,10),(10115,254,10,35,45,10),(10116,253,5,35,7,8),(10117,254,10,35,45,8),(10118,231,2,28,1,8),(10119,234,8,28,2,8),(10120,253,5,35,7,9),(10121,254,10,35,45,9),(10122,231,2,28,1,9),(10123,234,8,28,2,9),(10124,253,5,35,7,10),(10125,254,10,35,45,10),(10126,231,2,28,1,10),(10127,234,8,28,2,10),(10128,253,5,35,7,8),(10129,254,10,35,45,8),(10130,231,2,28,1,8),(10131,234,8,28,2,8),(10132,253,5,35,7,9),(10133,254,10,35,45,9),(10134,231,2,28,1,9),(10135,234,8,28,2,9),(10136,253,5,35,7,10),(10137,254,10,35,45,10),(10138,231,2,28,1,10),(10139,234,8,28,2,10),(10140,231,2,28,1,8),(10141,234,8,28,2,8),(10142,231,2,28,1,9),(10143,234,8,28,2,9),(10144,231,2,28,1,10),(10145,234,8,28,2,10),(10146,253,5,35,7,8),(10147,254,10,35,45,8),(10148,231,2,28,1,8),(10149,234,8,28,2,8),(10150,253,5,35,7,9),(10151,254,10,35,45,9),(10152,231,2,28,1,9),(10153,234,8,28,2,9),(10154,253,5,35,7,10),(10155,254,10,35,45,10),(10156,231,2,28,1,10),(10157,234,8,28,2,10),(10158,253,5,35,7,8),(10159,254,10,35,45,8),(10160,231,2,28,1,8),(10161,234,8,28,2,8),(10162,253,5,35,7,9),(10163,254,10,35,45,9),(10164,231,2,28,1,9),(10165,234,8,28,2,9),(10166,253,5,35,7,10),(10167,254,10,35,45,10),(10168,231,2,28,1,10),(10169,234,8,28,2,10),(10170,253,5,35,7,8),(10171,254,10,35,45,8),(10172,231,2,28,1,8),(10173,234,8,28,2,8);
/*!40000 ALTER TABLE `lessons` ENABLE KEYS */;
UNLOCK TABLES;

--
-- Table structure for table `pairs`
--

DROP TABLE IF EXISTS `pairs`;
/*!40101 SET @saved_cs_client     = @@character_set_client */;
/*!40101 SET character_set_client = utf8 */;
CREATE TABLE `pairs` (
  `id` int(11) NOT NULL AUTO_INCREMENT,
  `title` varchar(20) COLLATE utf8_unicode_ci NOT NULL,
  `beginning_of_period` time NOT NULL,
  `end_of_period` time NOT NULL,
  PRIMARY KEY (`id`)
) ENGINE=InnoDB AUTO_INCREMENT=16 DEFAULT CHARSET=utf8 COLLATE=utf8_unicode_ci;
/*!40101 SET character_set_client = @saved_cs_client */;

--
-- Dumping data for table `pairs`
--

LOCK TABLES `pairs` WRITE;
/*!40000 ALTER TABLE `pairs` DISABLE KEYS */;
INSERT INTO `pairs` VALUES (8,'Первый урок','08:00:00','08:45:00'),(9,'Второй урок','08:45:00','09:30:00'),(10,'Третий урок','09:40:00','10:25:00'),(11,'Четвертый урок','10:30:00','11:10:00'),(12,'Пятый урок','11:30:00','12:15:00'),(13,'Шестой урок','12:15:00','13:00:00'),(14,'Седьмой урок','13:10:00','13:55:00'),(15,'Восьмой урок','13:55:00','14:40:00');
/*!40000 ALTER TABLE `pairs` ENABLE KEYS */;
UNLOCK TABLES;

--
-- Table structure for table `schedules_lessons`
--

DROP TABLE IF EXISTS `schedules_lessons`;
/*!40101 SET @saved_cs_client     = @@character_set_client */;
/*!40101 SET character_set_client = utf8 */;
CREATE TABLE `schedules_lessons` (
  `id` int(11) NOT NULL AUTO_INCREMENT,
  `day_id` int(11) NOT NULL,
  `lesson_id` int(11) NOT NULL,
  PRIMARY KEY (`id`),
  UNIQUE KEY `day_id` (`day_id`,`lesson_id`)
) ENGINE=InnoDB DEFAULT CHARSET=utf8 COLLATE=utf8_unicode_ci;
/*!40101 SET character_set_client = @saved_cs_client */;

--
-- Dumping data for table `schedules_lessons`
--

LOCK TABLES `schedules_lessons` WRITE;
/*!40000 ALTER TABLE `schedules_lessons` DISABLE KEYS */;
/*!40000 ALTER TABLE `schedules_lessons` ENABLE KEYS */;
UNLOCK TABLES;

--
-- Table structure for table `social_users`
--

DROP TABLE IF EXISTS `social_users`;
/*!40101 SET @saved_cs_client     = @@character_set_client */;
/*!40101 SET character_set_client = utf8 */;
CREATE TABLE `social_users` (
  `id` int(11) NOT NULL AUTO_INCREMENT,
  `name` varchar(72) COLLATE utf8_unicode_ci NOT NULL,
  `via` varchar(5) COLLATE utf8_unicode_ci NOT NULL,
  `uid` varchar(20) COLLATE utf8_unicode_ci NOT NULL,
  `user_id` int(11) NOT NULL,
  PRIMARY KEY (`id`),
  KEY `social_users_user_id_45d94f36cdf24370_fk_users_user_ptr_id` (`user_id`),
  CONSTRAINT `social_users_user_id_45d94f36cdf24370_fk_users_user_ptr_id` FOREIGN KEY (`user_id`) REFERENCES `users` (`user_ptr_id`)
) ENGINE=InnoDB AUTO_INCREMENT=3 DEFAULT CHARSET=utf8 COLLATE=utf8_unicode_ci;
/*!40101 SET character_set_client = @saved_cs_client */;

--
-- Dumping data for table `social_users`
--

LOCK TABLES `social_users` WRITE;
/*!40000 ALTER TABLE `social_users` DISABLE KEYS */;
INSERT INTO `social_users` VALUES (2,'Виталий Сотников','vk','274309154',266);
/*!40000 ALTER TABLE `social_users` ENABLE KEYS */;
UNLOCK TABLES;

--
-- Table structure for table `specialities`
--

DROP TABLE IF EXISTS `specialities`;
/*!40101 SET @saved_cs_client     = @@character_set_client */;
/*!40101 SET character_set_client = utf8 */;
CREATE TABLE `specialities` (
  `id` int(11) NOT NULL AUTO_INCREMENT,
  `title` varchar(50) COLLATE utf8_unicode_ci NOT NULL,
  PRIMARY KEY (`id`)
) ENGINE=InnoDB AUTO_INCREMENT=4 DEFAULT CHARSET=utf8 COLLATE=utf8_unicode_ci;
/*!40101 SET character_set_client = @saved_cs_client */;

--
-- Dumping data for table `specialities`
--

LOCK TABLES `specialities` WRITE;
/*!40000 ALTER TABLE `specialities` DISABLE KEYS */;
INSERT INTO `specialities` VALUES (1,'Повар-кондитер'),(2,'Сварщик'),(3,'Электрик');
/*!40000 ALTER TABLE `specialities` ENABLE KEYS */;
UNLOCK TABLES;

--
-- Table structure for table `specialities_courses`
--

DROP TABLE IF EXISTS `specialities_courses`;
/*!40101 SET @saved_cs_client     = @@character_set_client */;
/*!40101 SET character_set_client = utf8 */;
CREATE TABLE `specialities_courses` (
  `id` int(11) NOT NULL AUTO_INCREMENT,
  `speciality_id` int(11) NOT NULL,
  `course_id` int(11) NOT NULL,
  PRIMARY KEY (`id`),
  UNIQUE KEY `speciality_id` (`speciality_id`,`course_id`),
  KEY `timetable_spec_course_id_71d802e51be0adbc_fk_timetable_course_id` (`course_id`),
  CONSTRAINT `timetab_speciality_id_24802af661e7085_fk_timetable_speciality_id` FOREIGN KEY (`speciality_id`) REFERENCES `specialities` (`id`),
  CONSTRAINT `timetable_spec_course_id_71d802e51be0adbc_fk_timetable_course_id` FOREIGN KEY (`course_id`) REFERENCES `courses` (`id`)
) ENGINE=InnoDB AUTO_INCREMENT=8 DEFAULT CHARSET=utf8 COLLATE=utf8_unicode_ci;
/*!40101 SET character_set_client = @saved_cs_client */;

--
-- Dumping data for table `specialities_courses`
--

LOCK TABLES `specialities_courses` WRITE;
/*!40000 ALTER TABLE `specialities_courses` DISABLE KEYS */;
INSERT INTO `specialities_courses` VALUES (1,1,1),(2,1,2),(3,2,3),(4,2,4),(5,3,5),(6,3,6),(7,3,7);
/*!40000 ALTER TABLE `specialities_courses` ENABLE KEYS */;
UNLOCK TABLES;

--
-- Table structure for table `students`
--

DROP TABLE IF EXISTS `students`;
/*!40101 SET @saved_cs_client     = @@character_set_client */;
/*!40101 SET character_set_client = utf8 */;
CREATE TABLE `students` (
  `account_ptr_id` int(11) NOT NULL,
  `study_group_id` int(11) DEFAULT NULL,
  `learn_language` varchar(10) COLLATE utf8_unicode_ci DEFAULT NULL,
  `liberation` tinyint(1) DEFAULT '0',
  `orphan` tinyint(1) DEFAULT '0',
  PRIMARY KEY (`account_ptr_id`),
  KEY `students_0e939a4f` (`study_group_id`),
  CONSTRAINT `students_account_ptr_id_d6647667_fk_users_user_ptr_id` FOREIGN KEY (`account_ptr_id`) REFERENCES `users` (`user_ptr_id`),
  CONSTRAINT `study_group_id` FOREIGN KEY (`study_group_id`) REFERENCES `study_groups` (`id`)
) ENGINE=InnoDB DEFAULT CHARSET=utf8 COLLATE=utf8_unicode_ci;
/*!40101 SET character_set_client = @saved_cs_client */;

--
-- Dumping data for table `students`
--

LOCK TABLES `students` WRITE;
/*!40000 ALTER TABLE `students` DISABLE KEYS */;
INSERT INTO `students` VALUES (266,39,NULL,0,0);
/*!40000 ALTER TABLE `students` ENABLE KEYS */;
UNLOCK TABLES;

--
-- Table structure for table `students_studygroup`
--

DROP TABLE IF EXISTS `students_studygroup`;
/*!40101 SET @saved_cs_client     = @@character_set_client */;
/*!40101 SET character_set_client = utf8 */;
CREATE TABLE `students_studygroup` (
  `id` int(11) NOT NULL AUTO_INCREMENT,
  `student_id` int(11) NOT NULL,
  `studygroup_id` int(11) NOT NULL,
  `title` varchar(32) COLLATE utf8_unicode_ci DEFAULT NULL,
  PRIMARY KEY (`id`)
) ENGINE=InnoDB DEFAULT CHARSET=utf8 COLLATE=utf8_unicode_ci;
/*!40101 SET character_set_client = @saved_cs_client */;

--
-- Dumping data for table `students_studygroup`
--

LOCK TABLES `students_studygroup` WRITE;
/*!40000 ALTER TABLE `students_studygroup` DISABLE KEYS */;
/*!40000 ALTER TABLE `students_studygroup` ENABLE KEYS */;
UNLOCK TABLES;

--
-- Table structure for table `study_days`
--

DROP TABLE IF EXISTS `study_days`;
/*!40101 SET @saved_cs_client     = @@character_set_client */;
/*!40101 SET character_set_client = utf8 */;
CREATE TABLE `study_days` (
  `id` int(11) NOT NULL AUTO_INCREMENT,
  `title` varchar(20) COLLATE utf8_unicode_ci NOT NULL,
  `is_active` tinyint(1) NOT NULL,
  PRIMARY KEY (`id`)
) ENGINE=InnoDB AUTO_INCREMENT=8 DEFAULT CHARSET=utf8 COLLATE=utf8_unicode_ci;
/*!40101 SET character_set_client = @saved_cs_client */;

--
-- Dumping data for table `study_days`
--

LOCK TABLES `study_days` WRITE;
/*!40000 ALTER TABLE `study_days` DISABLE KEYS */;
INSERT INTO `study_days` VALUES (1,'Понедельник',1),(2,'Вторник',1),(3,'Среда',1),(4,'Четверг',1),(5,'Пятница',1),(6,'Суббота',1),(7,'Воскресенье',0);
/*!40000 ALTER TABLE `study_days` ENABLE KEYS */;
UNLOCK TABLES;

--
-- Table structure for table `study_groups`
--

DROP TABLE IF EXISTS `study_groups`;
/*!40101 SET @saved_cs_client     = @@character_set_client */;
/*!40101 SET character_set_client = utf8 */;
CREATE TABLE `study_groups` (
  `id` int(11) NOT NULL AUTO_INCREMENT,
  `title` varchar(10) COLLATE utf8_unicode_ci NOT NULL,
  PRIMARY KEY (`id`)
) ENGINE=InnoDB AUTO_INCREMENT=46 DEFAULT CHARSET=utf8 COLLATE=utf8_unicode_ci;
/*!40101 SET character_set_client = @saved_cs_client */;

--
-- Dumping data for table `study_groups`
--

LOCK TABLES `study_groups` WRITE;
/*!40000 ALTER TABLE `study_groups` DISABLE KEYS */;
INSERT INTO `study_groups` VALUES (1,'Альфа'),(2,'Бета'),(3,'Гамма'),(4,'Дельта'),(5,'Эпсилон'),(6,'Зета'),(7,'Тета'),(38,'Омега'),(39,'603-ИСЗ'),(40,'Каппа'),(41,'Йота'),(42,'Лямбда'),(43,'Сигма'),(44,'Тау'),(45,'Омикрон');
/*!40000 ALTER TABLE `study_groups` ENABLE KEYS */;
UNLOCK TABLES;

--
-- Table structure for table `timetables`
--

DROP TABLE IF EXISTS `timetables`;
/*!40101 SET @saved_cs_client     = @@character_set_client */;
/*!40101 SET character_set_client = utf8 */;
CREATE TABLE `timetables` (
  `id` int(11) NOT NULL AUTO_INCREMENT,
  `title` varchar(50) COLLATE utf8_unicode_ci NOT NULL,
  `beginning_of_period` date NOT NULL,
  `end_of_period` date NOT NULL,
  `segment_days` int(11) DEFAULT '7',
  `complex_pairs_in_day` int(11) DEFAULT '2',
  PRIMARY KEY (`id`)
) ENGINE=InnoDB AUTO_INCREMENT=2 DEFAULT CHARSET=utf8 COLLATE=utf8_unicode_ci;
/*!40101 SET character_set_client = @saved_cs_client */;

--
-- Dumping data for table `timetables`
--

LOCK TABLES `timetables` WRITE;
/*!40000 ALTER TABLE `timetables` DISABLE KEYS */;
INSERT INTO `timetables` VALUES (1,'Расписание на 1-ый семестр','2015-09-01','2015-12-31',7,3);
/*!40000 ALTER TABLE `timetables` ENABLE KEYS */;
UNLOCK TABLES;

--
-- Table structure for table `timetables_banned_days`
--

DROP TABLE IF EXISTS `timetables_banned_days`;
/*!40101 SET @saved_cs_client     = @@character_set_client */;
/*!40101 SET character_set_client = utf8 */;
CREATE TABLE `timetables_banned_days` (
  `id` int(11) NOT NULL AUTO_INCREMENT,
  `discipline_id` int(11) NOT NULL,
  `pair_id` int(11) NOT NULL,
  `day_id` int(11) NOT NULL,
  `timetable_id` int(11) DEFAULT NULL,
  `bannedday_id` int(11) DEFAULT NULL,
  PRIMARY KEY (`id`),
  KEY `banned_periods_discipline_2a73e9e7` (`discipline_id`),
  KEY `day_id` (`day_id`),
  KEY `pair_id` (`pair_id`),
  KEY `timetables_banned_days_timetables__fk` (`timetable_id`),
  CONSTRAINT `banned_periods__discipline_id_54b4aff0da28f267_fk_disciplines_id` FOREIGN KEY (`discipline_id`) REFERENCES `disciplines` (`id`),
  CONSTRAINT `timetables_banned_days_ibfk_1` FOREIGN KEY (`day_id`) REFERENCES `study_days` (`id`),
  CONSTRAINT `timetables_banned_days_ibfk_2` FOREIGN KEY (`pair_id`) REFERENCES `pairs` (`id`),
  CONSTRAINT `timetables_banned_days_timetables__fk` FOREIGN KEY (`timetable_id`) REFERENCES `timetables` (`id`)
) ENGINE=InnoDB AUTO_INCREMENT=4 DEFAULT CHARSET=utf8 COLLATE=utf8_unicode_ci;
/*!40101 SET character_set_client = @saved_cs_client */;

--
-- Dumping data for table `timetables_banned_days`
--

LOCK TABLES `timetables_banned_days` WRITE;
/*!40000 ALTER TABLE `timetables_banned_days` DISABLE KEYS */;
INSERT INTO `timetables_banned_days` VALUES (1,0,0,0,1,2),(2,0,0,0,1,3),(3,0,0,0,1,4);
/*!40000 ALTER TABLE `timetables_banned_days` ENABLE KEYS */;
UNLOCK TABLES;

--
-- Table structure for table `timetables_days`
--

DROP TABLE IF EXISTS `timetables_days`;
/*!40101 SET @saved_cs_client     = @@character_set_client */;
/*!40101 SET character_set_client = utf8 */;
CREATE TABLE `timetables_days` (
  `id` int(11) NOT NULL AUTO_INCREMENT,
  `timetable_id` int(11) NOT NULL,
  `day_id` int(11) NOT NULL,
  PRIMARY KEY (`id`),
  UNIQUE KEY `timetable_id` (`timetable_id`,`day_id`),
  KEY `timetables_days_day_id_6c49929889827e1a_fk_timetable_day_id` (`day_id`),
  CONSTRAINT `timetables_days_day_id_6c49929889827e1a_fk_timetable_day_id` FOREIGN KEY (`day_id`) REFERENCES `days` (`id`),
  CONSTRAINT `timetables_days_timetable_id_1b393e77c8df11b6_fk_timetables_id` FOREIGN KEY (`timetable_id`) REFERENCES `timetables` (`id`)
) ENGINE=InnoDB AUTO_INCREMENT=383 DEFAULT CHARSET=utf8 COLLATE=utf8_unicode_ci;
/*!40101 SET character_set_client = @saved_cs_client */;

--
-- Dumping data for table `timetables_days`
--

LOCK TABLES `timetables_days` WRITE;
/*!40000 ALTER TABLE `timetables_days` DISABLE KEYS */;
INSERT INTO `timetables_days` VALUES (324,1,324),(325,1,325),(326,1,326),(327,1,327),(328,1,328),(329,1,329),(330,1,330),(331,1,331),(332,1,332),(333,1,333),(334,1,334),(335,1,335),(336,1,336),(337,1,337),(338,1,338),(339,1,339),(340,1,340),(341,1,341),(342,1,342),(343,1,343),(344,1,344),(345,1,345),(346,1,346),(347,1,347),(348,1,348),(349,1,349),(350,1,350),(351,1,351),(352,1,352),(353,1,353),(354,1,354),(355,1,355),(356,1,356),(357,1,357),(358,1,358),(359,1,359),(360,1,360),(361,1,361),(362,1,362),(363,1,363),(364,1,364),(365,1,365),(366,1,366),(367,1,367),(368,1,368),(369,1,369),(370,1,370),(371,1,371),(372,1,372),(373,1,373),(374,1,374),(375,1,375),(376,1,376),(377,1,377),(378,1,378),(379,1,379),(380,1,380),(381,1,381),(382,1,382);
/*!40000 ALTER TABLE `timetables_days` ENABLE KEYS */;
UNLOCK TABLES;

--
-- Table structure for table `timetables_disciplines`
--

DROP TABLE IF EXISTS `timetables_disciplines`;
/*!40101 SET @saved_cs_client     = @@character_set_client */;
/*!40101 SET character_set_client = utf8 */;
CREATE TABLE `timetables_disciplines` (
  `id` int(11) NOT NULL AUTO_INCREMENT,
  `timetable_id` int(11) NOT NULL,
  `discipline_id` int(11) NOT NULL,
  PRIMARY KEY (`id`),
  UNIQUE KEY `timetable_id` (`timetable_id`,`discipline_id`),
  KEY `timetables_disciplines_60c87e86` (`timetable_id`),
  KEY `timetables_disciplines_e4266bb0` (`discipline_id`),
  CONSTRAINT `discipline_id_refs_id_a3e78653` FOREIGN KEY (`discipline_id`) REFERENCES `disciplines` (`id`),
  CONSTRAINT `timetable_id_refs_id_01962cf4` FOREIGN KEY (`timetable_id`) REFERENCES `timetables` (`id`)
) ENGINE=InnoDB AUTO_INCREMENT=12 DEFAULT CHARSET=utf8 COLLATE=utf8_unicode_ci;
/*!40101 SET character_set_client = @saved_cs_client */;

--
-- Dumping data for table `timetables_disciplines`
--

LOCK TABLES `timetables_disciplines` WRITE;
/*!40000 ALTER TABLE `timetables_disciplines` DISABLE KEYS */;
INSERT INTO `timetables_disciplines` VALUES (1,1,28),(2,1,29),(3,1,30),(4,1,31),(5,1,32),(6,1,33),(7,1,34),(8,1,35),(9,1,36),(10,1,37),(11,1,38);
/*!40000 ALTER TABLE `timetables_disciplines` ENABLE KEYS */;
UNLOCK TABLES;

--
-- Table structure for table `timetables_ignored_days`
--

DROP TABLE IF EXISTS `timetables_ignored_days`;
/*!40101 SET @saved_cs_client     = @@character_set_client */;
/*!40101 SET character_set_client = utf8 */;
CREATE TABLE `timetables_ignored_days` (
  `id` int(11) NOT NULL AUTO_INCREMENT,
  `timetable_id` int(11) NOT NULL,
  `ignoredday_id` int(11) NOT NULL,
  PRIMARY KEY (`id`),
  UNIQUE KEY `timetable_id` (`timetable_id`,`ignoredday_id`),
  KEY `timetables_ignor_ignoredday_id_14be40e41fb40a_fk_ignored_days_id` (`ignoredday_id`),
  CONSTRAINT `timetables_ignor_ignoredday_id_14be40e41fb40a_fk_ignored_days_id` FOREIGN KEY (`ignoredday_id`) REFERENCES `ignored_days` (`id`),
  CONSTRAINT `timetables_ignore_timetable_id_1966dddeab574887_fk_timetables_id` FOREIGN KEY (`timetable_id`) REFERENCES `timetables` (`id`)
) ENGINE=InnoDB AUTO_INCREMENT=4 DEFAULT CHARSET=utf8 COLLATE=utf8_unicode_ci;
/*!40101 SET character_set_client = @saved_cs_client */;

--
-- Dumping data for table `timetables_ignored_days`
--

LOCK TABLES `timetables_ignored_days` WRITE;
/*!40000 ALTER TABLE `timetables_ignored_days` DISABLE KEYS */;
INSERT INTO `timetables_ignored_days` VALUES (1,1,1),(2,1,2),(3,1,3);
/*!40000 ALTER TABLE `timetables_ignored_days` ENABLE KEYS */;
UNLOCK TABLES;

--
-- Table structure for table `timetables_pairs`
--

DROP TABLE IF EXISTS `timetables_pairs`;
/*!40101 SET @saved_cs_client     = @@character_set_client */;
/*!40101 SET character_set_client = utf8 */;
CREATE TABLE `timetables_pairs` (
  `id` int(11) NOT NULL AUTO_INCREMENT,
  `timetable_id` int(11) NOT NULL,
  `pair_id` int(11) NOT NULL,
  PRIMARY KEY (`id`),
  UNIQUE KEY `timetable_id` (`timetable_id`,`pair_id`),
  KEY `timetables_pairs_pair_id_7a98215cef668dc9_fk_pairs_id` (`pair_id`),
  CONSTRAINT `timetables_pairs_pair_id_7a98215cef668dc9_fk_pairs_id` FOREIGN KEY (`pair_id`) REFERENCES `pairs` (`id`),
  CONSTRAINT `timetables_pairs_timetable_id_5844ee70ed9d2975_fk_timetables_id` FOREIGN KEY (`timetable_id`) REFERENCES `timetables` (`id`)
) ENGINE=InnoDB AUTO_INCREMENT=9 DEFAULT CHARSET=utf8 COLLATE=utf8_unicode_ci;
/*!40101 SET character_set_client = @saved_cs_client */;

--
-- Dumping data for table `timetables_pairs`
--

LOCK TABLES `timetables_pairs` WRITE;
/*!40000 ALTER TABLE `timetables_pairs` DISABLE KEYS */;
INSERT INTO `timetables_pairs` VALUES (1,1,8),(2,1,9),(3,1,10),(4,1,11),(5,1,12),(6,1,13),(7,1,14),(8,1,15);
/*!40000 ALTER TABLE `timetables_pairs` ENABLE KEYS */;
UNLOCK TABLES;

--
-- Table structure for table `timetables_specialities`
--

DROP TABLE IF EXISTS `timetables_specialities`;
/*!40101 SET @saved_cs_client     = @@character_set_client */;
/*!40101 SET character_set_client = utf8 */;
CREATE TABLE `timetables_specialities` (
  `id` int(11) NOT NULL AUTO_INCREMENT,
  `timetable_id` int(11) NOT NULL,
  `speciality_id` int(11) NOT NULL,
  PRIMARY KEY (`id`),
  UNIQUE KEY `timetable_id` (`timetable_id`,`speciality_id`),
  KEY `timeta_speciality_id_34b45a029901a350_fk_timetable_speciality_id` (`speciality_id`),
  CONSTRAINT `timeta_speciality_id_34b45a029901a350_fk_timetable_speciality_id` FOREIGN KEY (`speciality_id`) REFERENCES `specialities` (`id`),
  CONSTRAINT `timetables_specia_timetable_id_7e9c29c4f2251bc8_fk_timetables_id` FOREIGN KEY (`timetable_id`) REFERENCES `timetables` (`id`)
) ENGINE=InnoDB AUTO_INCREMENT=4 DEFAULT CHARSET=utf8 COLLATE=utf8_unicode_ci;
/*!40101 SET character_set_client = @saved_cs_client */;

--
-- Dumping data for table `timetables_specialities`
--

LOCK TABLES `timetables_specialities` WRITE;
/*!40000 ALTER TABLE `timetables_specialities` DISABLE KEYS */;
INSERT INTO `timetables_specialities` VALUES (1,1,1),(2,1,2),(3,1,3);
/*!40000 ALTER TABLE `timetables_specialities` ENABLE KEYS */;
UNLOCK TABLES;

--
-- Table structure for table `tutors`
--

DROP TABLE IF EXISTS `tutors`;
/*!40101 SET @saved_cs_client     = @@character_set_client */;
/*!40101 SET character_set_client = utf8 */;
CREATE TABLE `tutors` (
  `account_ptr_id` int(11) NOT NULL,
  `disciplines` varchar(30) COLLATE utf8_unicode_ci DEFAULT NULL,
  PRIMARY KEY (`account_ptr_id`),
  CONSTRAINT `tutors_account_ptr_id_7cf44fdbfed49552_fk_users_user_ptr_id` FOREIGN KEY (`account_ptr_id`) REFERENCES `users` (`user_ptr_id`)
) ENGINE=InnoDB DEFAULT CHARSET=utf8 COLLATE=utf8_unicode_ci;
/*!40101 SET character_set_client = @saved_cs_client */;

--
-- Dumping data for table `tutors`
--

LOCK TABLES `tutors` WRITE;
/*!40000 ALTER TABLE `tutors` DISABLE KEYS */;
INSERT INTO `tutors` VALUES (231,''),(232,''),(233,''),(234,''),(235,''),(236,''),(237,''),(238,''),(239,''),(240,''),(241,''),(242,''),(243,''),(244,''),(245,''),(248,''),(249,''),(250,''),(251,''),(252,''),(253,''),(254,''),(255,''),(256,''),(257,''),(258,''),(259,''),(260,''),(261,''),(262,''),(265,''),(268,''),(269,'');
/*!40000 ALTER TABLE `tutors` ENABLE KEYS */;
UNLOCK TABLES;

--
-- Table structure for table `users`
--

DROP TABLE IF EXISTS `users`;
/*!40101 SET @saved_cs_client     = @@character_set_client */;
/*!40101 SET character_set_client = utf8 */;
CREATE TABLE `users` (
  `user_ptr_id` int(11) NOT NULL,
  `birth_day` date NOT NULL,
  `middle_name` varchar(30) COLLATE utf8_unicode_ci NOT NULL,
  `gender` varchar(1) COLLATE utf8_unicode_ci NOT NULL,
  `passport_number` varchar(10) COLLATE utf8_unicode_ci NOT NULL,
  `registration` varchar(200) COLLATE utf8_unicode_ci NOT NULL,
  PRIMARY KEY (`user_ptr_id`),
  CONSTRAINT `users_user_ptr_id_2dfda47d4bafd6da_fk_auth_user_id` FOREIGN KEY (`user_ptr_id`) REFERENCES `auth_user` (`id`)
) ENGINE=InnoDB DEFAULT CHARSET=utf8 COLLATE=utf8_unicode_ci;
/*!40101 SET character_set_client = @saved_cs_client */;

--
-- Dumping data for table `users`
--

LOCK TABLES `users` WRITE;
/*!40000 ALTER TABLE `users` DISABLE KEYS */;
INSERT INTO `users` VALUES (231,'2016-02-22','Поликарпович','','',''),(232,'2016-02-22','Петрович','','',''),(233,'2016-02-22','Кузьмич','','',''),(234,'2016-02-22','Семёнович','','',''),(235,'2016-02-22','Дмитриевна','','',''),(236,'2016-02-22','Владимирович','','',''),(237,'2016-02-22','Владимировна','','',''),(238,'2016-02-22','Олегович','','',''),(239,'2016-02-22','Афанасьевич','','',''),(240,'2016-03-06','Фёдорович','','',''),(241,'2016-03-06','Васильевич','','',''),(242,'2016-03-06','Владимирович','','',''),(243,'2016-03-06','Сергеевич','','',''),(244,'2016-03-06','Афанасьевич','','',''),(245,'2016-03-06','Леонидовна','','',''),(248,'2016-03-06','Владимирович','','',''),(249,'2016-03-06','Кузьмич','','',''),(250,'2016-03-06','Александрович','','',''),(251,'2016-03-06','Владимирович','','',''),(252,'2016-03-06','Семёнович','','',''),(253,'2016-03-06','Поликарповна','','',''),(254,'2016-03-06','Олегович','','',''),(255,'2016-03-06','Николаевич','','',''),(256,'2016-03-06','Кузьмич','','',''),(257,'2016-03-06','Иванович','','',''),(258,'2016-03-06','Владимировна','','',''),(259,'2016-03-06','Рафитович','','',''),(260,'2016-03-06','Петрович','','',''),(261,'2016-03-06','Иванович','','',''),(262,'2016-03-06','Петрович','','',''),(265,'2016-03-06','Владимировна','','',''),(266,'2016-05-08','','','',''),(268,'2016-05-08','Иванович','','',''),(269,'2016-05-08','Александрович','','','');
/*!40000 ALTER TABLE `users` ENABLE KEYS */;
UNLOCK TABLES;
/*!40103 SET TIME_ZONE=@OLD_TIME_ZONE */;

/*!40101 SET SQL_MODE=@OLD_SQL_MODE */;
/*!40014 SET FOREIGN_KEY_CHECKS=@OLD_FOREIGN_KEY_CHECKS */;
/*!40014 SET UNIQUE_CHECKS=@OLD_UNIQUE_CHECKS */;
/*!40101 SET CHARACTER_SET_CLIENT=@OLD_CHARACTER_SET_CLIENT */;
/*!40101 SET CHARACTER_SET_RESULTS=@OLD_CHARACTER_SET_RESULTS */;
/*!40101 SET COLLATION_CONNECTION=@OLD_COLLATION_CONNECTION */;
/*!40111 SET SQL_NOTES=@OLD_SQL_NOTES */;

-- Dump completed on 2016-06-05 12:31:42
